5024
1
pick 1 1
3
1 1
8 8
10 10
0
3
1 11
8 18
10 20
3
pick 2 5
pick 3 7
pick 4 9
6
1 21
2 2
3 3
4 4
8 28
10 30
3
pick 5 11
pick 6 12
pick 7 13
9
1 31
2 12
3 13
4 14
5 5
6 6
7 7
8 103
10 40
2
pick 8 15
pick 9 17
10
1 41
2 22
3 23
4 24
5 15
6 16
7 17
8 28
9 9
10 104
1
pick 10 8
10
1 51
2 32
3 103
4 34
5 25
6 26
7 27
8 18
9 19
10 40
1
drop 3 7
10
1 106
2 42
3 23
4 44
5 35
6 36
7 37
8 8
9 29
10 30
2
drop 1 1
pick 1 2
10
1 51
2 52
3 13
4 54
5 45
6 104
7 47
8 101
9 39
10 20
3
drop 6 12
drop 8 15
pick 8 22
9
1 61
2 62
3 3
4 64
5 55
7 57
8 8
9 49
10 10
0
9
1 71
2 72
3 101
4 74
5 65
7 67
8 18
9 59
10 101
3
drop 10 8
pick 3 20
pick 10 24
9
1 108
2 82
3 3
4 108
5 75
7 77
8 28
9 69
10 10
3
drop 1 2
drop 4 9
pick 6 27
10
1 71
2 109
3 13
4 74
5 85
6 36
7 108
8 38
9 79
10 20
3
drop 2 5
drop 7 13
pick 2 18
10
1 61
2 82
3 23
4 84
5 95
6 26
7 77
8 48
9 89
10 102
1
drop 10 24
10
1 107
2 72
3 33
4 109
5 110
6 16
7 67
8 58
9 109
10 20
6
drop 5 11
drop 9 17
pick 1 3
pick 4 16
pick 5 14
pick 5 23
9
1 61
2 62
3 43
4 84
5 95
6 6
7 57
8 68
10 10
0
9
1 51
2 52
3 53
4 74
5 85
6 101
7 106
8 78
10 101
8
drop 6 27
pick 6 29
pick 7 4
pick 7 6
pick 7 19
pick 7 25
pick 9 33
pick 10 26
10
1 106
2 42
3 63
4 64
5 75
6 6
7 57
8 108
9 89
10 10
3
drop 1 3
drop 8 22
pick 1 10
10
1 51
2 32
3 107
4 54
5 65
6 16
7 47
8 78
9 79
10 20
1
drop 3 20
10
1 41
2 22
3 63
4 44
5 55
6 26
7 37
8 68
9 69
10 30
0
10
1 31
2 12
3 53
4 34
5 45
6 36
7 27
8 107
9 59
10 103
4
drop 10 26
pick 8 39
pick 10 28
pick 10 37
10
1 21
2 2
3 106
4 24
5 35
6 46
7 17
8 68
9 49
10 30
1
pick 3 43
10
1 11
2 101
3 53
4 14
5 25
6 105
7 7
8 78
9 39
10 20
5
drop 2 18
drop 6 29
pick 2 30
pick 2 42
pick 2 46
9
1 102
2 2
3 43
4 4
5 15
7 101
8 88
9 29
10 10
7
drop 1 10
drop 7 4
drop 7 6
drop 7 19
drop 7 25
pick 7 32
pick 7 36
9
1 11
2 12
3 33
4 101
5 5
7 7
8 109
9 19
10 101
9
drop 4 16
drop 8 39
drop 10 28
drop 10 37
pick 4 35
pick 4 40
pick 4 47
pick 6 49
pick 8 41
9
1 1
2 22
3 23
4 4
5 101
6 46
7 17
8 88
9 9
2
drop 5 14
drop 5 23
8
1 101
2 32
3 13
4 14
6 36
7 27
8 78
9 101
2
drop 9 33
pick 1 31
7
1 1
2 42
3 3
4 24
6 26
7 37
8 68
2
pick 5 56
pick 10 55
9
1 11
2 52
3 101
4 34
5 5
6 16
7 47
8 58
10 10
2
drop 3 43
pick 9 58
9
1 21
2 62
4 44
5 15
6 6
7 57
8 48
9 9
10 20
1
pick 3 59
10
1 31
2 72
3 3
4 105
5 102
6 101
7 67
8 105
9 19
10 30
11
drop 4 35
drop 4 40
drop 4 47
drop 5 56
drop 6 49
drop 8 41
pick 4 51
pick 4 52
pick 4 57
pick 6 60
pick 8 62
10
1 41
2 108
3 13
4 44
5 15
6 6
7 77
8 48
9 29
10 40
3
drop 2 30
drop 2 42
drop 2 46
10
1 51
2 72
3 23
4 34
5 25
6 16
7 87
8 58
9 39
10 50
0
10
1 61
2 62
3 33
4 24
5 103
6 26
7 109
8 68
9 49
10 60
4
drop 7 32
drop 7 36
pick 5 34
pick 7 61
10
1 71
2 107
3 104
4 14
5 25
6 36
7 87
8 78
9 59
10 70
5
drop 3 59
pick 2 44
pick 3 38
pick 3 50
pick 3 66
10
1 81
2 62
3 33
4 4
5 35
6 46
7 77
8 108
9 69
10 80
1
drop 8 62
9
1 91
2 52
3 23
4 101
5 45
6 56
7 67
9 79
10 90
6
drop 4 51
drop 4 52
drop 4 57
pick 4 65
pick 4 67
pick 8 79
10
1 110
2 42
3 13
4 4
5 55
6 66
7 57
8 78
9 89
10 109
4
drop 1 31
drop 10 55
pick 1 21
pick 10 73
10
1 91
2 32
3 3
4 14
5 65
6 76
7 47
8 68
9 109
10 90
1
drop 9 58
9
1 81
2 22
3 101
4 102
5 107
6 86
7 37
8 58
10 80
11
drop 3 38
drop 3 50
drop 3 66
drop 4 65
drop 4 67
drop 5 34
pick 3 68
pick 3 74
pick 3 81
pick 4 82
pick 5 69
9
1 71
2 12
3 3
4 14
5 65
6 109
7 104
8 48
10 70
4
drop 6 60
drop 7 61
pick 7 53
pick 9 93
10
1 61
2 2
3 13
4 4
5 55
6 86
7 37
8 38
9 89
10 60
0
10
1 51
2 101
3 23
4 101
5 45
6 96
7 47
8 28
9 79
10 50
5
drop 2 44
drop 4 82
pick 2 70
pick 2 97
pick 4 72
10
1 41
2 2
3 33
4 4
5 35
6 110
7 57
8 18
9 69
10 40
1
pick 6 45
10
1 31
2 12
3 43
4 14
5 104
6 96
7 67
8 8
9 59
10 30
2
drop 5 69
pick 5 71
10
1 21
2 22
3 105
4 24
5 35
6 86
7 107
8 101
9 49
10 20
10
drop 3 68
drop 3 74
drop 3 81
drop 7 53
drop 8 79
pick 3 75
pick 7 76
pick 7 85
pick 7 88
pick 8 78
10
1 103
2 103
3 43
4 34
5 45
6 76
7 67
8 8
9 39
10 10
8
drop 1 21
drop 2 70
drop 2 97
pick 1 48
pick 1 63
pick 1 64
pick 1 83
pick 1 99
10
1 21
2 22
3 53
4 44
5 105
6 108
7 57
8 18
9 29
10 101
9
drop 5 71
drop 6 45
drop 10 73
pick 5 77
pick 6 87
pick 6 92
pick 6 94
pick 10 84
pick 10 89
10
1 11
2 32
3 63
4 54
5 45
6 76
7 47
8 28
9 19
10 10
0
10
1 1
2 104
3 73
4 106
5 35
6 66
7 37
8 38
9 9
10 20
6
drop 4 72
pick 2 80
pick 2 96
pick 4 91
pick 4 104
pick 4 109
10
1 101
2 32
3 108
4 54
5 25
6 56
7 27
8 48
9 101
10 30
10
drop 1 48
drop 1 63
drop 1 64
drop 1 83
drop 1 99
drop 3 75
drop 9 93
pick 1 86
pick 1 101
pick 9 90
9
1 1
2 22
4 44
5 15
6 46
7 17
8 58
9 9
10 40
1
pick 3 113
10
1 11
2 12
3 73
4 34
5 5
6 36
7 7
8 68
9 19
10 50
0
10
1 21
2 2
3 83
4 24
5 101
6 26
7 101
8 78
9 29
10 60
6
drop 5 77
drop 7 76
drop 7 85
drop 7 88
pick 5 95
pick 7 98
10
1 31
2 101
3 109
4 14
5 5
6 16
7 7
8 88
9 39
10 70
5
drop 2 80
drop 2 96
drop 3 113
pick 2 103
pick 2 118
10
1 41
2 2
3 83
4 4
5 15
6 6
7 17
8 109
9 49
10 80
1
drop 8 78
9
1 51
2 12
3 93
4 101
5 102
6 101
7 27
9 105
10 90
14
drop 4 91
drop 4 104
drop 4 109
drop 5 95
drop 6 87
drop 6 92
drop 6 94
drop 9 90
pick 4 108
pick 4 129
pick 5 102
pick 6 110
pick 9 123
pick 9 125
9
1 61
2 22
3 110
4 4
5 15
6 6
7 37
9 49
10 100
5
pick 3 54
pick 3 100
pick 3 107
pick 3 124
pick 8 131
10
1 71
2 32
3 93
4 14
5 25
6 16
7 104
8 88
9 39
10 110
6
drop 7 98
drop 10 84
drop 10 89
pick 7 114
pick 7 121
pick 10 134
10
1 108
2 42
3 83
4 24
5 35
6 26
7 37
8 78
9 29
10 100
3
drop 1 86
drop 1 101
pick 1 122
10
1 71
2 52
3 73
4 34
5 104
6 36
7 27
8 68
9 19
10 90
4
drop 5 102
pick 5 116
pick 5 120
pick 5 138
10
1 81
2 106
3 63
4 44
5 35
6 46
7 103
8 58
9 9
10 80
6
drop 2 103
drop 2 118
drop 7 114
drop 7 121
pick 2 115
pick 7 117
10
1 91
2 52
3 53
4 54
5 25
6 56
7 27
8 48
9 101
10 70
3
drop 9 123
drop 9 125
pick 9 111
10
1 110
2 42
3 43
4 64
5 15
6 66
7 37
8 38
9 9
10 60
1
drop 1 122
9
2 32
3 33
4 74
5 5
6 107
7 47
8 28
9 19
10 50
4
drop 6 110
pick 1 144
pick 6 106
pick 6 145
10
1 91
2 22
3 23
4 84
5 101
6 66
7 57
8 18
9 29
10 40
4
drop 5 116
drop 5 120
drop 5 138
pick 5 112
10
1 81
2 12
3 13
4 109
5 5
6 56
7 67
8 8
9 39
10 30
2
drop 4 108
drop 4 129
9
1 71
2 2
3 3
5 15
6 46
7 77
8 101
9 49
10 20
3
drop 8 131
pick 4 152
pick 8 126
10
1 61
2 101
3 101
4 84
5 25
6 36
7 87
8 8
9 59
10 10
8
drop 2 115
drop 3 54
drop 3 100
drop 3 107
drop 3 124
pick 2 127
pick 2 141
pick 3 130
10
1 51
2 2
3 3
4 74
5 35
6 26
7 109
8 18
9 69
10 101
3
drop 7 117
drop 10 134
pick 10 140
10
1 41
2 12
3 13
4 64
5 45
6 16
7 87
8 28
9 79
10 10
0
10
1 31
2 22
3 23
4 54
5 105
6 6
7 77
8 38
9 89
10 20
4
drop 5 112
pick 5 132
pick 5 133
pick 5 136
10
1 21
2 32
3 103
4 44
5 45
6 101
7 108
8 48
9 99
10 102
12
drop 3 130
drop 6 106
drop 6 145
drop 10 140
pick 3 119
pick 6 146
pick 6 150
pick 7 142
pick 10 105
pick 10 135
pick 10 143
pick 10 148
10
1 11
2 104
3 23
4 34
5 35
6 6
7 77
8 58
9 110
10 20
6
drop 2 127
drop 2 141
drop 9 111
pick 2 151
pick 9 153
pick 9 155
10
1 1
2 32
3 33
4 24
5 25
6 16
7 67
8 106
9 99
10 10
2
drop 8 126
pick 8 139
10
1 101
2 22
3 43
4 14
5 15
6 26
7 57
8 58
9 89
10 101
9
drop 1 144
drop 10 105
drop 10 135
drop 10 143
drop 10 148
pick 1 149
pick 1 160
pick 1 162
pick 10 154
10
1 1
2 12
3 53
4 4
5 5
6 36
7 47
8 68
9 79
10 10
0
10
1 11
2 2
3 63
4 101
5 101
6 46
7 37
8 107
9 69
10 20
8
drop 4 152
drop 5 132
drop 5 133
drop 5 136
drop 8 139
pick 4 157
pick 5 158
pick 8 147
10
1 21
2 101
3 73
4 4
5 5
6 56
7 104
8 68
9 59
10 30
4
drop 2 151
drop 7 142
pick 2 161
pick 2 171
9
1 31
2 2
3 108
4 14
5 15
6 66
8 58
9 49
10 40
3
drop 3 119
pick 3 163
pick 7 179
10
1 41
2 12
3 73
4 24
5 25
6 76
7 37
8 48
9 39
10 50
0
10
1 51
2 102
3 63
4 34
5 35
6 86
7 27
8 105
9 29
10 60
6
drop 2 161
drop 2 171
drop 8 147
pick 2 137
pick 8 166
pick 8 168
10
1 61
2 12
3 53
4 104
5 45
6 109
7 17
8 48
9 19
10 70
3
drop 4 157
drop 6 146
drop 6 150
10
1 107
2 22
3 43
4 34
5 55
6 86
7 7
8 38
9 9
10 80
4
drop 1 149
drop 1 160
drop 1 162
pick 1 159
10
1 61
2 32
3 33
4 24
5 106
6 76
7 101
8 28
9 101
10 108
11
drop 5 158
drop 7 179
drop 9 153
drop 9 155
drop 10 154
pick 5 164
pick 5 169
pick 5 174
pick 7 165
pick 9 175
pick 9 183
10
1 51
2 104
3 23
4 103
5 55
6 108
7 7
8 18
9 9
10 80
3
drop 2 137
pick 4 128
pick 6 167
10
1 41
2 32
3 13
4 24
5 45
6 76
7 17
8 8
9 19
10 70
0
10
1 31
2 22
3 3
4 34
5 35
6 66
7 27
8 101
9 29
10 107
8
drop 8 166
drop 8 168
pick 8 177
pick 8 182
pick 8 189
pick 8 190
pick 10 188
pick 10 199
10
1 21
2 103
3 101
4 44
5 25
6 56
7 37
8 8
9 39
10 70
4
drop 3 163
pick 2 156
pick 3 178
pick 3 198
10
1 11
2 22
3 3
4 105
5 15
6 46
7 47
8 18
9 49
10 60
2
drop 4 128
pick 4 186
10
1 1
2 32
3 13
4 44
5 5
6 105
7 105
8 102
9 59
10 50
7
drop 6 167
drop 7 165
drop 8 177
drop 8 182
drop 8 189
drop 8 190
pick 8 200
10
1 101
2 42
3 23
4 34
5 101
6 46
7 47
8 18
9 69
10 40
8
drop 1 159
drop 5 164
drop 5 169
drop 5 174
pick 1 180
pick 1 181
pick 5 185
pick 5 193
10
1 1
2 52
3 33
4 24
5 5
6 36
7 37
8 28
9 107
10 30
2
drop 9 175
drop 9 183
10
1 11
2 62
3 104
4 14
5 15
6 26
7 27
8 103
9 69
10 20
4
drop 3 178
drop 3 198
drop 8 200
pick 8 204
10
1 21
2 72
3 33
4 4
5 25
6 103
7 103
8 28
9 79
10 10
2
pick 6 170
pick 7 173
10
1 31
2 82
3 23
4 101
5 35
6 26
7 27
8 18
9 108
10 101
9
drop 4 186
drop 10 188
drop 10 199
pick 4 187
pick 4 206
pick 9 203
pick 10 195
pick 10 196
pick 10 201
10
1 41
2 92
3 103
4 4
5 45
6 16
7 17
8 8
9 79
10 10
1
pick 3 191
10
1 51
2 110
3 23
4 14
5 55
6 6
7 7
8 101
9 69
10 20
5
drop 2 156
drop 8 204
pick 2 172
pick 8 205
pick 8 213
10
1 61
2 92
3 13
4 24
5 65
6 101
7 101
8 8
9 59
10 30
4
drop 6 170
drop 7 173
pick 6 209
pick 6 217
9
1 71
2 82
3 3
4 34
5 75
6 6
8 18
9 49
10 40
1
pick 7 221
10
1 81
2 72
3 101
4 44
5 108
6 16
7 7
8 28
9 39
10 50
3
drop 3 191
drop 5 185
drop 5 193
9
1 109
2 62
4 54
5 75
6 26
7 17
8 38
9 29
10 60
7
drop 1 180
drop 1 181
pick 1 197
pick 1 212
pick 1 216
pick 1 218
pick 3 223
10
1 81
2 52
3 3
4 106
5 85
6 36
7 27
8 104
9 19
10 70
6
drop 4 187
drop 4 206
drop 8 205
drop 8 213
pick 4 225
pick 8 210
10
1 71
2 42
3 13
4 54
5 109
6 46
7 37
8 38
9 9
10 80
1
pick 5 192
10
1 61
2 32
3 23
4 44
5 85
6 56
7 47
8 28
9 101
10 90
2
drop 9 203
pick 9 224
10
1 51
2 104
3 33
4 34
5 75
6 66
7 57
8 18
9 9
10 100
2
drop 2 172
pick 2 219
10
1 41
2 32
3 43
4 24
5 65
6 107
7 67
8 8
9 19
10 110
12
drop 6 209
drop 6 217
drop 10 195
drop 10 196
drop 10 201
pick 6 211
pick 6 226
pick 10 176
pick 10 184
pick 10 194
pick 10 202
pick 10 220
10
1 31
2 42
3 53
4 14
5 55
6 66
7 77
8 101
9 29
10 100
2
drop 8 210
pick 8 228
10
1 21
2 105
3 63
4 4
5 45
6 56
7 87
8 8
9 39
10 90
2
drop 2 219
pick 2 222
10
1 11
2 42
3 107
4 101
5 35
6 46
7 97
8 18
9 104
10 80
7
drop 3 223
drop 4 225
drop 9 224
pick 3 215
pick 3 230
pick 4 232
pick 9 231
10
1 1
2 32
3 63
4 4
5 25
6 36
7 110
8 28
9 39
10 70
2
drop 7 221
pick 7 207
10
1 101
2 22
3 73
4 14
5 15
6 26
7 97
8 38
9 29
10 60
5
drop 1 197
drop 1 212
drop 1 216
drop 1 218
pick 1 233
10
1 1
2 12
3 83
4 102
5 5
6 16
7 87
8 48
9 19
10 50
2
drop 4 232
pick 4 208
10
1 11
2 2
3 93
4 14
5 101
6 6
7 77
8 58
9 9
10 40
4
drop 5 192
pick 5 234
pick 5 237
pick 5 243
10
1 21
2 101
3 110
4 4
5 5
6 101
7 67
8 68
9 101
10 30
11
drop 2 222
drop 3 215
drop 3 230
drop 6 211
drop 6 226
drop 9 231
pick 2 236
pick 2 238
pick 3 239
pick 6 241
pick 9 242
10
1 31
2 2
3 93
4 101
5 15
6 6
7 57
8 78
9 9
10 20
2
drop 4 208
pick 4 245
10
1 41
2 12
3 83
4 4
5 25
6 16
7 47
8 88
9 19
10 10
0
10
1 51
2 22
3 73
4 14
5 35
6 26
7 105
8 98
9 29
10 101
9
drop 7 207
drop 10 176
drop 10 184
drop 10 194
drop 10 202
drop 10 220
pick 7 227
pick 10 248
pick 10 249
10
1 61
2 103
3 63
4 102
5 45
6 36
7 47
8 110
9 39
10 10
6
drop 2 236
drop 2 238
drop 4 245
drop 8 228
pick 2 214
pick 8 246
10
1 71
2 22
3 53
4 14
5 105
6 46
7 57
8 98
9 49
10 20
5
drop 5 234
drop 5 237
drop 5 243
pick 5 244
pick 5 255
10
1 108
2 12
3 43
4 4
5 45
6 56
7 67
8 88
9 59
10 30
2
drop 1 233
pick 1 229
10
1 71
2 102
3 33
4 101
5 35
6 66
7 107
8 109
9 69
10 103
9
drop 2 214
drop 7 227
drop 8 246
drop 10 248
drop 10 249
pick 4 251
pick 7 235
pick 7 247
pick 10 258
10
1 61
2 12
3 23
4 4
5 25
6 76
7 67
8 88
9 79
10 30
0
10
1 51
2 2
3 13
4 14
5 15
6 86
7 77
8 78
9 89
10 40
0
10
1 106
2 101
3 3
4 24
5 5
6 109
7 108
8 108
9 99
10 50
7
drop 1 229
drop 6 241
drop 7 235
drop 7 247
pick 1 240
pick 2 252
pick 8 264
9
1 51
2 2
3 101
4 34
5 101
7 77
8 78
9 110
10 60
8
drop 3 239
drop 5 244
drop 5 255
drop 9 242
pick 3 253
pick 3 256
pick 5 257
pick 9 269
9
1 41
2 12
3 3
4 44
5 5
7 67
8 68
9 99
10 70
1
pick 6 273
10
1 31
2 22
3 13
4 54
5 15
6 86
7 107
8 58
9 89
10 107
6
drop 10 258
pick 7 250
pick 7 259
pick 7 266
pick 7 274
pick 10 265
10
1 21
2 32
3 23
4 64
5 25
6 76
7 67
8 48
9 79
10 70
0
10
1 11
2 42
3 33
4 74
5 35
6 66
7 57
8 38
9 69
10 60
0
10
1 1
2 105
3 43
4 108
5 104
6 56
7 47
8 28
9 59
10 50
6
drop 2 252
drop 4 251
drop 5 257
pick 2 260
pick 5 254
pick 5 270
10
1 101
2 42
3 53
4 74
5 35
6 46
7 37
8 18
9 49
10 105
4
drop 1 240
drop 10 265
pick 1 261
pick 10 262
10
1 1
2 32
3 63
4 84
5 25
6 36
7 27
8 8
9 39
10 50
0
10
1 11
2 22
3 73
4 109
5 15
6 26
7 17
8 101
9 29
10 40
7
drop 8 264
pick 4 275
pick 4 281
pick 8 263
pick 8 268
pick 8 271
pick 8 284
10
1 21
2 103
3 83
4 84
5 5
6 16
7 7
8 8
9 19
10 30
3
drop 2 260
pick 2 272
pick 2 278
10
1 31
2 22
3 93
4 74
5 101
6 6
7 101
8 18
9 9
10 20
9
drop 5 254
drop 5 270
drop 7 250
drop 7 259
drop 7 266
drop 7 274
pick 5 267
pick 5 279
pick 7 277
10
1 41
2 12
3 110
4 64
5 5
6 101
7 7
8 28
9 101
10 10
6
drop 3 253
drop 3 256
drop 6 273
drop 9 269
pick 6 280
pick 9 285
10
1 51
2 2
3 93
4 54
5 15
6 6
7 17
8 38
9 9
10 101
2
drop 10 262
pick 10 291
10
1 61
2 101
3 83
4 44
5 25
6 16
7 27
8 48
9 19
10 10
3
drop 2 272
drop 2 278
pick 2 292
10
1 71
2 2
3 109
4 34
5 103
6 26
7 37
8 58
9 102
10 20
5
drop 5 267
drop 5 279
drop 9 285
pick 3 287
pick 5 290
10
1 108
2 12
3 83
4 24
5 25
6 36
7 104
8 68
9 19
10 30
3
drop 1 261
drop 7 277
pick 7 282
10
1 71
2 22
3 73
4 14
5 15
6 46
7 37
8 78
9 9
10 40
0
10
1 61
2 103
3 63
4 4
5 5
6 56
7 27
8 88
9 101
10 50
2
drop 2 292
pick 9 293
10
1 107
2 22
3 53
4 101
5 101
6 66
7 17
8 109
9 9
10 60
12
drop 4 275
drop 4 281
drop 5 290
drop 8 263
drop 8 268
drop 8 271
drop 8 284
pick 1 276
pick 1 299
pick 4 294
pick 4 301
pick 5 295
10
1 61
2 32
3 43
4 4
5 5
6 107
7 102
8 88
9 19
10 70
2
drop 6 280
drop 7 282
10
1 71
2 104
3 33
4 14
5 15
6 66
7 17
8 98
9 29
10 107
2
drop 10 291
pick 2 288
10
1 81
2 32
3 23
4 24
5 25
6 56
7 7
8 110
9 39
10 70
1
pick 8 300
10
1 91
2 42
3 13
4 34
5 35
6 106
7 101
8 98
9 49
10 60
5
pick 6 283
pick 6 303
pick 7 296
pick 7 297
pick 7 304
10
1 110
2 52
3 3
4 44
5 45
6 56
7 7
8 88
9 105
10 106
5
drop 1 276
drop 1 299
drop 9 293
pick 9 289
pick 10 286
10
1 91
2 62
3 101
4 54
5 55
6 46
7 17
8 78
9 49
10 60
2
drop 3 287
pick 3 298
10
1 81
2 72
3 3
4 64
5 65
6 36
7 27
8 68
9 59
10 50
0
10
1 71
2 82
3 13
4 74
5 107
6 26
7 37
8 58
9 106
10 105
6
drop 5 295
drop 9 289
drop 10 286
pick 9 307
pick 10 302
pick 10 310
9
1 108
2 92
3 23
4 108
6 16
7 104
8 48
9 59
10 50
8
drop 4 294
drop 4 301
drop 7 296
drop 7 297
drop 7 304
pick 1 305
pick 5 312
pick 7 308
9
1 71
2 110
3 33
5 65
6 6
7 37
8 38
9 49
10 40
2
drop 2 288
pick 2 311
9
1 61
2 92
3 43
5 55
6 101
7 27
8 28
9 39
10 30
4
drop 6 283
drop 6 303
pick 4 316
pick 6 309
10
1 51
2 82
3 53
4 74
5 45
6 6
7 17
8 18
9 29
10 20
0
10
1 41
2 72
3 63
4 64
5 35
6 16
7 7
8 8
9 19
10 10
0
10
1 31
2 62
3 73
4 54
5 25
6 102
7 101
8 101
9 9
10 101
12
drop 6 309
drop 7 308
drop 8 300
drop 10 302
drop 10 310
pick 6 306
pick 6 324
pick 7 313
pick 8 314
pick 8 322
pick 10 317
pick 10 323
10
1 21
2 52
3 83
4 44
5 15
6 16
7 7
8 8
9 101
10 10
1
drop 9 307
9
1 11
2 42
3 93
4 34
5 5
6 6
7 17
8 18
10 20
1
pick 9 328
10
1 1
2 32
3 110
4 24
5 101
6 101
7 27
8 28
9 9
10 30
5
drop 3 298
drop 5 312
drop 6 306
drop 6 324
pick 3 320
9
1 101
2 22
3 93
4 14
6 6
7 37
8 38
9 19
10 40
2
drop 1 305
pick 5 331
9
2 12
3 83
4 4
5 5
6 16
7 47
8 104
9 29
10 50
2
drop 8 314
drop 8 322
9
2 2
3 73
4 101
5 15
6 102
7 57
8 38
9 39
10 60
4
drop 4 316
pick 1 336
pick 4 337
pick 6 319
10
1 1
2 101
3 63
4 4
5 25
6 16
7 67
8 28
9 49
10 70
2
drop 2 311
pick 2 339
10
1 11
2 2
3 53
4 14
5 35
6 26
7 107
8 103
9 59
10 80
5
drop 7 313
pick 7 315
pick 8 318
pick 8 332
pick 8 334
10
1 21
2 12
3 43
4 24
5 104
6 36
7 67
8 28
9 69
10 108
5
drop 5 331
drop 10 317
drop 10 323
pick 10 330
pick 10 338
10
1 31
2 22
3 33
4 34
5 35
6 104
7 77
8 18
9 79
10 80
1
drop 6 319
10
1 41
2 32
3 23
4 44
5 45
6 36
7 108
8 8
9 89
10 70
1
drop 7 315
10
1 51
2 42
3 13
4 54
5 105
6 46
7 77
8 101
9 99
10 60
5
drop 8 318
drop 8 332
drop 8 334
pick 5 333
pick 8 340
10
1 61
2 105
3 3
4 64
5 45
6 56
7 87
8 8
9 110
10 50
4
drop 2 339
drop 9 328
pick 9 342
pick 9 344
10
1 71
2 42
3 101
4 74
5 35
6 106
7 109
8 18
9 99
10 40
8
drop 3 320
pick 3 341
pick 3 345
pick 6 325
pick 7 321
pick 7 326
pick 7 327
pick 7 343
10
1 108
2 52
3 3
4 84
5 25
6 56
7 87
8 28
9 89
10 30
1
drop 1 336
9
2 106
3 13
4 109
5 15
6 46
7 77
8 38
9 79
10 20
3
drop 4 337
pick 2 347
pick 2 350
9
2 52
3 23
4 84
5 5
6 36
7 67
8 48
9 69
10 10
1
pick 1 356
10
1 71
2 42
3 33
4 74
5 101
6 26
7 57
8 105
9 59
10 101
8
drop 5 333
drop 8 340
drop 10 330
drop 10 338
pick 5 346
pick 10 352
pick 10 357
pick 10 360
10
1 61
2 32
3 43
4 108
5 5
6 16
7 47
8 48
9 49
10 10
1
pick 4 362
10
1 51
2 22
3 53
4 74
5 15
6 6
7 37
8 38
9 39
10 20
0
10
1 41
2 12
3 63
4 64
5 25
6 101
7 27
8 104
9 29
10 30
5
drop 6 325
pick 6 353
pick 6 369
pick 8 349
pick 8 355
10
1 31
2 2
3 73
4 54
5 35
6 6
7 17
8 38
9 19
10 40
0
10
1 21
2 101
3 108
4 44
5 45
6 16
7 7
8 28
9 9
10 50
7
drop 2 347
drop 2 350
drop 3 341
drop 3 345
pick 2 358
pick 2 366
pick 2 373
10
1 11
2 2
3 73
4 34
5 105
6 26
7 101
8 18
9 101
10 60
9
drop 5 346
drop 7 321
drop 7 326
drop 7 327
drop 7 343
drop 9 342
drop 9 344
pick 7 359
pick 9 361
9
1 102
2 12
3 63
4 24
6 103
7 7
8 8
9 9
10 106
11
drop 1 356
drop 6 353
drop 6 369
drop 10 352
drop 10 357
drop 10 360
pick 1 351
pick 5 378
pick 6 348
pick 10 367
pick 10 372
10
1 11
2 22
3 107
4 14
5 45
6 26
7 17
8 101
9 19
10 60
5
drop 8 349
drop 8 355
pick 3 329
pick 3 335
pick 8 363
10
1 1
2 32
3 63
4 4
5 35
6 36
7 27
8 8
9 29
10 50
0
10
1 101
2 42
3 53
4 101
5 25
6 46
7 37
8 18
9 39
10 40
4
drop 1 351
drop 4 362
pick 1 364
pick 4 365
10
1 1
2 52
3 43
4 4
5 15
6 56
7 47
8 28
9 49
10 30
0
10
1 11
2 62
3 33
4 14
5 5
6 106
7 57
8 38
9 59
10 20
1
drop 6 348
10
1 21
2 107
3 23
4 102
5 101
6 56
7 67
8 48
9 69
10 10
11
drop 2 358
drop 2 366
drop 2 373
drop 4 365
drop 5 378
pick 2 385
pick 4 380
pick 5 371
pick 5 381
pick 5 387
pick 5 388
10
1 31
2 62
3 13
4 14
5 5
6 66
7 77
8 105
9 79
10 101
6
drop 8 363
drop 10 367
drop 10 372
pick 8 383
pick 10 374
pick 10 393
10
1 104
2 72
3 3
4 24
5 15
6 107
7 108
8 48
9 89
10 10
5
drop 1 364
drop 7 359
pick 1 376
pick 6 382
pick 7 390
10
1 31
2 82
3 101
4 34
5 25
6 66
7 77
8 38
9 109
10 20
8
drop 3 329
drop 3 335
drop 9 361
pick 3 375
pick 9 379
pick 9 386
pick 9 391
pick 9 401
10
1 21
2 92
3 3
4 44
5 35
6 56
7 67
8 28
9 89
10 30
0
10
1 11
2 110
3 13
4 54
5 45
6 46
7 57
8 18
9 79
10 103
8
drop 2 385
drop 10 374
drop 10 393
pick 2 392
pick 10 354
pick 10 368
pick 10 370
pick 10 395
10
1 1
2 92
3 23
4 64
5 55
6 36
7 47
8 8
9 69
10 30
0
10
1 101
2 82
3 33
4 74
5 106
6 26
7 37
8 101
9 59
10 20
9
drop 1 376
drop 5 371
drop 5 381
drop 5 387
drop 5 388
drop 8 383
pick 1 377
pick 5 406
pick 8 389
10
1 1
2 72
3 43
4 108
5 55
6 16
7 27
8 8
9 49
10 10
3
drop 4 380
pick 4 404
pick 4 405
10
1 11
2 62
3 53
4 74
5 45
6 6
7 17
8 18
9 39
10 101
6
drop 10 354
drop 10 368
drop 10 370
drop 10 395
pick 10 397
pick 10 414
10
1 21
2 52
3 63
4 64
5 35
6 101
7 7
8 28
9 29
10 10
4
drop 6 382
pick 6 399
pick 6 402
pick 6 403
10
1 31
2 42
3 73
4 54
5 25
6 6
7 101
8 38
9 19
10 20
3
drop 7 390
pick 7 400
pick 7 413
10
1 41
2 32
3 83
4 44
5 15
6 16
7 7
8 48
9 9
10 102
2
drop 10 397
drop 10 414
10
1 51
2 22
3 93
4 34
5 5
6 26
7 17
8 105
9 101
10 20
8
drop 8 389
drop 9 379
drop 9 386
drop 9 391
drop 9 401
pick 8 384
pick 9 418
pick 9 423
10
1 61
2 12
3 110
4 24
5 101
6 36
7 27
8 48
9 9
10 10
5
drop 3 375
drop 5 406
pick 3 394
pick 5 419
pick 5 422
10
1 107
2 102
3 93
4 14
5 5
6 104
7 37
8 58
9 19
10 101
9
drop 1 377
drop 2 392
drop 6 399
drop 6 402
drop 6 403
pick 1 417
pick 6 427
pick 10 415
pick 10 428
10
1 61
2 12
3 83
4 4
5 15
6 36
7 47
8 68
9 29
10 10
0
10
1 51
2 2
3 73
4 101
5 25
6 26
7 57
8 107
9 39
10 20
4
drop 4 404
drop 4 405
drop 8 384
pick 4 425
10
1 41
2 101
3 63
4 4
5 35
6 16
7 67
8 68
9 49
10 30
2
pick 2 420
pick 2 429
10
1 31
2 2
3 107
4 14
5 45
6 6
7 77
8 58
9 59
10 40
1
drop 3 394
10
1 21
2 12
3 63
4 24
5 55
6 101
7 108
8 106
9 69
10 50
6
drop 6 427
drop 7 400
drop 7 413
pick 6 433
pick 7 430
pick 8 424
10
1 11
2 22
3 53
4 34
5 65
6 6
7 77
8 58
9 79
10 105
4
drop 10 415
drop 10 428
pick 10 408
pick 10 409
10
1 1
2 32
3 106
4 44
5 75
6 16
7 87
8 48
9 89
10 50
1
pick 3 426
10
1 101
2 42
3 53
4 54
5 85
6 26
7 109
8 38
9 99
10 40
5
drop 1 417
drop 7 430
pick 1 434
pick 7 412
pick 7 432
10
1 1
2 52
3 43
4 64
5 109
6 36
7 87
8 28
9 110
10 30
8
drop 5 419
drop 5 422
drop 9 418
drop 9 423
pick 9 398
pick 9 407
pick 9 411
pick 9 421
10
1 11
2 106
3 33
4 74
5 85
6 46
7 77
8 18
9 99
10 20
3
drop 2 420
drop 2 429
pick 2 441
10
1 21
2 52
3 23
4 84
5 95
6 105
7 67
8 8
9 89
10 10
2
drop 6 433
pick 6 410
10
1 31
2 42
3 13
4 94
5 110
6 46
7 57
8 101
9 79
10 101
6
drop 8 424
drop 10 408
drop 10 409
pick 5 396
pick 8 437
pick 10 443
10
1 41
2 32
3 3
4 110
5 95
6 56
7 47
8 8
9 69
10 10
2
drop 4 425
pick 4 416
10
1 51
2 22
3 101
4 94
5 85
6 66
7 37
8 18
9 59
10 20
2
drop 3 426
pick 3 444
10
1 61
2 12
3 3
4 84
5 75
6 76
7 27
8 28
9 49
10 30
0
10
1 71
2 2
3 13
4 74
5 65
6 86
7 17
8 38
9 39
10 40
0
10
1 81
2 101
3 23
4 64
5 55
6 96
7 7
8 104
9 29
10 50
6
drop 2 441
drop 8 437
pick 2 445
pick 2 447
pick 2 449
pick 8 438
10
1 109
2 2
3 33
4 54
5 45
6 110
7 101
8 38
9 19
10 60
7
drop 1 434
drop 6 410
drop 7 412
drop 7 432
pick 1 451
pick 6 431
pick 7 450
10
1 81
2 12
3 43
4 44
5 35
6 96
7 7
8 28
9 9
10 70
0
10
1 71
2 102
3 53
4 34
5 25
6 86
7 17
8 18
9 101
10 80
9
drop 2 445
drop 2 447
drop 2 449
drop 9 398
drop 9 407
drop 9 411
drop 9 421
pick 2 439
pick 9 452
10
1 61
2 12
3 106
4 24
5 15
6 76
7 27
8 8
9 9
10 90
3
drop 3 444
pick 3 448
pick 3 454
10
1 51
2 22
3 53
4 103
5 5
6 66
7 37
8 101
9 19
10 100
5
drop 4 416
drop 8 438
pick 4 435
pick 4 442
pick 8 453
10
1 41
2 32
3 43
4 24
5 101
6 56
7 104
8 8
9 29
10 110
7
drop 5 396
drop 7 450
drop 10 443
pick 5 457
pick 5 458
pick 7 462
pick 10 446
10
1 31
2 42
3 33
4 14
5 5
6 46
7 37
8 18
9 39
10 100
0
10
1 104
2 52
3 23
4 4
5 15
6 36
7 47
8 28
9 49
10 90
1
drop 1 451
10
1 31
2 62
3 13
4 101
5 25
6 26
7 57
8 38
9 105
10 109
6
drop 4 435
drop 4 442
drop 9 452
drop 10 446
pick 4 463
pick 9 456
10
1 41
2 72
3 3
4 4
5 35
6 16
7 106
8 48
9 49
10 90
2
drop 7 462
pick 7 460
10
1 105
2 82
3 101
4 14
5 45
6 102
7 57
8 58
9 39
10 80
9
drop 3 448
drop 3 454
drop 6 431
pick 1 455
pick 3 464
pick 3 470
pick 3 471
pick 3 476
pick 6 469
10
1 41
2 92
3 3
4 102
5 55
6 16
7 67
8 68
9 29
10 108
3
drop 4 463
pick 10 436
pick 10 477
10
1 31
2 110
3 13
4 14
5 65
6 6
7 77
8 78
9 19
10 80
3
drop 2 439
pick 2 461
pick 2 475
10
1 21
2 92
3 23
4 24
5 75
6 101
7 87
8 88
9 9
10 70
2
drop 6 469
pick 6 472
10
1 11
2 82
3 33
4 103
5 85
6 6
7 97
8 98
9 101
10 60
3
drop 9 456
pick 4 459
pick 9 473
10
1 1
2 72
3 104
4 24
5 109
6 16
7 110
8 110
9 9
10 50
9
drop 3 464
drop 3 470
drop 3 471
drop 3 476
drop 5 457
drop 5 458
drop 7 460
drop 8 453
pick 7 466
8
1 101
2 62
4 34
6 26
7 97
8 98
9 19
10 40
4
drop 1 455
pick 1 478
pick 3 489
pick 5 492
10
1 1
2 52
3 33
4 44
5 85
6 103
7 87
8 88
9 29
10 30
2
drop 6 472
pick 6 491
10
1 11
2 42
3 23
4 54
5 75
6 26
7 77
8 78
9 39
10 20
0
10
1 102
2 32
3 13
4 64
5 65
6 36
7 67
8 108
9 49
10 10
2
drop 1 478
pick 8 465
9
2 22
3 3
4 74
5 55
6 104
7 57
8 78
9 59
10 101
7
drop 6 491
drop 10 436
drop 10 477
pick 1 500
pick 6 495
pick 10 479
pick 10 484
10
1 11
2 12
3 101
4 84
5 45
6 36
7 47
8 88
9 69
10 10
3
drop 3 489
pick 3 480
pick 3 486
10
1 21
2 2
3 3
4 109
5 35
6 26
7 37
8 98
9 79
10 20
2
drop 4 459
pick 4 504
10
1 31
2 101
3 13
4 84
5 25
6 16
7 104
8 110
9 89
10 30
8
drop 2 461
drop 2 475
drop 7 466
drop 8 465
pick 2 482
pick 2 487
pick 2 510
pick 7 503
9
1 104
2 2
3 23
4 74
5 15
6 6
7 37
9 109
10 40
2
drop 1 500
drop 9 473
8
1 31
2 12
3 33
4 64
5 5
6 101
7 27
10 50
5
drop 6 495
pick 6 493
pick 6 499
pick 8 515
pick 9 516
10
1 41
2 22
3 43
4 54
5 101
6 6
7 17
8 98
9 89
10 60
3
drop 5 492
pick 5 501
pick 5 513
10
1 105
2 32
3 105
4 106
5 5
6 16
7 7
8 88
9 79
10 70
11
drop 3 480
drop 3 486
drop 4 504
pick 1 490
pick 1 494
pick 3 498
pick 4 467
pick 4 468
pick 4 488
pick 4 505
pick 4 511
10
1 41
2 42
3 43
4 54
5 15
6 26
7 101
8 78
9 108
10 80
4
drop 7 503
drop 9 516
pick 7 506
pick 9 485
10
1 31
2 52
3 53
4 44
5 102
6 36
7 7
8 68
9 79
10 108
9
drop 5 501
drop 5 513
drop 10 479
drop 10 484
pick 5 507
pick 5 522
pick 10 519
pick 10 520
pick 10 526
10
1 21
2 106
3 63
4 34
5 15
6 104
7 17
8 58
9 69
10 80
6
drop 2 482
drop 2 487
drop 2 510
drop 6 493
drop 6 499
pick 6 524
10
1 11
2 52
3 107
4 24
5 5
6 36
7 27
8 48
9 59
10 70
7
drop 3 498
pick 3 474
pick 3 483
pick 3 502
pick 3 509
pick 3 512
pick 3 514
10
1 1
2 62
3 63
4 14
5 101
6 26
7 37
8 38
9 49
10 60
3
drop 5 507
drop 5 522
pick 5 508
10
1 101
2 107
3 53
4 4
5 5
6 16
7 47
8 28
9 39
10 50
4
drop 1 490
drop 1 494
pick 1 517
pick 2 440
10
1 1
2 62
3 43
4 101
5 15
6 6
7 105
8 18
9 29
10 40
9
drop 4 467
drop 4 468
drop 4 488
drop 4 505
drop 4 511
drop 7 506
pick 4 518
pick 4 531
pick 7 527
10
1 11
2 52
3 33
4 4
5 25
6 101
7 47
8 8
9 19
10 30
2
drop 6 524
pick 6 521
10
1 21
2 42
3 23
4 14
5 35
6 6
7 37
8 101
9 102
10 20
5
drop 8 515
drop 9 485
pick 8 523
pick 8 533
pick 9 530
10
1 31
2 32
3 13
4 24
5 45
6 16
7 27
8 8
9 19
10 10
0
10
1 41
2 22
3 3
4 34
5 55
6 26
7 103
8 18
9 9
10 101
7
drop 7 527
drop 10 519
drop 10 520
drop 10 526
pick 7 496
pick 10 525
pick 10 528
10
1 51
2 103
3 101
4 104
5 65
6 36
7 27
8 28
9 101
10 10
14
drop 2 440
drop 3 474
drop 3 483
drop 3 502
drop 3 509
drop 3 512
drop 3 514
drop 4 518
drop 4 531
drop 9 530
pick 2 497
pick 3 529
pick 4 532
pick 9 535
10
1 61
2 22
3 3
4 34
5 75
6 46
7 17
8 38
9 9
10 20
0
10
1 71
2 32
3 13
4 24
5 108
6 56
7 7
8 48
9 19
10 30
1
drop 5 508
10
1 81
2 104
3 23
4 14
5 75
6 66
7 101
8 58
9 29
10 103
5
drop 2 497
drop 7 496
drop 10 525
drop 10 528
pick 7 536
10
1 91
2 32
3 33
4 4
5 65
6 76
7 7
8 106
9 39
10 30
2
drop 8 523
drop 8 533
10
1 110
2 42
3 43
4 101
5 107
6 86
7 17
8 58
9 104
10 20
6
drop 1 517
drop 4 532
drop 9 535
pick 1 539
pick 4 543
pick 5 481
10
1 91
2 105
3 105
4 4
5 65
6 109
7 27
8 68
9 39
10 102
4
drop 3 529
drop 6 521
pick 2 534
pick 10 537
10
1 81
2 42
3 43
4 14
5 75
6 86
7 37
8 107
9 49
10 20
1
pick 8 542
10
1 71
2 52
3 53
4 24
5 85
6 96
7 47
8 68
9 105
10 30
1
pick 9 546
10
1 61
2 62
3 63
4 34
5 95
6 110
7 57
8 58
9 49
10 40
1
pick 6 541
10
1 51
2 72
3 107
4 104
5 110
6 96
7 67
8 48
9 39
10 50
4
drop 4 543
drop 5 481
pick 3 545
pick 3 557
10
1 41
2 82
3 63
4 34
5 95
6 86
7 107
8 38
9 29
10 60
1
drop 7 536
9
1 31
2 92
3 53
4 24
5 85
6 76
8 28
9 103
10 70
1
drop 9 546
9
1 21
2 110
3 43
4 14
5 75
6 66
8 18
9 29
10 80
2
drop 2 534
pick 7 563
10
1 11
2 92
3 33
4 102
5 65
6 56
7 67
8 8
9 19
10 90
1
pick 4 538
10
1 1
2 82
3 23
4 14
5 107
6 46
7 77
8 101
9 102
10 109
7
drop 8 542
drop 10 537
pick 5 558
pick 8 544
pick 8 550
pick 8 562
pick 9 540
9
1 101
2 109
3 13
4 24
5 65
6 105
7 108
8 8
9 19
8
drop 1 539
drop 6 541
drop 7 563
pick 1 547
pick 1 556
pick 2 566
pick 6 569
pick 10 571
9
1 1
2 82
3 3
4 34
5 75
6 46
8 18
9 9
10 90
1
pick 7 572
10
1 11
2 72
3 101
4 44
5 85
6 36
7 77
8 28
9 101
10 80
9
drop 3 545
drop 3 557
drop 9 540
pick 3 548
pick 3 551
pick 3 554
pick 9 549
pick 9 552
pick 9 553
10
1 21
2 62
3 3
4 54
5 109
6 104
7 67
8 38
9 9
10 108
4
drop 5 558
drop 6 569
drop 10 571
pick 6 575
9
1 103
2 52
3 13
4 64
6 36
7 57
8 48
9 19
10 80
2
drop 1 547
drop 1 556
9
1 21
2 42
3 102
4 74
6 26
7 47
8 58
9 29
10 70
4
drop 3 548
drop 3 551
drop 3 554
pick 5 579
10
1 31
2 32
3 13
4 108
5 85
6 16
7 37
8 68
9 39
10 107
2
drop 4 538
pick 10 570
10
1 104
2 22
3 3
4 74
5 75
6 6
7 27
8 78
9 49
10 70
1
pick 1 578
10
1 31
2 12
3 101
4 64
5 65
6 101
7 17
8 108
9 59
10 80
8
drop 6 575
drop 8 544
drop 8 550
drop 8 562
pick 3 555
pick 3 559
pick 6 560
pick 6 561
9
1 21
2 2
3 3
4 107
5 55
6 6
7 7
9 106
10 90
4
drop 9 549
drop 9 552
drop 9 553
pick 4 573
9
1 11
2 101
3 13
4 64
5 45
6 16
7 101
9 59
10 109
11
drop 2 566
drop 7 572
drop 10 570
pick 2 564
pick 2 580
pick 2 582
pick 7 565
pick 7 568
pick 7 576
pick 7 583
pick 8 587
9
1 1
2 2
3 23
4 54
5 35
6 26
7 7
8 78
9 49
0
9
1 101
2 12
3 33
4 44
5 25
6 36
7 17
8 68
9 39
4
drop 1 578
pick 1 567
pick 1 590
pick 10 592
10
1 1
2 22
3 104
4 34
5 15
6 46
7 27
8 58
9 104
10 90
4
drop 3 555
drop 3 559
pick 3 588
pick 9 585
10
1 11
2 32
3 33
4 104
5 5
6 56
7 37
8 48
9 39
10 80
1
drop 4 573
10
1 21
2 42
3 23
4 34
5 101
6 66
7 47
8 38
9 29
10 70
2
drop 5 579
pick 5 581
10
1 31
2 52
3 13
4 24
5 5
6 76
7 57
8 28
9 19
10 60
0
10
1 41
2 62
3 3
4 103
5 15
6 86
7 67
8 18
9 102
10 50
4
drop 9 585
pick 4 584
pick 4 599
pick 9 598
10
1 105
2 107
3 101
4 24
5 25
6 96
7 77
8 8
9 19
10 40
9
drop 1 567
drop 1 590
drop 2 564
drop 2 580
drop 2 582
drop 3 588
pick 1 594
pick 3 586
pick 3 593
10
1 41
2 62
3 3
4 14
5 35
6 110
7 87
8 101
9 9
10 30
7
drop 6 560
drop 6 561
drop 8 587
pick 6 574
pick 8 589
pick 8 591
pick 8 604
10
1 31
2 72
3 13
4 4
5 45
6 96
7 109
8 8
9 101
10 20
7
drop 7 565
drop 7 568
drop 7 576
drop 7 583
drop 9 598
pick 7 602
pick 9 597
10
1 21
2 108
3 23
4 101
5 55
6 86
7 87
8 18
9 9
10 10
4
drop 4 584
drop 4 599
pick 2 596
pick 4 600
10
1 103
2 72
3 33
4 4
5 65
6 109
7 97
8 28
9 19
10 101
4
drop 1 594
drop 6 574
drop 10 592
pick 10 610
9
1 21
2 62
3 43
4 14
5 75
7 110
8 38
9 29
10 10
4
drop 7 602
pick 7 577
pick 7 595
pick 7 607
9
1 31
2 52
3 53
4 24
5 108
7 97
8 104
9 103
10 20
8
drop 5 581
drop 8 589
drop 8 591
drop 8 604
drop 9 597
pick 5 606
pick 6 615
pick 8 608
10
1 104
2 42
3 106
4 34
5 75
6 86
7 87
8 38
9 29
10 30
3
drop 3 586
drop 3 593
pick 1 605
9
1 31
2 32
4 44
5 65
6 76
7 77
8 28
9 19
10 40
0
9
1 21
2 22
4 54
5 55
6 66
7 67
8 18
9 102
10 50
2
pick 3 620
pick 9 618
10
1 11
2 12
3 53
4 64
5 45
6 56
7 57
8 8
9 19
10 105
4
drop 10 610
pick 10 601
pick 10 609
pick 10 612
10
1 1
2 2
3 43
4 74
5 105
6 46
7 47
8 101
9 9
10 50
4
drop 5 606
drop 8 608
pick 8 611
pick 8 617
9
1 101
2 101
3 33
4 84
6 36
7 37
8 8
9 101
10 40
8
drop 1 605
drop 2 596
drop 9 618
pick 1 613
pick 2 619
pick 9 621
pick 9 622
pick 9 625
9
1 1
2 2
3 23
4 94
6 26
7 27
8 18
9 9
10 30
1
pick 5 626
10
1 11
2 12
3 13
4 110
5 45
6 16
7 17
8 28
9 19
10 20
2
drop 4 600
pick 4 603
10
1 21
2 22
3 3
4 94
5 35
6 6
7 7
8 103
9 29
10 10
3
drop 8 611
drop 8 617
pick 8 627
10
1 31
2 32
3 101
4 84
5 25
6 101
7 101
8 28
9 39
10 101
12
drop 3 620
drop 6 615
drop 7 577
drop 7 595
drop 7 607
drop 10 601
drop 10 609
drop 10 612
pick 3 624
pick 6 630
pick 7 631
pick 10 632
10
1 41
2 42
3 3
4 74
5 15
6 6
7 7
8 18
9 49
10 10
0
10
1 51
2 105
3 13
4 64
5 5
6 16
7 17
8 8
9 59
10 20
2
drop 2 619
pick 2 629
10
1 61
2 42
3 23
4 54
5 101
6 26
7 27
8 101
9 69
10 30
4
drop 5 626
drop 8 627
pick 5 635
pick 8 637
10
1 107
2 32
3 33
4 106
5 5
6 36
7 37
8 8
9 79
10 40
4
drop 1 613
drop 4 603
pick 1 639
pick 4 633
10
1 61
2 22
3 43
4 54
5 15
6 46
7 47
8 18
9 108
10 50
3
drop 9 621
drop 9 622
drop 9 625
9
1 51
2 12
3 53
4 44
5 25
6 56
7 105
8 28
10 60
2
drop 7 631
pick 7 636
9
1 41
2 2
3 106
4 34
5 35
6 66
7 47
8 38
10 70
2
drop 3 624
pick 9 644
9
1 31
2 101
4 24
5 45
6 107
7 37
8 48
9 79
10 80
3
drop 2 629
drop 6 630
pick 2 638
9
1 21
2 2
4 14
5 55
6 66
7 27
8 58
9 69
10 90
1
pick 3 649
10
1 11
2 12
3 53
4 4
5 65
6 76
7 17
8 68
9 59
10 100
0
10
1 1
2 22
3 43
4 101
5 75
6 108
7 7
8 107
9 49
10 110
7
drop 4 633
drop 8 637
drop 10 632
pick 4 646
pick 4 648
pick 6 651
pick 10 614
10
1 101
2 32
3 33
4 4
5 85
6 76
7 101
8 68
9 39
10 100
5
drop 1 639
drop 7 636
pick 1 647
pick 1 652
pick 7 654
10
1 1
2 42
3 104
4 14
5 109
6 86
7 7
8 78
9 29
10 90
4
drop 3 649
drop 5 635
pick 3 641
pick 5 643
10
1 11
2 52
3 33
4 24
5 85
6 96
7 17
8 88
9 19
10 80
0
10
1 21
2 62
3 43
4 103
5 75
6 110
7 102
8 109
9 9
10 70
12
drop 4 646
drop 4 648
drop 6 651
drop 7 654
pick 4 640
pick 6 623
pick 6 653
pick 6 659
pick 7 628
pick 7 645
pick 7 655
pick 8 616
10
1 31
2 72
3 53
4 24
5 65
6 96
7 17
8 88
9 101
10 60
2
drop 9 644
pick 9 656
10
1 41
2 108
3 63
4 34
5 55
6 86
7 7
8 78
9 9
10 50
1
drop 2 638
10
1 51
2 72
3 107
4 44
5 45
6 76
7 101
8 68
9 19
10 40
6
drop 3 641
drop 7 628
drop 7 645
drop 7 655
pick 7 657
pick 7 662
10
1 61
2 82
3 63
4 54
5 35
6 66
7 7
8 58
9 29
10 104
2
drop 10 614
pick 10 650
10
1 71
2 109
3 73
4 64
5 25
6 56
7 17
8 48
9 103
10 40
2
drop 9 656
pick 2 661
9
1 81
2 82
3 108
4 107
5 15
6 46
7 27
8 38
10 50
3
drop 4 640
pick 3 669
pick 9 671
9
1 109
2 92
3 73
5 5
6 36
7 37
8 28
9 29
10 105
6
drop 1 647
drop 1 652
drop 10 650
pick 1 667
pick 4 674
pick 10 663
10
1 81
2 110
3 63
4 64
5 101
6 26
7 47
8 18
9 19
10 50
4
drop 2 661
drop 5 643
pick 2 658
pick 5 660
10
1 71
2 92
3 53
4 74
5 5
6 16
7 57
8 8
9 9
10 40
0
10
1 61
2 82
3 43
4 108
5 15
6 6
7 67
8 101
9 101
10 30
7
drop 4 674
drop 8 616
drop 9 671
pick 8 664
pick 8 666
pick 9 665
pick 9 677
10
1 51
2 72
3 33
4 74
5 25
6 101
7 107
8 8
9 9
10 20
7
drop 6 623
drop 6 653
drop 6 659
drop 7 657
drop 7 662
pick 6 668
pick 6 672
10
1 41
2 108
3 23
4 84
5 35
6 6
7 67
8 18
9 19
10 10
1
drop 2 658
10
1 31
2 72
3 13
4 109
5 45
6 16
7 77
8 28
9 29
10 101
3
drop 10 663
pick 4 670
pick 10 673
10
1 21
2 62
3 3
4 84
5 55
6 102
7 87
8 38
9 39
10 10
4
drop 6 668
drop 6 672
pick 6 634
pick 6 642
10
1 11
2 107
3 101
4 74
5 65
6 16
7 97
8 104
9 49
10 20
5
drop 3 669
drop 8 664
drop 8 666
pick 3 675
pick 3 676
9
1 1
3 3
4 108
5 75
6 26
7 110
8 38
9 59
10 30
3
drop 4 670
pick 2 684
pick 7 679
10
1 101
2 62
3 13
4 74
5 85
6 36
7 97
8 28
9 69
10 40
2
drop 1 667
pick 1 681
10
1 1
2 52
3 23
4 84
5 109
6 46
7 87
8 103
9 79
10 50
3
drop 5 660
pick 8 678
pick 8 680
10
1 11
2 42
3 33
4 94
5 85
6 56
7 77
8 28
9 108
10 60
2
drop 9 665
drop 9 677
10
1 21
2 32
3 43
4 110
5 95
6 106
7 67
8 18
9 79
10 70
3
drop 6 634
drop 6 642
pick 4 686
10
1 103
2 22
3 53
4 94
5 110
6 56
7 57
8 8
9 89
10 80
3
drop 1 681
pick 1 691
pick 5 687
10
1 21
2 12
3 63
4 84
5 95
6 46
7 47
8 101
9 99
10 90
6
drop 8 678
drop 8 680
pick 8 682
pick 8 685
pick 8 693
pick 8 698
10
1 31
2 2
3 73
4 74
5 85
6 105
7 37
8 8
9 110
10 100
2
pick 6 692
pick 9 688
10
1 41
2 101
3 83
4 64
5 75
6 46
7 27
8 18
9 99
10 110
4
drop 2 684
drop 10 673
pick 2 683
pick 10 697
10
1 105
2 2
3 109
4 54
5 65
6 36
7 17
8 28
9 89
10 100
3
drop 1 691
drop 3 675
drop 3 676
9
2 12
3 83
4 44
5 55
6 26
7 7
8 38
9 79
10 90
0
9
2 22
3 73
4 34
5 106
6 16
7 101
8 104
9 69
10 80
13
drop 5 687
drop 7 679
drop 8 682
drop 8 685
drop 8 693
drop 8 698
pick 1 712
pick 5 701
pick 7 689
pick 7 690
pick 7 700
pick 7 704
pick 8 703
10
1 41
2 32
3 108
4 24
5 55
6 6
7 7
8 38
9 107
10 70
2
drop 9 688
pick 3 708
10
1 51
2 42
3 73
4 14
5 45
6 101
7 17
8 28
9 69
10 60
3
drop 6 692
pick 6 694
pick 6 705
10
1 61
2 105
3 63
4 4
5 35
6 6
7 27
8 103
9 59
10 50
2
drop 2 683
drop 8 703
10
1 71
2 42
3 53
4 101
5 25
6 16
7 37
8 28
9 49
10 40
3
drop 4 686
pick 4 696
pick 4 699
10
1 81
2 52
3 43
4 4
5 15
6 26
7 47
8 18
9 39
10 30
0
10
1 109
2 106
3 33
4 14
5 102
6 36
7 57
8 102
9 104
10 20
7
drop 1 712
drop 5 701
pick 2 718
pick 5 702
pick 5 709
pick 8 695
pick 9 707
10
1 81
2 52
3 23
4 24
5 15
6 46
7 67
8 18
9 39
10 10
0
10
1 71
2 42
3 13
4 34
5 5
6 56
7 77
8 8
9 29
10 101
2
drop 10 697
pick 10 706
10
1 61
2 32
3 3
4 44
5 101
6 66
7 87
8 101
9 19
10 10
7
drop 5 702
drop 5 709
drop 8 695
pick 5 710
pick 5 717
pick 8 711
pick 8 720
10
1 107
2 22
3 101
4 54
5 5
6 76
7 109
8 8
9 9
10 20
9
drop 3 708
drop 7 689
drop 7 690
drop 7 700
drop 7 704
pick 1 719
pick 1 722
pick 3 713
pick 3 716
9
1 61
2 12
3 3
4 64
5 15
6 86
8 18
9 101
10 30
2
drop 9 707
pick 9 714
9
1 51
2 2
3 13
4 74
5 102
6 96
8 28
9 9
10 40
5
drop 5 710
drop 5 717
pick 5 725
pick 5 731
pick 7 737
10
1 41
2 101
3 23
4 108
5 15
6 110
7 87
8 38
9 19
10 50
9
drop 2 718
drop 4 696
drop 4 699
drop 6 694
drop 6 705
pick 2 715
pick 2 724
pick 4 733
pick 4 739
10
1 31
2 2
3 103
4 74
5 5
6 96
7 77
8 48
9 29
10 60
4
drop 3 713
drop 3 716
pick 3 721
pick 3 743
10
1 21
2 12
3 23
4 64
5 101
6 86
7 67
8 105
9 39
10 70
8
drop 5 725
drop 5 731
drop 8 711
drop 8 720
pick 5 726
pick 5 729
pick 8 730
pick 8 746
10
1 11
2 22
3 13
4 54
5 5
6 109
7 57
8 48
9 49
10 107
3
drop 10 706
pick 6 744
pick 10 735
10
1 1
2 32
3 3
4 44
5 15
6 86
7 47
8 38
9 59
10 70
0
10
1 101
2 42
3 101
4 34
5 25
6 76
7 37
8 28
9 69
10 80
8
drop 1 719
drop 1 722
drop 3 721
drop 3 743
pick 1 728
pick 1 732
pick 1 734
pick 3 736
10
1 1
2 52
3 3
4 24
5 35
6 66
7 27
8 18
9 79
10 108
2
drop 10 735
pick 10 742
10
1 11
2 62
3 13
4 14
5 104
6 56
7 17
8 8
9 89
10 80
4
drop 5 726
drop 5 729
pick 5 748
pick 5 756
10
1 21
2 72
3 23
4 4
5 35
6 106
7 7
8 101
9 99
10 70
7
drop 6 744
drop 8 730
drop 8 746
pick 6 727
pick 6 751
pick 8 738
pick 8 757
10
1 31
2 108
3 33
4 101
5 25
6 56
7 101
8 8
9 110
10 60
12
drop 2 715
drop 2 724
drop 4 733
drop 4 739
drop 7 737
drop 9 714
pick 2 753
pick 4 741
pick 4 758
pick 7 750
pick 7 762
pick 9 749
10
1 41
2 72
3 43
4 4
5 15
6 46
7 7
8 18
9 99
10 50
0
10
1 51
2 62
3 53
4 14
5 5
6 36
7 17
8 102
9 89
10 40
3
drop 8 738
drop 8 757
pick 8 755
10
1 61
2 52
3 63
4 24
5 101
6 26
7 27
8 18
9 79
10 104
4
drop 5 748
drop 5 756
drop 10 742
pick 5 759
10
1 107
2 42
3 73
4 103
5 5
6 16
7 37
8 8
9 69
10 40
7
drop 1 728
drop 1 732
drop 1 734
drop 4 741
drop 4 758
pick 1 752
pick 4 745
10
1 61
2 32
3 83
4 24
5 15
6 6
7 104
8 101
9 59
10 30
5
drop 7 750
drop 7 762
drop 8 755
pick 8 760
pick 8 767
10
1 51
2 22
3 109
4 14
5 25
6 101
7 37
8 8
9 49
10 103
9
drop 3 736
drop 6 727
drop 6 751
pick 3 747
pick 3 773
pick 3 774
pick 6 761
pick 6 776
pick 10 723
10
1 41
2 12
3 83
4 102
5 35
6 6
7 27
8 18
9 39
10 30
1
drop 4 745
10
1 31
2 2
3 73
4 14
5 45
6 16
7 103
8 28
9 29
10 40
3
pick 7 754
pick 7 764
pick 7 772
10
1 21
2 101
3 63
4 4
5 105
6 26
7 27
8 38
9 19
10 104
8
drop 2 753
drop 5 759
drop 10 723
pick 2 766
pick 2 768
pick 2 775
pick 2 783
pick 5 771
10
1 11
2 2
3 53
4 101
5 45
6 36
7 17
8 48
9 9
10 40
1
pick 4 763
10
1 1
2 12
3 43
4 4
5 35
6 46
7 7
8 58
9 101
10 30
2
drop 9 749
pick 9 778
10
1 101
2 22
3 33
4 14
5 25
6 56
7 101
8 68
9 9
10 103
8
drop 1 752
drop 7 754
drop 7 764
drop 7 772
pick 1 779
pick 7 781
pick 7 782
pick 10 780
10
1 1
2 32
3 23
4 24
5 15
6 66
7 7
8 78
9 19
10 30
0
10
1 11
2 104
3 13
4 103
5 5
6 76
7 17
8 88
9 29
10 40
7
drop 2 766
drop 2 768
drop 2 775
drop 2 783
drop 4 763
pick 2 793
pick 4 787
10
1 21
2 32
3 3
4 24
5 101
6 108
7 102
8 98
9 39
10 50
9
drop 5 771
drop 6 761
drop 6 776
drop 7 781
drop 7 782
pick 5 785
pick 5 791
pick 6 777
pick 6 790
10
1 31
2 22
3 101
4 14
5 5
6 76
7 17
8 110
9 49
10 60
7
drop 3 747
drop 3 773
drop 3 774
drop 8 760
drop 8 767
pick 3 792
pick 3 795
9
1 41
2 12
3 3
4 4
5 15
6 66
7 7
9 59
10 70
0
9
1 51
2 2
3 13
4 101
5 25
6 56
7 101
9 106
10 80
7
drop 4 787
drop 9 778
pick 4 794
pick 4 796
pick 4 800
pick 7 788
pick 9 740
9
1 61
2 101
3 23
4 4
5 35
6 46
7 7
9 59
10 90
3
drop 2 793
pick 2 797
pick 8 804
10
1 107
2 2
3 33
4 14
5 45
6 36
7 17
8 98
9 49
10 100
1
drop 1 779
10
1 61
2 12
3 43
4 24
5 105
6 26
7 27
8 88
9 39
10 110
4
drop 5 785
drop 5 791
drop 10 780
pick 5 784
10
1 51
2 22
3 53
4 103
5 45
6 16
7 37
8 78
9 29
10 100
4
drop 4 794
drop 4 796
drop 4 800
pick 4 806
10
1 106
2 32
3 106
4 24
5 55
6 6
7 47
8 68
9 103
10 90
11
drop 3 792
drop 3 795
drop 9 740
pick 1 765
pick 1 770
pick 1 786
pick 1 789
pick 1 799
pick 1 801
pick 3 769
pick 9 808
10
1 51
2 42
3 53
4 14
5 65
6 101
7 57
8 58
9 29
10 80
6
drop 6 777
drop 6 790
pick 6 803
pick 6 809
pick 6 811
pick 6 813
10
1 41
2 105
3 63
4 4
5 75
6 6
7 67
8 48
9 19
10 108
3
drop 2 797
pick 2 812
pick 10 802
10
1 31
2 42
3 73
4 101
5 85
6 16
7 77
8 38
9 9
10 80
3
drop 4 806
pick 4 805
pick 4 815
10
1 21
2 52
3 108
4 4
5 109
6 26
7 87
8 28
9 101
10 70
4
drop 3 769
drop 5 784
drop 9 808
pick 9 810
10
1 11
2 62
3 73
4 14
5 85
6 36
7 97
8 18
9 9
10 60
0
10
1 1
2 72
3 63
4 24
5 75
6 46
7 110
8 8
9 19
10 50
1
drop 7 788
10
1 101
2 82
3 107
4 34
5 65
6 56
7 97
8 101
9 29
10 40
9
drop 1 765
drop 1 770
drop 1 786
drop 1 789
drop 1 799
drop 1 801
drop 8 804
pick 1 818
pick 3 814
9
1 1
2 109
3 63
4 44
5 55
6 66
7 87
9 39
10 30
2
drop 2 812
pick 8 823
9
1 11
3 53
4 54
5 106
6 76
7 77
8 8
9 49
10 20
1
pick 5 820
9
1 21
3 43
4 64
5 55
6 86
7 108
8 18
9 59
10 10
0
8
1 31
3 33
4 74
5 45
6 109
8 28
9 69
10 101
7
drop 6 803
drop 6 809
drop 6 811
drop 6 813
drop 10 802
pick 7 827
pick 10 824
9
1 104
3 23
4 84
5 35
6 86
7 77
8 38
9 107
10 10
4
drop 1 818
drop 9 810
pick 1 798
pick 2 830
9
1 31
2 82
3 13
4 94
5 25
6 96
7 67
8 48
10 20
1
pick 9 833
10
1 41
2 72
3 3
4 110
5 15
6 110
7 57
8 58
9 69
10 30
3
drop 4 805
drop 4 815
pick 6 832
10
1 51
2 62
3 101
4 94
5 5
6 96
7 47
8 68
9 79
10 40
2
drop 3 814
pick 3 826
10
1 106
2 107
3 3
4 84
5 101
6 86
7 37
8 78
9 89
10 50
6
drop 1 798
drop 2 830
drop 5 820
pick 2 837
pick 5 828
pick 5 836
10
1 51
2 62
3 13
4 109
5 5
6 76
7 27
8 88
9 99
10 60
1
pick 4 835
10
1 41
2 52
3 102
4 84
5 15
6 66
7 17
8 98
9 110
10 70
8
drop 3 826
drop 9 833
pick 3 807
pick 3 825
pick 3 831
pick 3 838
pick 3 839
pick 3 843
10
1 105
2 42
3 13
4 74
5 25
6 56
7 7
8 110
9 99
10 80
4
drop 8 823
pick 1 817
pick 1 822
pick 1 847
10
1 41
2 32
3 3
4 108
5 35
6 46
7 101
8 98
9 89
10 108
5
drop 4 835
drop 7 827
drop 10 824
pick 7 840
pick 7 850
10
1 31
2 22
3 101
4 74
5 45
6 36
7 7
8 88
9 79
10 80
7
drop 3 807
drop 3 825
drop 3 831
drop 3 838
drop 3 839
drop 3 843
pick 3 844
10
1 21
2 103
3 3
4 64
5 55
6 26
7 17
8 78
9 108
10 70
4
drop 2 837
pick 2 819
pick 2 842
pick 9 834
10
1 11
2 22
3 13
4 107
5 106
6 16
7 27
8 108
9 79
10 60
4
drop 5 828
drop 5 836
pick 4 857
pick 8 851
10
1 1
2 12
3 23
4 64
5 55
6 6
7 103
8 78
9 69
10 106
4
drop 7 840
drop 7 850
pick 7 829
pick 10 855
10
1 101
2 2
3 33
4 74
5 45
6 101
7 27
8 68
9 59
10 60
12
drop 1 817
drop 1 822
drop 1 847
drop 6 832
pick 1 845
pick 1 866
pick 6 846
pick 6 848
pick 6 852
pick 6 854
pick 6 859
pick 6 860
10
1 1
2 101
3 43
4 84
5 105
6 6
7 37
8 58
9 49
10 50
6
drop 2 819
drop 2 842
pick 2 849
pick 2 861
pick 5 858
pick 5 864
10
1 11
2 2
3 53
4 94
5 45
6 16
7 47
8 48
9 39
10 40
0
10
1 21
2 12
3 63
4 110
5 35
6 26
7 105
8 38
9 29
10 30
4
drop 4 857
drop 7 829
pick 4 862
pick 7 870
10
1 31
2 22
3 73
4 94
5 25
6 36
7 47
8 28
9 19
10 20
0
10
1 104
2 32
3 83
4 84
5 15
6 46
7 37
8 18
9 9
10 102
5
drop 1 845
drop 1 866
drop 10 855
pick 1 821
pick 10 816
10
1 31
2 42
3 109
4 74
5 5
6 56
7 27
8 8
9 101
10 20
4
drop 3 844
drop 9 834
pick 9 856
pick 9 881
9
1 41
2 105
4 64
5 101
6 66
7 17
8 101
9 9
10 30
11
drop 2 849
drop 2 861
drop 5 858
drop 5 864
drop 8 851
pick 2 875
pick 2 883
pick 3 884
pick 5 868
pick 5 878
pick 8 872
10
1 51
2 42
3 83
4 54
5 5
6 76
7 7
8 8
9 19
10 40
0
10
1 61
2 32
3 73
4 44
5 15
6 108
7 101
8 18
9 29
10 50
11
drop 6 846
drop 6 848
drop 6 852
drop 6 854
drop 6 859
drop 6 860
drop 7 870
pick 6 865
pick 6 876
pick 7 873
pick 7 888
10
1 107
2 22
3 63
4 34
5 25
6 76
7 7
8 102
9 39
10 60
5
drop 1 821
drop 8 872
pick 1 863
pick 8 867
pick 8 871
10
1 61
2 12
3 53
4 24
5 103
6 66
7 17
8 18
9 49
10 70
3
drop 5 868
drop 5 878
pick 5 853
10
1 71
2 2
3 43
4 14
5 25
6 56
7 27
8 8
9 59
10 80
0
10
1 81
2 101
3 33
4 4
5 35
6 46
7 37
8 101
9 69
10 90
9
drop 2 875
drop 2 883
drop 8 867
drop 8 871
pick 2 879
pick 2 882
pick 2 887
pick 8 885
pick 8 893
10
1 91
2 2
3 23
4 101
5 45
6 36
7 47
8 8
9 79
10 109
5
drop 4 862
drop 10 816
pick 4 891
pick 4 892
pick 10 895
10
1 110
2 12
3 13
4 4
5 55
6 26
7 105
8 18
9 89
10 90
4
drop 1 863
drop 7 873
drop 7 888
pick 1 880
9
1 91
2 22
3 3
4 14
5 106
6 16
8 28
9 109
10 80
5
drop 5 853
drop 9 856
drop 9 881
pick 5 889
pick 5 903
9
1 81
2 32
3 101
4 24
5 55
6 6
8 38
9 89
10 70
3
drop 3 884
pick 3 894
pick 7 910
10
1 71
2 42
3 3
4 34
5 45
6 101
7 47
8 48
9 79
10 60
3
drop 6 865
drop 6 876
pick 6 898
10
1 61
2 52
3 13
4 44
5 35
6 6
7 37
8 58
9 108
10 50
1
pick 9 913
10
1 51
2 62
3 23
4 54
5 25
6 16
7 27
8 68
9 79
10 40
0
10
1 41
2 107
3 33
4 106
5 15
6 26
7 17
8 78
9 89
10 30
10
drop 2 879
drop 2 882
drop 2 887
drop 4 891
drop 4 892
pick 2 869
pick 2 896
pick 2 908
pick 4 912
pick 4 915
10
1 31
2 62
3 43
4 54
5 5
6 103
7 7
8 88
9 109
10 20
4
drop 6 898
drop 9 913
pick 6 877
pick 9 920
10
1 21
2 52
3 105
4 44
5 101
6 26
7 101
8 98
9 89
10 10
10
drop 3 894
drop 5 889
drop 5 903
drop 7 910
pick 3 916
pick 5 899
pick 5 925
pick 7 900
pick 7 909
pick 7 922
10
1 11
2 42
3 43
4 34
5 5
6 36
7 7
8 110
9 79
10 101
5
drop 8 885
drop 8 893
drop 10 895
pick 10 902
pick 10 906
9
1 1
2 32
3 33
4 24
5 15
6 46
7 17
9 69
10 10
0
9
1 101
2 22
3 23
4 14
5 25
6 105
7 27
9 59
10 20
5
drop 1 880
drop 6 877
pick 1 918
pick 6 923
pick 8 933
10
1 1
2 12
3 13
4 4
5 35
6 46
7 37
8 98
9 49
10 30
0
10
1 11
2 2
3 3
4 101
5 45
6 36
7 47
8 88
9 39
10 40
4
drop 4 912
drop 4 915
pick 4 921
pick 4 934
10
1 102
2 101
3 101
4 4
5 55
6 104
7 57
8 78
9 29
10 50
16
drop 1 918
drop 2 869
drop 2 896
drop 2 908
drop 3 916
drop 6 923
pick 1 914
pick 1 924
pick 2 928
pick 3 929
pick 6 841
pick 6 874
pick 6 890
pick 6 904
pick 6 905
pick 6 911
10
1 11
2 2
3 3
4 14
5 65
6 36
7 67
8 68
9 19
10 60
0
10
1 21
2 12
3 13
4 24
5 107
6 26
7 77
8 58
9 9
10 70
2
drop 5 899
drop 5 925
9
1 103
2 22
3 23
4 34
6 16
7 87
8 48
9 101
10 80
9
drop 1 914
drop 1 924
drop 9 920
pick 1 886
pick 1 901
pick 1 907
pick 1 936
pick 5 939
pick 9 932
10
1 21
2 32
3 33
4 104
5 65
6 6
7 109
8 38
9 9
10 108
10
drop 4 921
drop 4 934
drop 7 900
drop 7 909
drop 7 922
drop 10 902
drop 10 906
pick 4 897
pick 7 926
pick 10 917
10
1 11
2 42
3 43
4 34
5 55
6 101
7 87
8 28
9 19
10 80
7
drop 6 841
drop 6 874
drop 6 890
drop 6 904
drop 6 905
drop 6 911
pick 6 935
10
1 1
2 52
3 53
4 24
5 45
6 6
7 77
8 18
9 29
10 70
0
10
1 101
2 106
3 63
4 14
5 35
6 16
7 67
8 8
9 39
10 60
7
drop 1 886
drop 1 901
drop 1 907
drop 1 936
drop 2 928
pick 1 937
pick 2 919
10
1 1
2 52
3 107
4 102
5 25
6 26
7 57
8 101
9 49
10 50
7
drop 3 929
drop 4 897
drop 8 933
pick 3 949
pick 4 931
pick 4 950
pick 8 945
10
1 11
2 42
3 63
4 14
5 15
6 103
7 47
8 8
9 59
10 40
2
drop 6 935
pick 6 943
10
1 21
2 32
3 73
4 4
5 5
6 26
7 37
8 18
9 69
10 30
0
10
1 31
2 104
3 83
4 101
5 101
6 16
7 27
8 28
9 79
10 20
8
drop 2 919
drop 4 931
drop 4 950
drop 5 939
pick 2 938
pick 4 951
pick 4 954
pick 5 953
10
1 41
2 32
3 109
4 4
5 5
6 6
7 17
8 38
9 89
10 10
3
drop 3 949
pick 3 927
pick 3 942
10
1 51
2 42
3 83
4 14
5 15
6 101
7 7
8 48
9 99
10 101
4
drop 6 943
drop 10 917
pick 6 956
pick 10 958
10
1 61
2 52
3 73
4 24
5 25
6 6
7 101
8 105
9 110
10 10
6
drop 7 926
drop 8 945
drop 9 932
pick 7 959
pick 8 940
pick 9 952
10
1 71
2 62
3 108
4 34
5 103
6 16
7 7
8 48
9 99
10 20
5
drop 3 927
drop 3 942
drop 5 953
pick 3 941
pick 3 947
10
1 108
2 107
3 73
4 104
5 25
6 26
7 17
8 58
9 89
10 30
6
drop 1 937
drop 2 938
drop 4 951
drop 4 954
pick 1 944
pick 2 955
9
1 71
2 62
3 63
5 15
6 36
7 27
8 106
9 79
10 40
1
drop 8 940
9
1 61
2 52
3 107
5 102
6 46
7 37
8 58
9 69
10 50
4
drop 3 941
drop 3 947
pick 4 966
pick 5 946
9
1 51
2 42
4 34
5 15
6 105
7 47
8 48
9 59
10 60
1
drop 6 956
9
1 41
2 32
4 24
5 25
6 46
7 105
8 105
9 49
10 70
2
drop 7 959
pick 8 962
8
1 31
2 22
4 14
5 35
6 36
8 48
9 39
10 107
2
drop 10 958
pick 3 973
9
1 21
2 12
3 63
4 4
5 45
6 26
8 38
9 29
10 70
0
9
1 11
2 2
3 53
4 101
5 55
6 103
8 28
9 19
10 80
5
drop 4 966
pick 4 961
pick 4 974
pick 6 968
pick 7 975
10
1 1
2 101
3 43
4 4
5 65
6 26
7 47
8 18
9 9
10 90
2
drop 2 955
pick 2 965
10
1 101
2 2
3 33
4 14
5 75
6 36
7 37
8 8
9 101
10 109
4
drop 1 944
drop 9 952
pick 1 967
pick 10 930
9
1 1
2 12
3 23
4 102
5 85
6 46
7 27
8 101
10 90
5
drop 4 961
drop 4 974
drop 8 962
pick 4 963
pick 4 964
8
1 11
2 22
3 13
4 14
5 95
6 56
7 17
10 100
1
pick 9 977
9
1 21
2 32
3 3
4 4
5 110
6 66
7 7
9 9
10 110
6
drop 5 946
drop 10 930
pick 5 957
pick 8 980
pick 10 970
pick 10 984
10
1 31
2 42
3 101
4 101
5 95
6 76
7 101
8 8
9 19
10 100
5
drop 3 973
drop 4 963
drop 4 964
drop 7 975
pick 3 982
8
1 41
2 52
3 3
5 85
6 86
8 18
9 29
10 90
2
pick 4 985
pick 7 986
10
1 51
2 62
3 13
4 4
5 75
6 96
7 7
8 28
9 39
10 80
0
10
1 106
2 107
3 23
4 14
5 65
6 110
7 17
8 38
9 49
10 70
6
drop 1 967
drop 2 965
drop 6 968
pick 2 979
pick 2 990
pick 6 991
10
1 51
2 62
3 33
4 24
5 55
6 96
7 27
8 48
9 59
10 60
0
10
1 41
2 52
3 43
4 34
5 45
6 86
7 37
8 58
9 69
10 50
0
10
1 105
2 42
3 53
4 44
5 35
6 76
7 47
8 106
9 107
10 40
6
drop 8 980
drop 9 977
pick 1 976
pick 1 978
pick 1 987
pick 1 996
10
1 41
2 32
3 63
4 54
5 25
6 66
7 57
8 58
9 69
10 30
0
10
1 31
2 22
3 107
4 64
5 103
6 56
7 67
8 48
9 79
10 20
4
drop 3 982
drop 5 957
pick 5 969
pick 5 971
10
1 21
2 12
3 63
4 74
5 25
6 46
7 77
8 105
9 108
10 10
2
pick 8 1000
pick 9 983
10
1 11
2 2
3 73
4 84
5 35
6 36
7 108
8 48
9 79
10 101
5
drop 7 986
drop 10 970
drop 10 984
pick 10 988
pick 10 994
10
1 1
2 101
3 108
4 94
5 45
6 26
7 77
8 58
9 69
10 10
5
drop 2 979
drop 2 990
pick 2 993
pick 2 998
pick 3 989
10
1 101
2 2
3 73
4 110
5 105
6 16
7 87
8 68
9 59
10 20
9
drop 1 976
drop 1 978
drop 1 987
drop 1 996
drop 4 985
drop 5 969
drop 5 971
pick 1 1004
pick 4 997
10
1 1
2 12
3 63
4 94
5 45
6 6
7 109
8 107
9 49
10 30
2
drop 8 1000
pick 7 948
10
1 11
2 22
3 53
4 84
5 35
6 101
7 87
8 68
9 39
10 103
7
drop 6 991
drop 10 988
drop 10 994
pick 6 1007
pick 6 1009
pick 10 972
pick 10 1005
10
1 21
2 32
3 43
4 74
5 104
6 6
7 77
8 78
9 29
10 30
4
pick 5 981
pick 5 992
pick 5 1003
pick 5 1006
10
1 31
2 42
3 33
4 64
5 35
6 16
7 67
8 108
9 19
10 40
1
pick 8 1012
10
1 41
2 52
3 23
4 54
5 25
6 26
7 57
8 78
9 9
10 50
0
10
1 51
2 62
3 13
4 106
5 15
6 36
7 47
8 68
9 101
10 60
3
drop 4 997
drop 9 983
pick 9 1010
10
1 106
2 72
3 3
4 54
5 5
6 104
7 37
8 58
9 9
10 70
3
drop 1 1004
drop 6 1007
drop 6 1009
9
1 51
2 108
3 101
4 64
5 101
7 27
8 48
9 19
10 80
10
drop 2 993
drop 2 998
drop 3 989
drop 5 981
drop 5 992
drop 5 1003
drop 5 1006
pick 3 1014
pick 5 1015
pick 5 1018
9
1 41
2 72
3 3
4 107
5 5
7 17
8 38
9 29
10 108
4
drop 10 972
drop 10 1005
pick 4 1016
pick 6 1022
10
1 105
2 82
3 13
4 64
5 15
6 36
7 102
8 28
9 39
10 80
5
drop 7 948
pick 1 1017
pick 7 1001
pick 7 1002
pick 7 1021
10
1 41
2 109
3 23
4 54
5 102
6 46
7 17
8 18
9 49
10 90
3
drop 5 1015
drop 5 1018
pick 2 960
10
1 31
2 82
3 103
4 44
5 15
6 56
7 7
8 8
9 59
10 109
5
drop 3 1014
pick 3 1011
pick 3 1013
pick 3 1027
pick 10 995
10
1 21
2 72
3 23
4 34
5 25
6 66
7 101
8 101
9 69
10 90
7
drop 7 1001
drop 7 1002
drop 7 1021
drop 8 1012
pick 7 1020
pick 7 1025
pick 8 1023
10
1 11
2 62
3 13
4 24
5 103
6 76
7 7
8 8
9 107
10 80
2
drop 9 1010
pick 5 999
10
1 1
2 52
3 3
4 14
5 25
6 108
7 17
8 18
9 69
10 70
1
drop 6 1022
9
1 101
2 42
3 101
4 4
5 15
7 27
8 28
9 79
10 60
6
drop 1 1017
drop 3 1011
drop 3 1013
drop 3 1027
pick 1 1024
pick 3 1026
9
1 1
2 32
3 3
4 101
5 102
7 37
8 38
9 89
10 50
3
drop 4 1016
drop 5 999
pick 4 1031
9
1 11
2 22
3 13
4 4
5 15
7 47
8 104
9 109
10 40
4
drop 8 1023
pick 6 1033
pick 8 1030
pick 9 1028
10
1 21
2 12
3 23
4 14
5 5
6 76
7 57
8 38
9 89
10 30
0
10
1 103
2 2
3 33
4 24
5 101
6 66
7 67
8 28
9 79
10 20
2
drop 1 1024
pick 5 1035
10
1 21
2 101
3 43
4 34
5 5
6 56
7 107
8 18
9 69
10 10
4
drop 2 960
drop 7 1020
drop 7 1025
pick 2 1036
10
1 31
2 2
3 53
4 44
5 15
6 46
7 67
8 8
9 59
10 101
2
drop 10 995
pick 10 1038
10
1 41
2 12
3 63
4 54
5 25
6 36
7 77
8 101
9 49
10 10
1
drop 8 1030
9
1 105
2 22
3 73
4 64
5 35
6 26
7 108
9 39
10 20
4
pick 1 1029
pick 1 1032
pick 1 1042
pick 7 1037
9
1 41
2 32
3 83
4 107
5 45
6 16
7 77
9 29
10 30
3
drop 4 1031
pick 4 1043
pick 8 1045
10
1 31
2 42
3 109
4 64
5 55
6 6
7 67
8 8
9 103
10 40
4
drop 3 1026
drop 9 1028
pick 3 1034
pick 3 1039
10
1 21
2 52
3 83
4 54
5 65
6 101
7 57
8 18
9 29
10 50
2
drop 6 1033
pick 6 1047
10
1 11
2 62
3 73
4 44
5 107
6 6
7 47
8 28
9 39
10 60
2
drop 5 1035
pick 5 1049
10
1 1
2 72
3 63
4 34
5 65
6 16
7 37
8 38
9 104
10 70
1
pick 9 1041
10
1 101
2 108
3 53
4 24
5 55
6 26
7 27
8 48
9 39
10 107
7
drop 1 1029
drop 1 1032
drop 1 1042
drop 2 1036
drop 10 1038
pick 1 1048
pick 2 1050
9
1 1
2 72
3 43
4 14
5 45
6 36
7 17
8 58
9 29
0
9
1 11
2 62
3 33
4 4
5 35
6 46
7 7
8 68
9 19
1
pick 10 1067
10
1 21
2 52
3 23
4 101
5 25
6 56
7 101
8 78
9 9
10 70
4
drop 4 1043
drop 7 1037
pick 4 1051
pick 7 1056
10
1 31
2 42
3 13
4 4
5 15
6 66
7 7
8 88
9 101
10 60
3
drop 9 1041
pick 9 1057
pick 9 1070
10
1 104
2 32
3 3
4 14
5 5
6 76
7 17
8 109
9 9
10 50
4
drop 1 1048
drop 8 1045
pick 1 1068
pick 8 1065
10
1 31
2 22
3 101
4 24
5 101
6 108
7 102
8 88
9 19
10 40
11
drop 3 1034
drop 3 1039
drop 5 1049
drop 6 1047
drop 7 1056
pick 3 1058
pick 3 1061
pick 3 1062
pick 5 1059
pick 6 1052
pick 7 1053
10
1 21
2 12
3 3
4 34
5 5
6 76
7 17
8 78
9 29
10 30
0
10
1 11
2 2
3 13
4 44
5 15
6 86
7 27
8 68
9 39
10 20
0
10
1 1
2 101
3 23
4 54
5 25
6 96
7 103
8 58
9 49
10 10
3
drop 2 1050
drop 7 1053
pick 2 1060
10
1 101
2 2
3 103
4 64
5 35
6 110
7 27
8 106
9 59
10 101
20
drop 1 1068
drop 3 1058
drop 3 1061
drop 3 1062
drop 6 1052
drop 8 1065
drop 10 1067
pick 1 1069
pick 1 1076
pick 6 1008
pick 6 1054
pick 6 1079
pick 6 1084
pick 8 1040
pick 8 1044
pick 8 1046
pick 8 1072
pick 8 1073
pick 8 1081
pick 10 1074
10
1 1
2 12
3 23
4 74
5 45
6 96
7 37
8 58
9 106
10 10
2
drop 9 1057
drop 9 1070
10
1 11
2 22
3 13
4 84
5 55
6 86
7 104
8 48
9 59
10 20
1
pick 7 1086
10
1 21
2 32
3 102
4 109
5 65
6 76
7 37
8 38
9 49
10 30
3
drop 4 1051
pick 3 1090
pick 4 1078
10
1 31
2 42
3 13
4 84
5 75
6 66
7 27
8 28
9 105
10 40
1
pick 9 1064
10
1 41
2 105
3 3
4 74
5 108
6 56
7 17
8 18
9 49
10 50
4
drop 2 1060
drop 5 1059
pick 2 1066
pick 5 1063
10
1 51
2 42
3 101
4 64
5 75
6 46
7 7
8 8
9 59
10 60
2
drop 3 1090
pick 3 1085
10
1 61
2 52
3 3
4 54
5 65
6 36
7 101
8 101
9 69
10 106
10
drop 7 1086
drop 8 1040
drop 8 1044
drop 8 1046
drop 8 1072
drop 8 1073
drop 8 1081
drop 10 1074
pick 7 1087
pick 8 1091
9
1 107
2 106
3 13
4 44
5 55
6 26
7 7
8 8
9 79
5
drop 1 1069
drop 1 1076
drop 2 1066
pick 1 1082
pick 10 1104
10
1 61
2 52
3 23
4 34
5 45
6 16
7 17
8 18
9 89
10 60
0
10
1 51
2 42
3 33
4 24
5 35
6 6
7 27
8 28
9 109
10 70
4
drop 9 1064
pick 9 1080
pick 9 1093
pick 9 1101
10
1 106
2 105
3 43
4 103
5 25
6 101
7 37
8 38
9 89
10 107
13
drop 1 1082
drop 4 1078
drop 6 1008
drop 6 1054
drop 6 1079
drop 6 1084
drop 10 1104
pick 2 1075
pick 2 1108
pick 4 1097
pick 6 1098
pick 10 1103
pick 10 1109
10
1 51
2 42
3 53
4 24
5 103
6 6
7 47
8 104
9 79
10 70
4
drop 5 1063
drop 8 1091
pick 8 1095
pick 8 1096
9
1 41
2 32
3 63
4 14
6 16
7 57
8 38
9 69
10 60
1
pick 5 1115
10
1 105
2 22
3 73
4 4
5 25
6 26
7 106
8 28
9 59
10 50
2
drop 7 1087
pick 1 1083
10
1 41
2 12
3 83
4 101
5 15
6 36
7 57
8 18
9 49
10 105
4
drop 4 1097
drop 10 1103
drop 10 1109
pick 4 1099
10
1 31
2 2
3 93
4 4
5 5
6 46
7 47
8 8
9 39
10 50
0
10
1 21
2 101
3 110
4 14
5 101
6 56
7 105
8 101
9 29
10 40
14
drop 2 1075
drop 2 1108
drop 3 1085
drop 5 1115
drop 8 1095
drop 8 1096
pick 2 1102
pick 2 1107
pick 2 1121
pick 3 1019
pick 3 1077
pick 5 1112
pick 7 1106
pick 8 1113
10
1 103
2 2
3 93
4 24
5 5
6 66
7 47
8 8
9 19
10 104
3
drop 1 1083
pick 10 1100
pick 10 1126
9
2 12
3 83
4 34
5 15
6 76
7 57
8 18
9 9
10 40
1
pick 1 1131
10
1 21
2 22
3 109
4 44
5 25
6 108
7 67
8 102
9 101
10 50
14
drop 3 1019
drop 3 1077
drop 6 1098
drop 8 1113
drop 9 1080
drop 9 1093
drop 9 1101
pick 3 1117
pick 3 1128
pick 6 1089
pick 8 1114
pick 8 1123
pick 8 1130
pick 9 1119
10
1 31
2 32
3 83
4 105
5 35
6 76
7 77
8 18
9 9
10 60
2
drop 4 1099
pick 4 1125
10
1 41
2 42
3 73
4 44
5 45
6 66
7 108
8 8
9 19
10 106
6
drop 7 1106
drop 10 1100
drop 10 1126
pick 7 1094
pick 7 1116
pick 10 1134
10
1 51
2 52
3 63
4 34
5 55
6 56
7 77
8 101
9 29
10 60
6
drop 8 1114
drop 8 1123
drop 8 1130
pick 8 1120
pick 8 1122
pick 8 1132
10
1 61
2 62
3 53
4 24
5 65
6 46
7 67
8 8
9 39
10 50
0
10
1 71
2 107
3 43
4 14
5 75
6 36
7 57
8 18
9 49
10 40
5
drop 2 1102
drop 2 1107
drop 2 1121
pick 2 1110
pick 2 1137
10
1 81
2 62
3 33
4 4
5 85
6 26
7 47
8 28
9 59
10 30
0
10
1 91
2 52
3 23
4 101
5 109
6 16
7 37
8 103
9 106
10 20
13
drop 4 1125
drop 5 1112
drop 8 1120
drop 8 1122
drop 8 1132
drop 9 1119
pick 4 1127
pick 4 1129
pick 4 1135
pick 4 1143
pick 5 1139
pick 8 1133
pick 9 1140
10
1 110
2 42
3 13
4 4
5 85
6 102
7 27
8 28
9 59
10 10
4
drop 1 1131
drop 6 1089
pick 1 1055
pick 6 1141
10
1 91
2 32
3 3
4 14
5 75
6 16
7 17
8 38
9 49
10 101
2
drop 10 1134
pick 10 1136
10
1 81
2 22
3 101
4 24
5 65
6 26
7 7
8 48
9 39
10 10
3
drop 3 1117
drop 3 1128
pick 3 1138
10
1 71
2 12
3 3
4 34
5 55
6 36
7 101
8 58
9 29
10 20
3
drop 7 1094
drop 7 1116
pick 7 1144
10
1 61
2 2
3 13
4 44
5 45
6 46
7 7
8 68
9 19
10 30
0
10
1 51
2 101
3 23
4 54
5 35
6 56
7 17
8 78
9 9
10 40
3
drop 2 1110
drop 2 1137
pick 2 1146
10
1 41
2 2
3 33
4 64
5 25
6 66
7 27
8 108
9 101
10 104
5
drop 8 1133
drop 9 1140
drop 10 1136
pick 9 1151
pick 10 1124
9
1 31
2 12
3 43
4 107
5 15
6 76
7 37
9 9
10 40
5
drop 4 1127
drop 4 1129
drop 4 1135
drop 4 1143
pick 4 1118
9
1 21
2 102
3 53
4 64
5 5
6 86
7 47
9 19
10 30
3
drop 2 1146
pick 2 1142
pick 8 1164
10
1 11
2 12
3 63
4 74
5 101
6 96
7 57
8 78
9 29
10 20
4
drop 5 1139
pick 5 1152
pick 5 1157
pick 5 1163
10
1 102
2 2
3 73
4 84
5 5
6 110
7 67
8 68
9 39
10 10
4
drop 1 1055
drop 6 1141
pick 1 1156
pick 6 1071
10
1 11
2 101
3 108
4 109
5 15
6 96
7 77
8 58
9 104
10 101
11
drop 2 1142
drop 3 1138
drop 4 1118
drop 9 1151
drop 10 1124
pick 2 1160
pick 2 1161
pick 3 1166
pick 4 1153
pick 4 1170
pick 9 1169
9
1 21
2 2
3 73
4 84
5 25
6 86
7 87
8 48
9 39
1
pick 10 1171
10
1 31
2 12
3 63
4 74
5 35
6 76
7 97
8 38
9 29
10 10
0
10
1 41
2 22
3 53
4 64
5 45
6 66
7 110
8 28
9 19
10 20
4
drop 7 1144
pick 7 1088
pick 7 1111
pick 7 1148
10
1 51
2 32
3 43
4 54
5 55
6 56
7 97
8 18
9 9
10 102
2
drop 10 1171
pick 10 1158
10
1 106
2 42
3 33
4 44
5 65
6 46
7 87
8 8
9 101
10 20
5
drop 1 1156
drop 9 1169
pick 1 1149
pick 1 1165
pick 9 1172
10
1 51
2 52
3 23
4 34
5 107
6 36
7 77
8 101
9 9
10 30
6
drop 5 1152
drop 5 1157
drop 5 1163
drop 8 1164
pick 5 1155
pick 8 1173
10
1 41
2 106
3 13
4 24
5 65
6 26
7 67
8 8
9 19
10 40
2
drop 2 1160
drop 2 1161
10
1 31
2 52
3 3
4 14
5 55
6 103
7 57
8 18
9 29
10 50
2
drop 6 1071
pick 6 1145
10
1 21
2 42
3 101
4 4
5 45
6 26
7 47
8 28
9 39
10 60
3
drop 3 1166
pick 3 1174
pick 3 1180
10
1 11
2 105
3 3
4 101
5 35
6 16
7 37
8 103
9 49
10 70
6
drop 4 1153
drop 4 1170
drop 8 1173
pick 2 1147
pick 2 1176
pick 4 1177
10
1 1
2 42
3 13
4 4
5 25
6 6
7 27
8 28
9 59
10 80
0
10
1 101
2 32
3 23
4 14
5 15
6 101
7 17
8 18
9 69
10 108
6
drop 1 1149
drop 1 1165
drop 6 1145
drop 10 1158
pick 1 1178
pick 6 1182
9
1 1
2 22
3 33
4 24
5 5
6 6
7 7
8 102
9 79
3
pick 8 1159
pick 10 1188
pick 10 1190
10
1 11
2 12
3 43
4 34
5 101
6 16
7 101
8 18
9 89
10 80
6
drop 5 1155
drop 7 1088
drop 7 1111
drop 7 1148
pick 5 1184
pick 7 1185
10
1 21
2 2
3 53
4 104
5 5
6 26
7 7
8 28
9 109
10 70
5
drop 4 1177
drop 9 1172
pick 4 1194
pick 9 1181
pick 9 1186
10
1 31
2 101
3 106
4 34
5 15
6 36
7 17
8 38
9 89
10 60
5
drop 2 1147
drop 2 1176
drop 3 1174
drop 3 1180
pick 2 1187
9
1 41
2 2
4 24
5 25
6 46
7 102
8 48
9 79
10 50
3
drop 7 1185
pick 7 1179
pick 7 1183
9
1 51
2 12
4 14
5 103
6 56
7 17
8 58
9 69
10 40
3
drop 5 1184
pick 3 1202
pick 5 1192
10
1 61
2 22
3 53
4 4
5 25
6 66
7 7
8 68
9 59
10 30
0
10
1 71
2 32
3 43
4 101
5 15
6 76
7 101
8 78
9 49
10 20
6
drop 4 1194
drop 7 1179
drop 7 1183
pick 4 1189
pick 7 1193
pick 7 1201
10
1 108
2 42
3 33
4 4
5 5
6 86
7 7
8 88
9 39
10 10
3
drop 1 1178
pick 1 1198
pick 1 1200
10
1 71
2 52
3 23
4 14
5 101
6 96
7 17
8 109
9 29
10 101
9
drop 5 1192
drop 8 1159
drop 10 1188
drop 10 1190
pick 5 1197
pick 8 1204
pick 8 1207
pick 10 1203
pick 10 1206
10
1 61
2 62
3 13
4 24
5 5
6 110
7 27
8 88
9 19
10 10
2
drop 6 1182
pick 6 1092
10
1 51
2 107
3 3
4 34
5 15
6 96
7 37
8 78
9 9
10 20
2
drop 2 1187
pick 2 1167
10
1 41
2 62
3 101
4 44
5 102
6 86
7 47
8 68
9 101
10 30
7
drop 3 1202
drop 5 1197
drop 9 1181
drop 9 1186
pick 3 1209
pick 3 1212
pick 9 1213
9
1 31
2 52
3 3
4 54
6 76
7 57
8 58
9 9
10 40
1
pick 5 1215
10
1 21
2 42
3 13
4 64
5 15
6 66
7 67
8 48
9 19
10 50
0
10
1 11
2 32
3 23
4 74
5 5
6 107
7 77
8 38
9 102
10 60
3
drop 6 1092
drop 9 1213
pick 6 1191
10
1 1
2 104
3 33
4 108
5 101
6 66
7 87
8 28
9 19
10 70
5
drop 2 1167
drop 4 1189
drop 5 1215
pick 2 1210
pick 5 1217
10
1 101
2 32
3 43
4 74
5 5
6 56
7 109
8 18
9 9
10 80
5
drop 1 1198
drop 1 1200
drop 7 1193
drop 7 1201
pick 1 1220
10
1 1
2 22
3 53
4 84
5 15
6 46
7 87
8 8
9 101
10 90
1
pick 9 1214
10
1 11
2 12
3 63
4 109
5 25
6 36
7 97
8 101
9 9
10 100
4
drop 8 1204
drop 8 1207
pick 4 1221
pick 8 1222
10
1 21
2 2
3 73
4 84
5 103
6 26
7 110
8 8
9 19
10 110
14
drop 5 1217
drop 10 1203
drop 10 1206
pick 5 1219
pick 7 1105
pick 7 1150
pick 7 1154
pick 7 1162
pick 7 1218
pick 10 1175
pick 10 1195
pick 10 1196
pick 10 1199
pick 10 1208
10
1 31
2 101
3 83
4 74
5 25
6 16
7 97
8 18
9 29
10 100
2
drop 2 1210
pick 2 1223
10
1 41
2 2
3 109
4 64
5 15
6 6
7 87
8 28
9 39
10 90
3
drop 3 1209
drop 3 1212
pick 3 1227
10
1 51
2 12
3 83
4 54
5 5
6 101
7 77
8 38
9 49
10 80
2
drop 6 1191
pick 6 1224
10
1 61
2 22
3 73
4 44
5 101
6 6
7 67
8 48
9 59
10 70
3
drop 5 1219
pick 5 1229
pick 5 1231
10
1 71
2 32
3 63
4 34
5 5
6 16
7 57
8 58
9 69
10 60
0
10
1 81
2 42
3 53
4 24
5 15
6 26
7 47
8 106
9 79
10 50
2
drop 8 1222
pick 8 1216
10
1 91
2 105
3 43
4 14
5 25
6 103
7 37
8 58
9 108
10 40
5
drop 2 1223
drop 6 1224
drop 9 1214
pick 2 1168
pick 6 1239
9
1 110
2 42
3 33
4 4
5 35
6 26
7 104
8 48
10 30
8
drop 1 1220
drop 7 1105
drop 7 1150
drop 7 1154
drop 7 1162
drop 7 1218
pick 1 1225
pick 7 1235
9
1 91
2 32
3 23
4 101
5 104
6 16
7 37
8 38
10 20
6
drop 4 1221
drop 5 1229
drop 5 1231
pick 4 1230
pick 5 1238
pick 9 1246
10
1 81
2 104
3 103
4 4
5 35
6 6
7 47
8 28
9 79
10 10
3
drop 2 1168
drop 3 1227
pick 3 1245
9
1 71
3 23
4 14
5 25
6 101
7 57
8 18
9 69
10 101
9
drop 6 1239
drop 10 1175
drop 10 1195
drop 10 1196
drop 10 1199
drop 10 1208
pick 6 1233
pick 10 1240
pick 10 1242
9
1 61
3 33
4 24
5 15
6 6
7 67
8 8
9 59
10 10
1
pick 2 1254
10
1 51
2 32
3 43
4 34
5 5
6 16
7 107
8 101
9 49
10 20
5
drop 7 1235
drop 8 1216
pick 7 1228
pick 8 1244
pick 8 1255
10
1 41
2 42
3 105
4 44
5 101
6 26
7 67
8 8
9 39
10 30
9
drop 3 1245
drop 5 1238
pick 3 1205
pick 3 1211
pick 3 1232
pick 3 1236
pick 3 1241
pick 5 1248
pick 5 1260
10
1 105
2 52
3 43
4 54
5 5
6 36
7 57
8 18
9 29
10 40
1
drop 1 1225
10
1 41
2 62
3 33
4 64
5 15
6 46
7 47
8 28
9 103
10 104
5
drop 9 1246
drop 10 1240
drop 10 1242
pick 9 1247
pick 9 1252
10
1 51
2 72
3 23
4 74
5 25
6 56
7 37
8 38
9 29
10 40
0
10
1 106
2 82
3 13
4 84
5 35
6 66
7 27
8 48
9 19
10 30
1
pick 1 1262
10
1 51
2 109
3 3
4 94
5 45
6 107
7 103
8 105
9 9
10 20
6
drop 2 1254
drop 6 1233
drop 7 1228
drop 8 1244
drop 8 1255
pick 2 1253
9
1 41
2 82
3 101
4 110
5 55
6 66
8 48
9 101
10 102
14
drop 3 1205
drop 3 1211
drop 3 1232
drop 3 1236
drop 3 1241
drop 4 1230
drop 9 1247
drop 9 1252
pick 3 1249
pick 3 1265
pick 3 1266
pick 4 1226
pick 9 1251
pick 10 1237
9
1 31
2 72
3 3
4 94
5 65
6 76
8 58
9 9
10 20
2
pick 7 1270
pick 7 1271
10
1 21
2 62
3 13
4 84
5 75
6 108
7 27
8 106
9 19
10 10
2
pick 6 1259
pick 8 1269
10
1 11
2 52
3 102
4 74
5 85
6 76
7 17
8 58
9 29
10 101
6
drop 3 1249
drop 3 1265
drop 3 1266
drop 10 1237
pick 10 1257
pick 10 1273
10
1 1
2 106
3 13
4 64
5 109
6 86
7 7
8 48
9 39
10 10
4
drop 2 1253
drop 5 1248
drop 5 1260
pick 5 1267
10
1 101
2 52
3 3
4 54
5 85
6 109
7 101
8 105
9 49
10 20
7
drop 1 1262
drop 6 1259
drop 7 1270
drop 7 1271
drop 8 1269
pick 1 1261
pick 7 1263
10
1 1
2 62
3 101
4 106
5 75
6 86
7 7
8 48
9 59
10 30
5
drop 4 1226
pick 3 1256
pick 3 1264
pick 3 1268
pick 3 1272
10
1 11
2 107
3 3
4 54
5 65
6 96
7 17
8 38
9 106
10 103
4
drop 9 1251
drop 10 1257
drop 10 1273
pick 2 1276
9
1 21
2 62
3 13
4 44
5 55
6 110
7 27
8 104
9 59
6
pick 6 1234
pick 6 1243
pick 6 1250
pick 6 1258
pick 6 1285
pick 8 1279
9
1 31
2 52
3 23
4 105
5 45
6 96
7 37
8 38
9 69
2
pick 4 1287
pick 10 1286
10
1 41
2 42
3 33
4 44
5 35
6 86
7 47
8 48
9 79
10 30
0
10
1 51
2 32
3 104
4 54
5 25
6 76
7 105
8 58
9 108
10 20
7
drop 3 1256
drop 3 1264
drop 3 1268
drop 3 1272
drop 7 1263
pick 9 1280
pick 9 1284
10
1 61
2 22
3 33
4 64
5 15
6 66
7 47
8 68
9 79
10 10
0
10
1 71
2 12
3 43
4 74
5 102
6 56
7 57
8 78
9 69
10 101
4
drop 5 1267
drop 10 1286
pick 10 1275
pick 10 1277
10
1 81
2 2
3 105
4 84
5 15
6 46
7 67
8 108
9 59
10 10
2
drop 8 1279
pick 3 1294
10
1 109
2 101
3 43
4 94
5 5
6 36
7 107
8 78
9 49
10 20
6
drop 1 1261
drop 2 1276
pick 1 1290
pick 2 1278
pick 2 1291
pick 7 1293
10
1 81
2 2
3 33
4 110
5 101
6 26
7 67
8 88
9 39
10 30
2
drop 4 1287
pick 5 1274
9
1 71
2 12
3 23
5 5
6 16
7 57
8 109
9 29
10 40
1
pick 8 1288
9
1 61
2 22
3 13
5 15
6 6
7 47
8 88
9 19
10 50
1
pick 4 1300
10
1 51
2 32
3 3
4 94
5 25
6 101
7 37
8 78
9 9
10 60
6
drop 6 1234
drop 6 1243
drop 6 1250
drop 6 1258
drop 6 1285
pick 6 1281
10
1 41
2 42
3 101
4 84
5 35
6 6
7 27
8 68
9 101
10 70
9
drop 3 1294
drop 9 1280
drop 9 1284
pick 3 1282
pick 3 1283
pick 3 1298
pick 9 1289
pick 9 1301
pick 9 1303
10
1 31
2 52
3 3
4 74
5 45
6 16
7 17
8 58
9 9
10 80
0
10
1 104
2 62
3 13
4 64
5 55
6 26
7 102
8 48
9 19
10 108
5
drop 1 1290
drop 7 1293
drop 10 1275
drop 10 1277
pick 10 1304
9
1 31
2 72
3 23
4 54
5 65
6 36
8 38
9 29
10 80
1
pick 7 1315
10
1 41
2 82
3 33
4 106
5 75
6 46
7 17
8 28
9 103
10 70
5
drop 4 1300
drop 9 1289
drop 9 1301
drop 9 1303
pick 4 1297
10
1 105
2 92
3 43
4 54
5 85
6 56
7 27
8 18
9 29
10 60
1
pick 1 1305
10
1 41
2 110
3 53
4 64
5 95
6 106
7 37
8 8
9 19
10 50
4
drop 2 1278
drop 2 1291
drop 6 1281
pick 2 1307
10
1 31
2 92
3 63
4 74
5 110
6 56
7 47
8 101
9 102
10 40
6
drop 5 1274
drop 8 1288
pick 8 1292
pick 8 1299
pick 8 1314
pick 9 1321
10
1 21
2 82
3 107
4 84
5 95
6 66
7 57
8 8
9 19
10 30
4
drop 3 1282
drop 3 1283
drop 3 1298
pick 3 1309
10
1 11
2 72
3 63
4 109
5 85
6 107
7 106
8 18
9 9
10 20
5
drop 4 1297
drop 7 1315
pick 4 1310
pick 6 1296
pick 7 1324
10
1 1
2 62
3 53
4 84
5 109
6 66
7 57
8 28
9 101
10 10
4
drop 9 1321
pick 5 1308
pick 9 1295
pick 9 1306
10
1 101
2 52
3 43
4 74
5 85
6 56
7 47
8 38
9 9
10 101
5
drop 1 1305
drop 10 1304
pick 1 1302
pick 1 1317
pick 10 1312
10
1 1
2 42
3 33
4 64
5 75
6 46
7 37
8 104
9 19
10 10
4
drop 8 1292
drop 8 1299
drop 8 1314
pick 8 1328
10
1 11
2 32
3 23
4 107
5 65
6 36
7 27
8 38
9 29
10 20
1
drop 4 1310
9
1 21
2 22
3 103
5 55
6 26
7 17
8 48
9 39
10 30
1
drop 3 1309
9
1 31
2 12
3 23
5 45
6 16
7 7
8 58
9 49
10 40
1
pick 4 1341
10
1 41
2 2
3 13
4 64
5 105
6 6
7 101
8 68
9 59
10 50
5
drop 5 1308
drop 7 1324
pick 5 1311
pick 7 1313
pick 7 1318
10
1 51
2 101
3 102
4 54
5 45
6 101
7 7
8 78
9 69
10 60
6
drop 2 1307
drop 6 1296
pick 2 1316
pick 2 1327
pick 3 1336
pick 6 1322
10
1 61
2 2
3 13
4 44
5 35
6 6
7 17
8 108
9 79
10 70
2
drop 8 1328
pick 8 1319
10
1 71
2 12
3 3
4 34
5 104
6 16
7 27
8 78
9 89
10 107
4
drop 5 1311
drop 10 1312
pick 5 1344
pick 10 1345
10
1 108
2 22
3 101
4 24
5 35
6 102
7 37
8 68
9 109
10 70
10
drop 1 1302
drop 1 1317
drop 3 1336
drop 6 1322
drop 9 1295
drop 9 1306
pick 1 1325
pick 3 1329
pick 3 1338
pick 9 1320
10
1 71
2 103
3 3
4 14
5 45
6 16
7 47
8 107
9 89
10 60
3
drop 2 1316
drop 2 1327
drop 8 1319
9
1 81
2 22
3 13
4 4
5 105
6 6
7 57
9 79
10 50
3
drop 5 1344
pick 5 1323
pick 8 1353
10
1 109
2 32
3 23
4 101
5 45
6 101
7 106
8 68
9 69
10 40
12
drop 1 1325
drop 4 1341
drop 7 1313
drop 7 1318
pick 1 1339
pick 4 1340
pick 6 1332
pick 6 1342
pick 7 1331
pick 7 1335
pick 7 1349
pick 7 1350
10
1 81
2 104
3 33
4 4
5 55
6 6
7 57
8 58
9 59
10 30
1
pick 2 1346
10
1 71
2 32
3 43
4 14
5 65
6 16
7 47
8 48
9 49
10 20
0
10
1 108
2 22
3 53
4 24
5 75
6 26
7 37
8 38
9 39
10 10
5
drop 1 1339
pick 1 1326
pick 1 1330
pick 1 1337
pick 1 1352
10
1 71
2 12
3 63
4 34
5 108
6 36
7 27
8 28
9 29
10 101
6
drop 5 1323
drop 10 1345
pick 5 1333
pick 10 1343
pick 10 1359
pick 10 1360
10
1 61
2 2
3 73
4 44
5 75
6 46
7 17
8 18
9 19
10 10
0
10
1 51
2 101
3 83
4 54
5 65
6 56
7 7
8 8
9 9
10 20
4
drop 2 1346
pick 2 1347
pick 2 1348
pick 2 1355
10
1 41
2 2
3 109
4 64
5 55
6 66
7 101
8 101
9 101
10 30
15
drop 3 1329
drop 3 1338
drop 7 1331
drop 7 1335
drop 7 1349
drop 7 1350
drop 8 1353
drop 9 1320
pick 3 1356
pick 3 1361
pick 7 1351
pick 7 1357
pick 8 1354
pick 9 1358
pick 9 1364
10
1 31
2 12
3 83
4 107
5 45
6 76
7 7
8 8
9 9
10 40
1
drop 4 1340
10
1 21
2 22
3 73
4 64
5 35
6 86
7 17
8 18
9 19
10 50
0
10
1 11
2 32
3 63
4 74
5 25
6 96
7 102
8 28
9 29
10 60
4
drop 7 1351
drop 7 1357
pick 7 1363
pick 7 1375
10
1 1
2 104
3 53
4 108
5 15
6 110
7 17
8 103
9 39
10 70
10
drop 2 1347
drop 2 1348
drop 2 1355
drop 6 1332
drop 6 1342
drop 8 1354
pick 4 1366
pick 4 1369
pick 6 1334
pick 8 1373
10
1 101
2 32
3 43
4 74
5 102
6 96
7 7
8 28
9 49
10 80
10
drop 1 1326
drop 1 1330
drop 1 1337
drop 1 1352
drop 5 1333
pick 1 1365
pick 1 1368
pick 1 1376
pick 5 1378
pick 5 1382
10
1 1
2 22
3 33
4 64
5 15
6 86
7 101
8 18
9 59
10 108
6
drop 7 1363
drop 7 1375
drop 10 1343
drop 10 1359
drop 10 1360
pick 7 1367
10
1 11
2 103
3 23
4 54
5 5
6 76
7 7
8 8
9 69
10 80
1
pick 2 1362
10
1 21
2 22
3 13
4 44
5 101
6 66
7 17
8 101
9 79
10 90
5
drop 5 1378
drop 5 1382
drop 8 1373
pick 5 1370
pick 8 1371
10
1 31
2 12
3 3
4 34
5 5
6 56
7 27
8 8
9 89
10 109
2
pick 10 1374
pick 10 1389
10
1 41
2 2
3 101
4 24
5 15
6 46
7 37
8 18
9 99
10 90
5
drop 3 1356
drop 3 1361
pick 3 1372
pick 3 1377
pick 3 1388
10
1 51
2 101
3 3
4 14
5 25
6 36
7 47
8 28
9 110
10 80
6
drop 2 1362
drop 9 1358
drop 9 1364
pick 2 1380
pick 9 1379
pick 9 1387
10
1 106
2 2
3 13
4 4
5 35
6 26
7 57
8 38
9 99
10 70
5
drop 1 1365
drop 1 1368
drop 1 1376
pick 1 1385
pick 1 1386
10
1 51
2 12
3 23
4 101
5 45
6 16
7 67
8 48
9 89
10 60
3
drop 4 1366
drop 4 1369
pick 4 1383
10
1 41
2 22
3 33
4 4
5 55
6 6
7 77
8 58
9 79
10 50
0
10
1 31
2 103
3 43
4 14
5 65
6 101
7 108
8 68
9 69
10 40
7
drop 2 1380
drop 6 1334
drop 7 1367
pick 2 1401
pick 2 1402
pick 6 1390
pick 6 1391
10
1 21
2 22
3 105
4 24
5 107
6 6
7 77
8 78
9 59
10 30
4
drop 3 1372
drop 3 1377
drop 3 1388
drop 5 1370
10
1 11
2 12
3 43
4 34
5 65
6 16
7 87
8 88
9 49
10 20
0
10
1 1
2 2
3 53
4 44
5 75
6 26
7 109
8 109
9 39
10 10
2
drop 8 1371
pick 7 1381
10
1 101
2 101
3 106
4 54
5 85
6 36
7 87
8 88
9 29
10 101
11
drop 1 1385
drop 1 1386
drop 2 1401
drop 2 1402
drop 10 1374
drop 10 1389
pick 1 1394
pick 1 1404
pick 2 1395
pick 3 1392
pick 10 1403
10
1 1
2 2
3 53
4 106
5 109
6 46
7 77
8 98
9 19
10 10
2
drop 4 1383
pick 5 1399
10
1 11
2 12
3 63
4 54
5 85
6 56
7 67
8 110
9 9
10 20
2
pick 8 1393
pick 8 1398
10
1 21
2 22
3 73
4 44
5 75
6 66
7 57
8 98
9 101
10 30
3
drop 9 1379
drop 9 1387
pick 9 1407
10
1 31
2 32
3 83
4 105
5 65
6 76
7 47
8 88
9 9
10 40
1
pick 4 1412
10
1 41
2 42
3 109
4 44
5 55
6 86
7 37
8 78
9 19
10 104
5
drop 3 1392
drop 10 1403
pick 3 1410
pick 10 1400
pick 10 1409
10
1 51
2 52
3 83
4 34
5 45
6 96
7 27
8 68
9 102
10 40
6
drop 9 1407
pick 9 1384
pick 9 1396
pick 9 1397
pick 9 1405
pick 9 1417
10
1 61
2 62
3 73
4 24
5 35
6 110
7 17
8 58
9 19
10 30
3
drop 6 1390
drop 6 1391
pick 6 1406
10
1 71
2 72
3 63
4 14
5 25
6 96
7 102
8 48
9 9
10 20
2
drop 7 1381
pick 7 1416
10
1 108
2 82
3 53
4 4
5 15
6 86
7 17
8 38
9 101
10 10
11
drop 1 1394
drop 1 1404
drop 9 1384
drop 9 1396
drop 9 1397
drop 9 1405
drop 9 1417
pick 1 1419
pick 9 1408
pick 9 1420
pick 9 1423
10
1 71
2 109
3 43
4 101
5 5
6 76
7 27
8 28
9 9
10 101
8
drop 2 1395
drop 4 1412
drop 10 1400
drop 10 1409
pick 2 1424
pick 2 1427
pick 4 1411
pick 10 1413
10
1 61
2 82
3 33
4 4
5 101
6 108
7 37
8 18
9 19
10 10
4
drop 5 1399
drop 6 1406
pick 5 1414
pick 6 1428
10
1 51
2 72
3 23
4 14
5 5
6 76
7 47
8 8
9 29
10 20
0
10
1 41
2 62
3 13
4 24
5 15
6 66
7 57
8 101
9 39
10 30
4
drop 8 1393
drop 8 1398
pick 8 1418
pick 8 1431
10
1 31
2 52
3 3
4 34
5 25
6 56
7 67
8 8
9 49
10 40
0
10
1 21
2 42
3 101
4 44
5 35
6 46
7 77
8 18
9 105
10 50
6
drop 3 1410
drop 9 1408
drop 9 1420
drop 9 1423
pick 3 1426
pick 3 1437
10
1 11
2 32
3 3
4 54
5 45
6 36
7 87
8 102
9 49
10 60
3
drop 8 1418
drop 8 1431
pick 8 1429
10
1 1
2 22
3 13
4 64
5 55
6 26
7 109
8 18
9 39
10 70
1
drop 7 1416
10
1 101
2 12
3 23
4 74
5 106
6 16
7 87
8 8
9 104
10 80
5
drop 1 1419
drop 5 1414
pick 1 1430
pick 5 1434
pick 9 1421
10
1 1
2 2
3 33
4 84
5 55
6 102
7 97
8 101
9 39
10 90
6
drop 6 1428
drop 8 1429
pick 6 1436
pick 8 1432
pick 8 1433
pick 8 1444
10
1 11
2 101
3 104
4 94
5 45
6 16
7 110
8 8
9 29
10 109
9
drop 2 1424
drop 2 1427
drop 3 1426
drop 3 1437
drop 10 1413
pick 2 1441
pick 7 1415
pick 7 1442
pick 7 1443
10
1 21
2 2
3 33
4 110
5 35
6 26
7 97
8 18
9 19
10 90
1
drop 4 1411
9
1 31
2 12
3 23
5 25
6 103
7 87
8 28
9 9
10 80
3
drop 6 1436
pick 6 1425
pick 6 1435
9
1 41
2 22
3 103
5 15
6 26
7 77
8 103
9 101
10 108
8
drop 8 1432
drop 8 1433
drop 8 1444
drop 9 1421
pick 3 1422
pick 8 1438
pick 9 1445
pick 10 1439
9
1 51
2 32
3 23
5 5
6 16
7 67
8 28
9 9
10 80
0
9
1 61
2 42
3 13
5 101
6 6
7 57
8 38
9 19
10 70
4
drop 5 1434
pick 4 1452
pick 5 1448
pick 5 1449
10
1 107
2 105
3 3
4 94
5 5
6 101
7 47
8 48
9 29
10 60
6
drop 1 1430
drop 2 1441
drop 6 1425
drop 6 1435
pick 2 1446
pick 6 1453
10
1 61
2 42
3 101
4 84
5 15
6 6
7 37
8 58
9 39
10 50
1
drop 3 1422
9
1 51
2 32
4 74
5 25
6 16
7 27
8 68
9 49
10 40
1
pick 3 1459
10
1 106
2 22
3 3
4 64
5 35
6 26
7 17
8 78
9 59
10 30
1
pick 1 1455
10
1 51
2 12
3 13
4 54
5 45
6 36
7 7
8 108
9 69
10 20
1
drop 8 1438
10
1 41
2 102
3 23
4 44
5 105
6 46
7 101
8 78
9 79
10 10
10
drop 2 1446
drop 5 1448
drop 5 1449
drop 7 1415
drop 7 1442
drop 7 1443
pick 2 1440
pick 5 1447
pick 7 1461
pick 7 1463
10
1 31
2 12
3 33
4 34
5 45
6 56
7 7
8 88
9 108
10 101
3
drop 9 1445
drop 10 1439
pick 10 1466
10
1 21
2 22
3 43
4 24
5 35
6 106
7 17
8 109
9 79
10 10
4
drop 6 1453
pick 6 1464
pick 8 1456
pick 8 1458
10
1 11
2 32
3 53
4 14
5 25
6 56
7 27
8 88
9 89
10 20
0
10
1 102
2 42
3 63
4 4
5 15
6 46
7 37
8 78
9 109
10 30
3
drop 1 1455
pick 1 1460
pick 9 1457
10
1 11
2 52
3 73
4 101
5 5
6 36
7 47
8 68
9 89
10 103
3
drop 4 1452
drop 10 1466
pick 10 1450
9
1 21
2 106
3 83
5 101
6 26
7 57
8 58
9 79
10 30
5
drop 2 1440
drop 5 1447
pick 2 1465
pick 4 1470
pick 5 1471
10
1 31
2 52
3 109
4 4
5 5
6 16
7 67
8 48
9 69
10 20
1
drop 3 1459
9
1 41
2 62
4 14
5 15
6 6
7 77
8 38
9 59
10 10
0
9
1 51
2 72
4 24
5 25
6 101
7 108
8 28
9 49
10 101
6
drop 6 1464
drop 7 1461
drop 7 1463
drop 10 1450
pick 6 1472
pick 10 1474
9
1 61
2 108
4 34
5 35
6 6
7 77
8 18
9 39
10 10
2
drop 2 1465
pick 3 1479
10
1 107
2 72
3 83
4 44
5 45
6 16
7 67
8 8
9 29
10 20
1
drop 1 1460
10
1 61
2 82
3 73
4 54
5 105
6 26
7 107
8 101
9 19
10 30
6
drop 5 1471
drop 8 1456
drop 8 1458
pick 5 1451
pick 7 1473
pick 8 1475
10
1 51
2 109
3 63
4 64
5 45
6 103
7 67
8 8
9 9
10 40
3
drop 6 1472
pick 2 1480
pick 6 1484
10
1 106
2 82
3 53
4 74
5 55
6 26
7 57
8 18
9 101
10 50
5
drop 9 1457
pick 1 1468
pick 1 1469
pick 1 1478
pick 9 1477
10
1 51
2 72
3 43
4 108
5 106
6 16
7 47
8 102
9 9
10 60
7
drop 4 1470
drop 5 1451
drop 8 1475
pick 4 1493
pick 5 1494
pick 8 1476
pick 8 1481
10
1 41
2 62
3 33
4 74
5 55
6 6
7 37
8 18
9 19
10 70
0
10
1 31
2 52
3 23
4 64
5 45
6 101
7 27
8 8
9 29
10 107
4
drop 6 1484
drop 10 1474
pick 6 1485
pick 10 1488
10
1 21
2 42
3 13
4 54
5 35
6 6
7 17
8 101
9 39
10 70
4
drop 8 1476
drop 8 1481
pick 8 1489
pick 8 1490
10
1 11
2 32
3 3
4 44
5 25
6 16
7 7
8 8
9 49
10 60
0
10
1 1
2 22
3 101
4 34
5 103
6 26
7 101
8 18
9 59
10 50
6
drop 3 1479
drop 5 1494
drop 7 1473
pick 3 1496
pick 5 1486
pick 7 1501
10
1 101
2 103
3 3
4 24
5 25
6 36
7 7
8 28
9 106
10 40
7
drop 1 1468
drop 1 1469
drop 1 1478
drop 2 1480
drop 9 1477
pick 1 1506
pick 9 1495
10
1 1
2 22
3 13
4 14
5 15
6 104
7 17
8 38
9 59
10 30
2
drop 6 1485
pick 6 1462
10
1 11
2 32
3 23
4 4
5 5
6 36
7 27
8 48
9 49
10 20
0
10
1 102
2 104
3 33
4 101
5 101
6 26
7 37
8 105
9 39
10 10
14
drop 1 1506
drop 4 1493
drop 5 1486
drop 8 1489
drop 8 1490
pick 1 1498
pick 1 1500
pick 1 1503
pick 2 1454
pick 2 1482
pick 4 1511
pick 8 1467
pick 8 1504
pick 8 1505
9
1 11
2 32
3 43
4 4
6 16
7 47
8 48
9 29
10 101
1
drop 10 1488
8
1 1
2 22
3 53
4 14
6 102
7 57
8 38
9 19
2
drop 6 1462
pick 5 1515
8
1 101
2 12
3 63
4 102
5 5
7 67
8 28
9 9
6
drop 1 1498
drop 1 1500
drop 1 1503
drop 4 1511
pick 6 1517
pick 10 1516
8
2 2
3 73
5 15
6 16
7 107
8 18
9 101
10 10
3
drop 7 1501
drop 9 1495
pick 7 1492
7
2 101
3 83
5 25
6 26
7 67
8 8
10 20
5
drop 2 1454
drop 2 1482
pick 1 1518
pick 4 1521
pick 9 1519
10
1 1
2 2
3 93
4 14
5 35
6 103
7 57
8 101
9 9
10 102
5
drop 6 1517
drop 8 1467
drop 8 1504
drop 8 1505
drop 10 1516
9
1 11
2 12
3 110
4 24
5 104
6 26
7 106
9 19
10 20
8
drop 3 1496
drop 5 1515
drop 7 1492
pick 3 1483
pick 3 1499
pick 3 1514
pick 5 1502
pick 7 1510
9
1 102
2 102
3 93
4 34
5 35
6 36
7 57
9 29
10 10
3
drop 1 1518
pick 2 1523
pick 8 1524
9
2 12
3 83
4 44
5 45
6 104
7 47
8 8
9 39
10 101
3
pick 1 1528
pick 6 1487
pick 10 1526
10
1 11
2 2
3 73
4 105
5 55
6 36
7 37
8 18
9 49
10 10
1
drop 4 1521
9
1 1
2 101
3 63
5 65
6 46
7 27
8 28
9 105
10 20
3
drop 2 1523
drop 9 1519
pick 2 1529
9
1 101
2 2
3 53
5 75
6 56
7 17
8 38
9 49
10 30
4
drop 1 1528
pick 1 1531
pick 1 1535
pick 4 1532
10
1 1
2 12
3 43
4 44
5 85
6 66
7 7
8 104
9 59
10 103
2
drop 8 1524
drop 10 1526
9
1 11
2 22
3 33
4 34
5 109
6 76
7 101
8 38
9 106
5
drop 5 1502
drop 7 1510
pick 5 1491
pick 7 1533
pick 9 1527
9
1 21
2 32
3 23
4 104
5 85
6 108
7 7
8 28
9 59
4
drop 4 1532
drop 6 1487
pick 6 1513
pick 10 1543
10
1 31
2 42
3 13
4 34
5 75
6 76
7 17
8 103
9 49
10 30
1
pick 8 1534
10
1 41
2 52
3 3
4 24
5 65
6 66
7 27
8 28
9 39
10 40
0
10
1 51
2 62
3 101
4 103
5 55
6 56
7 37
8 38
9 29
10 50
6
drop 3 1483
drop 3 1499
drop 3 1514
pick 3 1538
pick 3 1549
pick 4 1552
10
1 106
2 72
3 3
4 24
5 106
6 46
7 104
8 48
9 19
10 60
5
drop 1 1531
drop 1 1535
drop 5 1491
drop 7 1533
pick 1 1530
9
1 51
2 82
3 13
4 34
5 55
6 36
8 58
9 9
10 70
1
pick 7 1558
10
1 41
2 109
3 23
4 44
5 65
6 26
7 37
8 106
9 101
10 80
10
drop 2 1529
drop 8 1534
drop 9 1527
pick 2 1497
pick 2 1508
pick 2 1509
pick 2 1525
pick 9 1539
pick 9 1544
pick 9 1555
10
1 31
2 82
3 33
4 54
5 107
6 16
7 27
8 58
9 9
10 90
2
pick 5 1520
pick 5 1540
10
1 21
2 72
3 43
4 64
5 65
6 102
7 17
8 68
9 19
10 109
5
drop 6 1513
drop 10 1543
pick 6 1548
pick 6 1556
pick 10 1507
10
1 11
2 62
3 53
4 74
5 55
6 16
7 7
8 107
9 29
10 90
1
pick 8 1522
10
1 102
2 52
3 63
4 84
5 45
6 6
7 101
8 68
9 39
10 100
5
drop 1 1530
drop 7 1558
pick 1 1559
pick 7 1541
pick 7 1550
10
1 11
2 42
3 73
4 109
5 35
6 101
7 7
8 58
9 49
10 110
8
drop 4 1552
drop 6 1548
drop 6 1556
drop 10 1507
pick 4 1512
pick 6 1542
pick 6 1557
pick 10 1536
10
1 21
2 32
3 83
4 84
5 25
6 6
7 17
8 48
9 59
10 100
0
10
1 31
2 22
3 109
4 74
5 15
6 16
7 27
8 38
9 106
10 90
6
drop 3 1538
drop 3 1549
drop 9 1539
drop 9 1544
drop 9 1555
pick 9 1568
10
1 41
2 12
3 83
4 108
5 5
6 26
7 103
8 28
9 59
10 80
4
drop 4 1512
drop 7 1541
drop 7 1550
pick 7 1566
10
1 51
2 2
3 73
4 74
5 101
6 36
7 27
8 18
9 49
10 70
5
drop 5 1520
drop 5 1540
pick 5 1546
pick 5 1560
pick 5 1573
10
1 61
2 101
3 108
4 64
5 5
6 46
7 17
8 8
9 39
10 60
6
drop 2 1497
drop 2 1508
drop 2 1509
drop 2 1525
pick 2 1551
pick 3 1537
10
1 71
2 2
3 73
4 107
5 15
6 105
7 7
8 101
9 29
10 50
6
drop 6 1542
drop 6 1557
drop 8 1522
pick 4 1545
pick 6 1554
pick 8 1553
10
1 108
2 12
3 63
4 64
5 25
6 46
7 101
8 8
9 19
10 105
5
drop 1 1559
drop 7 1566
drop 10 1536
pick 7 1562
pick 7 1564
9
2 22
3 53
4 74
5 35
6 36
7 7
8 18
9 9
10 50
1
pick 1 1578
10
1 71
2 32
3 43
4 84
5 45
6 26
7 17
8 28
9 101
10 40
2
drop 9 1568
pick 9 1565
10
1 61
2 42
3 33
4 94
5 55
6 16
7 102
8 38
9 9
10 104
5
drop 7 1562
drop 7 1564
pick 7 1561
pick 10 1563
pick 10 1567
10
1 51
2 52
3 23
4 110
5 65
6 6
7 17
8 48
9 19
10 40
3
drop 4 1545
pick 4 1547
pick 4 1581
10
1 41
2 62
3 13
4 94
5 107
6 101
7 27
8 58
9 29
10 30
8
drop 5 1546
drop 5 1560
drop 5 1573
drop 6 1554
pick 5 1569
pick 6 1570
pick 6 1576
pick 6 1583
10
1 31
2 72
3 3
4 84
5 65
6 6
7 37
8 68
9 39
10 20
0
10
1 21
2 82
3 101
4 74
5 55
6 16
7 47
8 78
9 49
10 10
3
drop 3 1537
pick 3 1571
pick 3 1584
10
1 11
2 92
3 3
4 64
5 45
6 26
7 57
8 88
9 59
10 101
4
drop 10 1563
drop 10 1567
pick 10 1577
pick 10 1582
10
1 1
2 110
3 13
4 54
5 35
6 103
7 67
8 109
9 106
10 10
9
drop 2 1551
drop 6 1570
drop 6 1576
drop 6 1583
drop 8 1553
drop 9 1565
pick 2 1587
pick 6 1574
pick 9 1572
10
1 101
2 92
3 23
4 44
5 25
6 26
7 77
8 88
9 59
10 20
2
drop 1 1578
pick 1 1579
10
1 1
2 82
3 33
4 34
5 15
6 16
7 87
8 78
9 69
10 30
0
10
1 11
2 72
3 43
4 24
5 5
6 6
7 109
8 68
9 79
10 40
1
drop 7 1561
10
1 21
2 62
3 53
4 14
5 101
6 101
7 87
8 107
9 89
10 50
4
drop 5 1569
drop 6 1574
pick 5 1580
pick 8 1588
9
1 31
2 52
3 63
4 4
5 5
7 97
8 68
9 109
10 60
2
drop 9 1572
pick 6 1597
9
1 41
2 42
3 73
4 101
5 15
6 6
7 110
8 58
10 70
4
drop 4 1547
drop 4 1581
pick 4 1598
pick 7 1601
9
1 51
2 32
3 108
4 4
5 102
6 16
7 97
8 48
10 107
7
drop 3 1571
drop 3 1584
drop 5 1580
drop 10 1577
drop 10 1582
pick 5 1590
pick 9 1602
9
1 61
2 22
3 73
4 14
5 15
6 26
7 87
8 38
9 89
0
9
1 71
2 12
3 63
4 24
5 25
6 36
7 77
8 28
9 79
1
pick 10 1607
10
1 81
2 2
3 107
4 34
5 35
6 46
7 67
8 18
9 69
10 70
1
pick 3 1595
10
1 91
2 101
3 63
4 44
5 45
6 105
7 57
8 8
9 59
10 60
5
drop 2 1587
drop 6 1597
pick 2 1599
pick 2 1609
pick 6 1585
10
1 110
2 2
3 53
4 54
5 55
6 46
7 47
8 101
9 49
10 50
7
drop 1 1579
drop 8 1588
pick 1 1603
pick 1 1604
pick 1 1606
pick 1 1614
pick 8 1610
10
1 91
2 12
3 43
4 64
5 65
6 36
7 37
8 8
9 39
10 40
0
10
1 81
2 22
3 33
4 74
5 107
6 26
7 27
8 18
9 29
10 30
2
drop 5 1590
pick 5 1613
10
1 71
2 32
3 23
4 84
5 65
6 103
7 17
8 28
9 19
10 20
2
drop 6 1585
pick 6 1596
10
1 61
2 104
3 13
4 109
5 55
6 26
7 102
8 103
9 9
10 10
9
drop 2 1599
drop 2 1609
drop 4 1598
drop 7 1601
drop 8 1610
pick 2 1592
pick 2 1619
pick 4 1605
pick 7 1591
10
1 51
2 32
3 3
4 84
5 45
6 36
7 17
8 28
9 101
10 101
4
drop 9 1602
drop 10 1607
pick 9 1611
pick 10 1615
10
1 41
2 22
3 101
4 74
5 35
6 46
7 27
8 18
9 9
10 10
2
drop 3 1595
pick 3 1618
10
1 31
2 12
3 3
4 64
5 25
6 56
7 37
8 102
9 19
10 20
3
pick 8 1593
pick 8 1600
pick 8 1612
10
1 21
2 2
3 13
4 54
5 15
6 66
7 104
8 18
9 29
10 30
2
drop 7 1591
pick 7 1622
10
1 11
2 101
3 23
4 44
5 5
6 76
7 37
8 8
9 39
10 40
3
drop 2 1592
drop 2 1619
pick 2 1624
10
1 1
2 2
3 33
4 34
5 101
6 108
7 27
8 101
9 49
10 50
11
drop 5 1613
drop 6 1596
drop 8 1593
drop 8 1600
drop 8 1612
pick 5 1625
pick 5 1631
pick 6 1616
pick 6 1621
pick 6 1630
pick 8 1628
10
1 101
2 12
3 43
4 24
5 5
6 76
7 17
8 8
9 59
10 60
5
drop 1 1603
drop 1 1604
drop 1 1606
drop 1 1614
pick 1 1632
10
1 1
2 102
3 53
4 14
5 15
6 66
7 7
8 18
9 69
10 70
1
drop 2 1624
10
1 11
2 12
3 106
4 4
5 25
6 56
7 101
8 28
9 79
10 80
3
drop 3 1618
drop 7 1622
pick 3 1575
9
1 21
2 2
3 53
4 101
5 35
6 46
8 38
9 89
10 90
3
drop 4 1605
pick 4 1637
pick 7 1636
10
1 31
2 101
3 43
4 4
5 45
6 36
7 7
8 48
9 99
10 109
5
drop 10 1615
pick 2 1634
pick 10 1626
pick 10 1629
pick 10 1633
10
1 104
2 2
3 33
4 14
5 105
6 26
7 17
8 58
9 110
10 90
6
drop 1 1632
drop 5 1625
drop 5 1631
drop 9 1611
pick 5 1639
pick 9 1608
10
1 31
2 12
3 23
4 24
5 45
6 16
7 27
8 68
9 99
10 80
0
10
1 41
2 22
3 103
4 34
5 35
6 6
7 37
8 107
9 89
10 70
4
drop 3 1575
drop 8 1628
pick 8 1620
pick 8 1647
10
1 105
2 32
3 23
4 44
5 25
6 101
7 47
8 68
9 79
10 60
7
drop 6 1616
drop 6 1621
drop 6 1630
pick 1 1586
pick 1 1652
pick 6 1638
pick 6 1656
10
1 41
2 104
3 13
4 105
5 15
6 6
7 57
8 78
9 69
10 50
3
drop 2 1634
drop 4 1637
pick 2 1654
10
1 31
2 32
3 102
4 44
5 5
6 16
7 67
8 108
9 59
10 40
7
drop 8 1620
drop 8 1647
pick 3 1643
pick 3 1648
pick 8 1650
pick 8 1655
pick 8 1660
10
1 21
2 22
3 13
4 54
5 101
6 102
7 77
8 78
9 106
10 30
10
drop 5 1639
drop 6 1638
drop 6 1656
drop 9 1608
pick 5 1641
pick 5 1642
pick 5 1645
pick 9 1594
pick 9 1623
pick 9 1627
10
1 11
2 12
3 3
4 106
5 5
6 16
7 87
8 68
9 59
10 20
1
pick 4 1589
10
1 1
2 2
3 101
4 54
5 15
6 6
7 97
8 58
9 49
10 10
5
drop 3 1643
drop 3 1648
pick 3 1646
pick 3 1657
pick 3 1665
10
1 101
2 101
3 3
4 44
5 25
6 101
7 110
8 48
9 39
10 101
15
drop 1 1586
drop 1 1652
drop 2 1654
drop 7 1636
drop 10 1626
drop 10 1629
drop 10 1633
pick 1 1649
pick 1 1658
pick 2 1651
pick 2 1662
pick 2 1664
pick 6 1644
pick 7 1617
pick 10 1653
10
1 1
2 2
3 13
4 34
5 35
6 6
7 97
8 38
9 29
10 10
0
10
1 11
2 12
3 23
4 24
5 45
6 16
7 87
8 28
9 19
10 20
0
10
1 21
2 22
3 33
4 14
5 105
6 26
7 77
8 18
9 9
10 30
3
drop 5 1641
drop 5 1642
drop 5 1645
9
1 31
2 103
3 43
4 4
6 36
7 67
8 8
9 101
10 40
12
drop 2 1651
drop 2 1662
drop 2 1664
drop 9 1594
drop 9 1623
drop 9 1627
pick 2 1667
pick 2 1675
pick 2 1676
pick 9 1668
pick 9 1671
pick 9 1674
9
1 104
2 22
3 53
4 101
6 46
7 57
8 101
9 9
10 50
12
drop 1 1649
drop 1 1658
drop 4 1589
drop 8 1650
drop 8 1655
drop 8 1660
pick 1 1661
pick 4 1670
pick 4 1682
pick 5 1681
pick 8 1672
pick 8 1679
10
1 31
2 12
3 63
4 4
5 45
6 56
7 47
8 8
9 19
10 60
0
10
1 41
2 2
3 73
4 14
5 35
6 66
7 37
8 18
9 29
10 70
0
10
1 51
2 101
3 83
4 24
5 25
6 76
7 27
8 28
9 39
10 107
7
drop 2 1667
drop 2 1675
drop 2 1676
drop 10 1653
pick 2 1673
pick 10 1635
pick 10 1640
10
1 61
2 2
3 109
4 103
5 15
6 86
7 17
8 38
9 49
10 70
6
drop 3 1646
drop 3 1657
drop 3 1665
drop 4 1670
drop 4 1682
pick 3 1659
10
1 107
2 12
3 83
4 24
5 5
6 109
7 7
8 104
9 59
10 60
6
drop 1 1661
drop 6 1644
drop 8 1672
drop 8 1679
pick 1 1684
pick 6 1692
9
1 61
2 22
3 73
4 34
5 101
6 86
7 101
9 69
10 50
6
drop 5 1681
drop 7 1617
pick 5 1686
pick 5 1687
pick 7 1693
pick 8 1694
10
1 71
2 32
3 63
4 104
5 5
6 76
7 7
8 38
9 79
10 40
1
pick 4 1669
10
1 108
2 42
3 53
4 34
5 15
6 66
7 17
8 28
9 108
10 30
6
drop 1 1684
drop 9 1668
drop 9 1671
drop 9 1674
pick 1 1663
pick 9 1677
10
1 71
2 52
3 43
4 24
5 25
6 56
7 27
8 18
9 79
10 20
0
10
1 61
2 62
3 33
4 103
5 35
6 46
7 37
8 8
9 69
10 10
1
drop 4 1669
10
1 51
2 107
3 23
4 24
5 45
6 36
7 47
8 101
9 59
10 101
8
drop 2 1673
drop 8 1694
drop 10 1635
drop 10 1640
pick 2 1691
pick 8 1695
pick 10 1696
pick 10 1698
10
1 41
2 62
3 13
4 14
5 55
6 104
7 57
8 8
9 49
10 10
2
drop 6 1692
pick 6 1704
10
1 31
2 52
3 3
4 102
5 65
6 36
7 67
8 18
9 39
10 20
1
pick 4 1683
10
1 21
2 42
3 101
4 14
5 75
6 46
7 77
8 28
9 104
10 30
3
drop 3 1659
drop 9 1677
pick 3 1697
10
1 11
2 32
3 3
4 24
5 85
6 56
7 108
8 38
9 39
10 40
2
drop 7 1693
pick 7 1712
10
1 1
2 22
3 13
4 34
5 109
6 66
7 77
8 48
9 49
10 104
5
drop 5 1686
drop 5 1687
drop 10 1696
drop 10 1698
pick 5 1711
10
1 101
2 12
3 23
4 44
5 85
6 76
7 67
8 105
9 105
10 40
4
drop 1 1663
drop 8 1695
pick 1 1699
pick 9 1685
10
1 1
2 2
3 103
4 54
5 75
6 86
7 57
8 48
9 49
10 30
2
drop 3 1697
pick 3 1713
10
1 11
2 101
3 23
4 64
5 65
6 109
7 47
8 58
9 39
10 103
4
drop 2 1691
drop 6 1704
pick 2 1700
pick 10 1709
10
1 21
2 2
3 13
4 74
5 55
6 86
7 37
8 106
9 29
10 30
6
pick 8 1666
pick 8 1678
pick 8 1680
pick 8 1690
pick 8 1703
pick 8 1719
10
1 31
2 12
3 3
4 84
5 45
6 96
7 27
8 58
9 19
10 40
0
10
1 41
2 22
3 101
4 109
5 105
6 110
7 17
8 48
9 9
10 50
7
drop 3 1713
drop 4 1683
drop 5 1711
pick 3 1706
pick 4 1723
pick 6 1688
pick 6 1718
9
1 51
2 32
3 3
4 84
6 96
7 7
8 38
9 101
10 105
5
drop 9 1685
drop 10 1709
pick 5 1727
pick 9 1707
pick 9 1720
10
1 61
2 42
3 13
4 74
5 45
6 86
7 101
8 28
9 9
10 50
4
drop 7 1712
pick 7 1708
pick 7 1714
pick 7 1715
10
1 107
2 52
3 23
4 64
5 35
6 76
7 7
8 18
9 19
10 60
2
drop 1 1699
pick 1 1710
10
1 61
2 62
3 33
4 54
5 25
6 66
7 17
8 8
9 102
10 106
4
drop 9 1707
drop 9 1720
pick 9 1701
pick 10 1726
10
1 51
2 72
3 43
4 44
5 15
6 56
7 27
8 101
9 19
10 60
8
drop 8 1666
drop 8 1678
drop 8 1680
drop 8 1690
drop 8 1703
drop 8 1719
pick 8 1716
pick 8 1731
10
1 41
2 108
3 53
4 34
5 5
6 46
7 37
8 8
9 29
10 70
2
drop 2 1700
pick 2 1721
10
1 31
2 72
3 106
4 24
5 101
6 36
7 104
8 18
9 39
10 80
8
drop 3 1706
drop 5 1727
drop 7 1708
drop 7 1714
drop 7 1715
pick 3 1728
pick 5 1722
pick 7 1733
10
1 21
2 62
3 53
4 14
5 5
6 26
7 37
8 28
9 49
10 90
0
10
1 11
2 52
3 43
4 4
5 15
6 16
7 27
8 38
9 59
10 109
1
drop 10 1726
9
1 1
2 42
3 33
4 101
5 25
6 6
7 17
8 48
9 106
7
drop 4 1723
drop 9 1701
pick 4 1724
pick 4 1734
pick 4 1738
pick 9 1729
pick 9 1742
9
1 101
2 32
3 104
4 4
5 35
6 101
7 7
8 58
9 59
8
drop 1 1710
drop 3 1728
drop 6 1688
drop 6 1718
pick 1 1730
pick 3 1735
pick 6 1732
pick 10 1748
10
1 1
2 22
3 33
4 14
5 45
6 6
7 101
8 68
9 49
10 90
2
drop 7 1733
pick 7 1737
10
1 11
2 12
3 43
4 24
5 55
6 16
7 7
8 78
9 39
10 80
0
10
1 21
2 2
3 53
4 34
5 65
6 26
7 17
8 88
9 29
10 70
0
10
1 31
2 101
3 63
4 44
5 107
6 36
7 27
8 98
9 19
10 60
3
drop 2 1721
drop 5 1722
pick 2 1740
9
1 41
2 2
3 107
4 54
6 46
7 37
8 110
9 9
10 50
5
drop 3 1735
drop 8 1716
drop 8 1731
pick 5 1758
pick 8 1689
10
1 51
2 12
3 63
4 64
5 65
6 56
7 47
8 98
9 101
10 40
5
drop 9 1729
drop 9 1742
pick 9 1743
pick 9 1749
pick 9 1753
10
1 61
2 22
3 73
4 74
5 55
6 106
7 105
8 88
9 9
10 30
5
drop 6 1732
drop 7 1737
pick 6 1754
pick 6 1763
pick 7 1741
10
1 71
2 103
3 108
4 84
5 45
6 56
7 47
8 78
9 19
10 103
10
drop 2 1740
drop 10 1748
pick 2 1717
pick 2 1736
pick 2 1739
pick 2 1746
pick 2 1747
pick 3 1745
pick 3 1750
pick 3 1762
10
1 108
2 22
3 73
4 109
5 35
6 46
7 37
8 68
9 29
10 30
6
drop 1 1730
drop 4 1724
drop 4 1734
drop 4 1738
pick 1 1752
pick 4 1770
10
1 71
2 12
3 63
4 84
5 25
6 36
7 27
8 58
9 39
10 20
0
10
1 61
2 2
3 53
4 74
5 103
6 26
7 17
8 48
9 104
10 102
12
drop 5 1758
drop 9 1743
drop 9 1749
drop 9 1753
pick 5 1778
pick 9 1744
pick 10 1702
pick 10 1705
pick 10 1751
pick 10 1757
pick 10 1767
pick 10 1768
10
1 51
2 101
3 43
4 64
5 25
6 16
7 7
8 38
9 39
10 20
9
drop 2 1717
drop 2 1736
drop 2 1739
drop 2 1746
drop 2 1747
pick 2 1756
pick 2 1761
pick 2 1764
pick 2 1773
10
1 41
2 2
3 33
4 54
5 15
6 6
7 101
8 28
9 29
10 10
3
drop 7 1741
pick 7 1760
pick 7 1775
10
1 31
2 12
3 23
4 44
5 5
6 101
7 7
8 18
9 19
10 101
10
drop 6 1754
drop 6 1763
drop 10 1702
drop 10 1705
drop 10 1751
drop 10 1757
drop 10 1767
drop 10 1768
pick 6 1765
pick 10 1766
10
1 21
2 22
3 13
4 34
5 101
6 6
7 17
8 102
9 9
10 10
4
drop 5 1778
drop 8 1689
pick 5 1772
pick 8 1771
10
1 11
2 32
3 3
4 24
5 5
6 16
7 27
8 18
9 101
10 20
3
drop 9 1744
pick 9 1774
pick 9 1780
10
1 102
2 42
3 101
4 14
5 15
6 26
7 37
8 28
9 9
10 30
5
drop 1 1752
drop 3 1745
drop 3 1750
drop 3 1762
pick 3 1776
9
2 52
3 3
4 4
5 25
6 36
7 47
8 38
9 19
10 40
1
pick 1 1790
10
1 11
2 62
3 13
4 101
5 35
6 46
7 57
8 48
9 102
10 104
6
drop 4 1770
drop 9 1774
drop 9 1780
drop 10 1766
pick 4 1777
pick 10 1785
9
1 21
2 72
3 23
4 4
5 45
6 56
7 106
8 58
10 40
4
drop 7 1760
drop 7 1775
pick 7 1783
pick 9 1793
10
1 31
2 82
3 103
4 14
5 55
6 66
7 57
8 68
9 19
10 30
2
drop 3 1776
pick 3 1779
10
1 41
2 92
3 23
4 24
5 65
6 107
7 67
8 78
9 9
10 20
2
drop 6 1765
pick 6 1787
10
1 51
2 110
3 13
4 34
5 75
6 66
7 77
8 108
9 101
10 10
11
drop 2 1756
drop 2 1761
drop 2 1764
drop 2 1773
drop 8 1771
drop 9 1793
pick 2 1725
pick 2 1759
pick 2 1784
pick 9 1786
pick 9 1797
9
1 106
2 92
3 3
4 44
5 108
6 56
7 108
9 9
10 101
8
drop 1 1790
drop 5 1772
drop 7 1783
drop 10 1785
pick 1 1792
pick 8 1804
pick 10 1788
pick 10 1803
10
1 51
2 82
3 101
4 105
5 75
6 46
7 77
8 78
9 19
10 10
4
drop 3 1779
drop 4 1777
pick 3 1789
pick 4 1755
10
1 41
2 72
3 3
4 44
5 85
6 36
7 67
8 68
9 29
10 20
0
10
1 31
2 62
3 13
4 54
5 109
6 26
7 107
8 58
9 39
10 30
2
pick 5 1782
pick 7 1795
10
1 21
2 52
3 23
4 64
5 85
6 16
7 67
8 48
9 49
10 40
0
10
1 11
2 42
3 103
4 74
5 75
6 6
7 57
8 38
9 59
10 104
4
drop 3 1789
drop 10 1788
drop 10 1803
pick 3 1810
10
1 1
2 32
3 23
4 84
5 65
6 101
7 47
8 28
9 69
10 40
2
drop 6 1787
pick 6 1794
10
1 101
2 22
3 33
4 94
5 55
6 6
7 37
8 18
9 79
10 50
4
drop 1 1792
pick 1 1796
pick 1 1819
pick 1 1827
10
1 1
2 12
3 43
4 110
5 106
6 16
7 27
8 8
9 89
10 105
7
drop 4 1755
drop 5 1782
pick 4 1798
pick 5 1807
pick 10 1769
pick 10 1781
pick 10 1791
10
1 11
2 2
3 53
4 94
5 55
6 102
7 17
8 101
9 99
10 50
9
drop 6 1794
drop 8 1804
pick 6 1802
pick 6 1812
pick 6 1814
pick 6 1820
pick 6 1823
pick 8 1799
pick 8 1822
10
1 21
2 101
3 63
4 84
5 45
6 16
7 102
8 8
9 110
10 40
8
drop 2 1725
drop 2 1759
drop 2 1784
drop 7 1795
drop 9 1786
drop 9 1797
pick 2 1800
pick 9 1826
10
1 31
2 2
3 73
4 74
5 35
6 6
7 17
8 18
9 99
10 30
0
10
1 41
2 12
3 83
4 108
5 25
6 101
7 7
8 28
9 89
10 20
9
drop 4 1798
drop 6 1802
drop 6 1812
drop 6 1814
drop 6 1820
drop 6 1823
pick 6 1805
pick 6 1808
pick 6 1809
10
1 51
2 22
3 93
4 74
5 15
6 6
7 101
8 38
9 79
10 10
1
pick 7 1801
10
1 61
2 32
3 110
4 84
5 5
6 16
7 7
8 48
9 69
10 101
7
drop 3 1810
drop 10 1769
drop 10 1781
drop 10 1791
pick 3 1828
pick 3 1831
pick 10 1806
10
1 107
2 42
3 93
4 109
5 101
6 26
7 17
8 58
9 59
10 10
10
drop 1 1796
drop 1 1819
drop 1 1827
drop 5 1807
pick 1 1817
pick 1 1833
pick 4 1815
pick 4 1824
pick 4 1834
pick 5 1811
10
1 61
2 52
3 83
4 84
5 5
6 36
7 27
8 68
9 106
10 20
2
drop 9 1826
pick 9 1837
10
1 51
2 106
3 73
4 74
5 15
6 46
7 37
8 78
9 59
10 30
1
drop 2 1800
10
1 41
2 52
3 63
4 64
5 25
6 56
7 47
8 88
9 49
10 40
0
10
1 31
2 42
3 53
4 54
5 35
6 66
7 57
8 109
9 105
10 50
5
drop 8 1799
drop 8 1822
drop 9 1837
pick 8 1830
pick 9 1849
10
1 21
2 105
3 43
4 44
5 104
6 76
7 67
8 88
9 49
10 105
7
drop 5 1811
drop 10 1806
pick 2 1813
pick 5 1832
pick 5 1835
pick 5 1844
pick 5 1846
9
1 11
2 42
3 33
4 34
5 35
6 108
7 77
8 78
9 39
4
drop 6 1805
drop 6 1808
drop 6 1809
pick 6 1853
9
1 1
2 32
3 23
4 24
5 25
6 76
7 108
8 68
9 29
2
drop 7 1801
pick 10 1855
9
1 101
2 22
3 13
4 14
5 15
6 66
8 58
9 19
10 50
4
drop 1 1817
drop 1 1833
pick 1 1816
pick 1 1829
9
1 1
2 103
3 3
4 4
5 5
6 56
8 48
9 9
10 40
7
drop 2 1813
pick 2 1818
pick 2 1821
pick 2 1836
pick 2 1843
pick 2 1847
pick 7 1859
10
1 11
2 22
3 101
4 101
5 101
6 46
7 77
8 105
9 101
10 30
16
drop 3 1828
drop 3 1831
drop 4 1815
drop 4 1824
drop 4 1834
drop 5 1832
drop 5 1835
drop 5 1844
drop 5 1846
drop 8 1830
drop 9 1849
pick 3 1839
pick 4 1840
pick 5 1842
pick 5 1852
pick 9 1854
10
1 21
2 12
3 3
4 4
5 5
6 105
7 67
8 48
9 9
10 20
1
drop 6 1853
10
1 103
2 2
3 13
4 14
5 15
6 46
7 57
8 58
9 19
10 10
3
drop 1 1816
drop 1 1829
pick 1 1825
10
1 21
2 101
3 23
4 24
5 25
6 56
7 47
8 106
9 102
10 101
11
drop 2 1818
drop 2 1821
drop 2 1836
drop 2 1843
drop 2 1847
drop 9 1854
drop 10 1855
pick 2 1856
pick 8 1851
pick 9 1845
pick 10 1860
10
1 31
2 2
3 33
4 34
5 35
6 106
7 37
8 58
9 19
10 10
1
pick 6 1858
10
1 41
2 12
3 43
4 44
5 45
6 56
7 27
8 48
9 9
10 20
0
10
1 51
2 22
3 53
4 105
5 55
6 46
7 17
8 38
9 101
10 30
4
drop 4 1840
drop 9 1845
pick 9 1861
pick 9 1869
9
1 106
2 32
3 63
5 65
6 105
7 7
8 28
9 9
10 40
2
drop 1 1825
drop 6 1858
9
1 51
2 42
3 107
5 75
6 46
7 101
8 18
9 19
10 50
6
drop 3 1839
drop 7 1859
pick 3 1864
pick 3 1866
pick 4 1875
pick 7 1863
10
1 61
2 52
3 63
4 44
5 85
6 36
7 7
8 8
9 29
10 60
0
10
1 107
2 106
3 53
4 34
5 95
6 104
7 17
8 101
9 103
10 70
8
drop 2 1856
drop 8 1851
drop 9 1861
drop 9 1869
pick 1 1857
pick 6 1862
pick 8 1865
pick 9 1868
10
1 61
2 52
3 43
4 24
5 110
6 36
7 27
8 8
9 29
10 80
4
drop 5 1842
drop 5 1852
pick 5 1841
pick 5 1848
10
1 51
2 62
3 33
4 14
5 95
6 46
7 37
8 18
9 19
10 90
0
10
1 41
2 107
3 23
4 4
5 85
6 56
7 104
8 28
9 9
10 109
7
drop 7 1863
drop 10 1860
pick 2 1881
pick 7 1867
pick 7 1876
pick 7 1880
pick 10 1838
10
1 31
2 62
3 13
4 101
5 75
6 66
7 37
8 38
9 101
10 90
5
drop 4 1875
drop 9 1868
pick 4 1871
pick 9 1874
pick 9 1878
10
1 21
2 52
3 3
4 4
5 65
6 107
7 27
8 48
9 9
10 80
3
drop 6 1862
pick 6 1883
pick 6 1884
10
1 11
2 42
3 101
4 14
5 55
6 66
7 17
8 58
9 19
10 70
4
drop 3 1864
drop 3 1866
pick 3 1879
pick 3 1886
10
1 1
2 32
3 3
4 24
5 45
6 56
7 7
8 68
9 29
10 60
0
10
1 101
2 22
3 13
4 103
5 35
6 46
7 101
8 78
9 39
10 50
9
drop 1 1857
drop 4 1871
drop 7 1867
drop 7 1876
drop 7 1880
pick 1 1882
pick 1 1891
pick 7 1888
pick 7 1889
10
1 1
2 12
3 102
4 24
5 25
6 36
7 7
8 108
9 49
10 40
5
drop 3 1879
drop 3 1886
drop 8 1865
pick 8 1870
pick 8 1872
10
1 11
2 2
3 13
4 34
5 15
6 26
7 17
8 78
9 105
10 104
3
drop 9 1874
drop 9 1878
drop 10 1838
10
1 21
2 101
3 3
4 44
5 5
6 16
7 27
8 68
9 49
10 40
2
drop 2 1881
pick 2 1894
10
1 31
2 2
3 101
4 105
5 101
6 6
7 37
8 58
9 59
10 30
5
drop 5 1841
drop 5 1848
pick 3 1890
pick 4 1885
pick 5 1897
10
1 41
2 12
3 3
4 44
5 5
6 101
7 47
8 48
9 69
10 20
3
drop 6 1883
drop 6 1884
pick 6 1898
10
1 51
2 22
3 13
4 34
5 15
6 6
7 57
8 38
9 107
10 10
1
pick 9 1887
10
1 61
2 103
3 102
4 24
5 25
6 16
7 67
8 28
9 69
10 101
3
drop 2 1894
drop 3 1890
pick 10 1892
10
1 71
2 22
3 13
4 14
5 35
6 26
7 107
8 18
9 59
10 10
2
drop 7 1888
drop 7 1889
10
1 81
2 12
3 3
4 4
5 45
6 36
7 67
8 8
9 49
10 20
0
10
1 91
2 2
3 101
4 101
5 55
6 46
7 77
8 101
9 39
10 102
8
drop 4 1885
drop 8 1870
drop 8 1872
drop 10 1892
pick 3 1901
pick 3 1906
pick 4 1902
pick 8 1907
9
1 110
2 101
3 3
4 4
5 65
6 56
7 108
8 8
9 29
8
drop 1 1882
drop 1 1891
pick 1 1895
pick 1 1896
pick 1 1904
pick 2 1899
pick 2 1910
pick 7 1900
9
1 91
2 2
3 13
4 14
5 75
6 66
7 77
8 18
9 19
1
pick 10 1911
10
1 81
2 12
3 23
4 24
5 108
6 76
7 67
8 28
9 9
10 20
1
drop 5 1897
10
1 71
2 22
3 33
4 103
5 75
6 86
7 57
8 38
9 101
10 10
4
drop 4 1902
drop 9 1887
pick 9 1908
pick 9 1914
10
1 61
2 32
3 43
4 24
5 85
6 109
7 47
8 104
9 9
10 101
5
drop 6 1898
drop 8 1907
drop 10 1911
pick 6 1873
pick 10 1915
10
1 51
2 104
3 53
4 34
5 109
6 86
7 37
8 38
9 19
10 10
5
drop 2 1899
drop 2 1910
pick 5 1850
pick 5 1877
pick 5 1893
10
1 41
2 32
3 63
4 44
5 85
6 76
7 27
8 48
9 102
10 20
2
drop 9 1908
drop 9 1914
10
1 31
2 42
3 73
4 105
5 75
6 66
7 17
8 105
9 19
10 30
2
pick 4 1903
pick 8 1912
10
1 21
2 105
3 108
4 44
5 65
6 56
7 7
8 48
9 9
10 103
5
drop 3 1901
drop 3 1906
drop 10 1915
pick 2 1919
pick 10 1922
9
1 11
2 42
4 34
5 55
6 46
7 101
8 38
9 101
10 30
5
drop 7 1900
pick 3 1924
pick 7 1921
pick 9 1918
pick 9 1923
10
1 1
2 32
3 73
4 24
5 45
6 105
7 7
8 104
9 9
10 20
2
drop 6 1873
drop 8 1912
9
1 101
2 22
3 63
4 14
5 35
7 17
8 38
9 19
10 10
4
drop 1 1895
drop 1 1896
drop 1 1904
pick 1 1928
9
1 1
2 12
3 53
4 4
5 25
7 27
8 28
9 29
10 101
3
drop 10 1922
pick 6 1929
pick 10 1930
10
1 11
2 2
3 43
4 101
5 15
6 46
7 103
8 103
9 39
10 10
3
drop 4 1903
drop 7 1921
pick 8 1925
9
1 21
2 101
3 33
5 5
6 56
7 27
8 28
9 49
10 20
3
drop 2 1919
pick 2 1933
pick 4 1932
10
1 103
2 2
3 23
4 4
5 101
6 66
7 17
8 18
9 59
10 30
5
drop 1 1928
drop 5 1850
drop 5 1877
drop 5 1893
pick 5 1934
10
1 21
2 12
3 103
4 14
5 5
6 107
7 102
8 8
9 69
10 103
6
drop 3 1924
drop 6 1929
drop 10 1930
pick 6 1909
pick 6 1913
pick 7 1926
10
1 11
2 22
3 23
4 24
5 15
6 66
7 17
8 101
9 79
10 30
2
drop 8 1925
pick 8 1939
10
1 102
2 32
3 33
4 34
5 25
6 56
7 7
8 8
9 108
10 20
4
drop 9 1918
drop 9 1923
pick 1 1937
pick 9 1927
10
1 11
2 104
3 104
4 44
5 103
6 46
7 101
8 18
9 79
10 10
5
drop 2 1933
drop 5 1934
drop 7 1926
pick 3 1938
pick 7 1940
10
1 1
2 32
3 33
4 54
5 25
6 36
7 7
8 28
9 89
10 101
2
pick 10 1935
pick 10 1942
10
1 101
2 42
3 23
4 64
5 15
6 26
7 17
8 38
9 99
10 10
3
drop 1 1937
pick 1 1941
pick 1 1947
10
1 1
2 105
3 13
4 74
5 102
6 16
7 102
8 48
9 110
10 20
8
drop 7 1940
drop 9 1927
pick 2 1936
pick 5 1944
pick 7 1948
pick 9 1916
pick 9 1917
pick 9 1943
10
1 11
2 42
3 3
4 84
5 15
6 6
7 17
8 58
9 99
10 30
0
10
1 21
2 32
3 101
4 94
5 25
6 101
7 7
8 106
9 89
10 40
7
drop 3 1938
drop 6 1909
drop 6 1913
drop 8 1939
pick 3 1945
pick 6 1952
pick 8 1920
10
1 31
2 22
3 3
4 110
5 35
6 6
7 101
8 58
9 79
10 50
3
drop 4 1932
drop 7 1948
pick 7 1953
9
1 41
2 12
3 13
5 45
6 16
7 7
8 68
9 69
10 60
0
9
1 51
2 2
3 23
5 55
6 26
7 17
8 107
9 59
10 106
5
drop 8 1920
drop 10 1935
drop 10 1942
pick 4 1958
pick 10 1955
9
1 61
2 101
3 33
4 94
5 65
6 36
7 27
9 49
10 60
3
drop 2 1936
pick 2 1954
pick 8 1959
10
1 71
2 2
3 43
4 84
5 75
6 46
7 37
8 68
9 39
10 50
0
10
1 108
2 12
3 53
4 74
5 85
6 56
7 104
8 58
9 29
10 40
5
drop 1 1941
drop 1 1947
drop 7 1953
pick 1 1931
pick 1 1946
10
1 71
2 22
3 63
4 64
5 109
6 106
7 37
8 48
9 19
10 30
3
drop 5 1944
drop 6 1952
pick 5 1905
10
1 61
2 32
3 107
4 54
5 85
6 56
7 27
8 38
9 9
10 20
1
drop 3 1945
10
1 51
2 42
3 63
4 44
5 75
6 46
7 103
8 28
9 101
10 10
5
drop 9 1916
drop 9 1917
drop 9 1943
pick 7 1949
pick 9 1956
10
1 41
2 52
3 73
4 34
5 65
6 105
7 27
8 18
9 9
10 101
5
drop 10 1955
pick 6 1969
pick 10 1960
pick 10 1965
pick 10 1966
10
1 31
2 62
3 108
4 24
5 55
6 46
7 37
8 8
9 19
10 10
1
pick 3 1962
10
1 21
2 107
3 73
4 14
5 45
6 36
7 47
8 101
9 102
10 20
7
drop 2 1954
drop 8 1959
drop 9 1956
pick 8 1961
pick 8 1968
pick 8 1974
pick 9 1957
10
1 11
2 62
3 63
4 4
5 35
6 26
7 57
8 8
9 19
10 30
0
10
1 1
2 72
3 53
4 101
5 104
6 16
7 67
8 18
9 9
10 40
5
drop 4 1958
drop 5 1905
pick 4 1963
pick 5 1970
pick 5 1972
10
1 101
2 82
3 106
4 4
5 35
6 6
7 77
8 28
9 101
10 104
10
drop 1 1931
drop 1 1946
drop 3 1962
drop 9 1957
drop 10 1960
drop 10 1965
drop 10 1966
pick 1 1964
pick 9 1976
pick 10 1971
9
1 1
2 109
4 14
5 25
6 101
7 87
8 38
9 9
10 40
3
drop 6 1969
pick 2 1975
pick 6 1977
9
1 11
2 82
4 24
5 15
6 6
7 97
8 48
9 19
10 30
0
9
1 21
2 72
4 34
5 5
6 16
7 110
8 58
9 29
10 103
7
drop 7 1949
drop 10 1971
pick 3 1980
pick 7 1967
pick 7 1981
pick 10 1950
pick 10 1951
10
1 31
2 62
3 53
4 44
5 101
6 26
7 97
8 68
9 39
10 30
3
drop 5 1970
drop 5 1972
pick 5 1978
10
1 41
2 52
3 43
4 105
5 5
6 103
7 87
8 78
9 49
10 20
2
drop 4 1963
drop 6 1977
9
1 51
2 42
3 33
5 15
6 26
7 77
8 88
9 59
10 10
1
pick 4 1988
10
1 61
2 32
3 23
4 44
5 25
6 36
7 67
8 109
9 106
10 101
10
drop 8 1961
drop 8 1968
drop 8 1974
drop 9 1976
drop 10 1950
drop 10 1951
pick 8 1983
pick 9 1985
pick 10 1982
pick 10 1984
10
1 107
2 22
3 13
4 34
5 35
6 104
7 57
8 88
9 59
10 10
3
drop 1 1964
pick 6 1979
pick 6 1986
10
1 61
2 12
3 3
4 24
5 45
6 36
7 47
8 78
9 49
10 20
0
10
1 71
2 2
3 101
4 14
5 55
6 26
7 37
8 68
9 39
10 30
2
drop 3 1980
pick 3 1987
10
1 108
2 101
3 3
4 4
5 65
6 16
7 27
8 58
9 29
10 40
3
drop 2 1975
pick 1 1989
pick 2 1990
10
1 71
2 2
3 13
4 101
5 75
6 6
7 17
8 48
9 19
10 50
2
drop 4 1988
pick 4 1991
10
1 61
2 12
3 23
4 4
5 85
6 101
7 7
8 38
9 9
10 60
3
drop 6 1979
drop 6 1986
pick 6 1992
10
1 51
2 22
3 33
4 14
5 109
6 6
7 101
8 28
9 101
10 70
5
drop 5 1978
drop 7 1967
drop 7 1981
drop 9 1985
pick 7 1993
9
1 41
2 103
3 43
4 24
5 85
6 16
7 7
8 18
10 80
2
drop 2 1990
pick 2 1996
9
1 31
2 22
3 53
4 34
5 95
6 26
7 17
8 8
10 108
3
drop 10 1982
drop 10 1984
pick 10 1998
9
1 21
2 12
3 63
4 44
5 110
6 36
7 27
8 101
10 80
3
drop 8 1983
pick 5 1973
pick 9 2000
9
1 11
2 2
3 73
4 54
5 95
6 46
7 37
9 9
10 70
1
pick 8 2002
10
1 1
2 101
3 83
4 64
5 85
6 56
7 104
8 8
9 19
10 60
3
drop 2 1996
drop 7 1993
pick 2 2005
10
1 101
2 2
3 93
4 74
5 75
6 106
7 37
8 18
9 29
10 50
3
drop 1 1989
drop 6 1992
pick 1 2007
10
1 1
2 12
3 110
4 84
5 65
6 56
7 47
8 28
9 39
10 40
1
drop 3 1987
10
1 11
2 22
3 93
4 109
5 55
6 66
7 105
8 38
9 104
10 30
3
drop 4 1991
drop 9 2000
pick 7 1994
10
1 102
2 32
3 83
4 84
5 106
6 107
7 47
8 48
9 39
10 20
3
drop 1 2007
drop 5 1973
pick 6 1995
9
2 42
3 73
4 74
5 55
6 66
7 37
8 58
9 29
10 10
0
9
2 52
3 108
4 108
5 65
6 76
7 27
8 68
9 103
10 101
7
drop 10 1998
pick 1 2014
pick 3 2003
pick 4 2006
pick 9 1999
pick 9 2001
pick 10 2008
10
1 11
2 62
3 73
4 74
5 107
6 86
7 17
8 107
9 29
10 10
5
drop 8 2002
pick 5 1997
pick 8 2004
pick 8 2012
pick 8 2013
10
1 21
2 107
3 63
4 64
5 65
6 109
7 7
8 68
9 19
10 20
2
drop 2 2005
drop 6 1995
10
1 31
2 62
3 53
4 54
5 55
6 86
7 101
8 58
9 9
10 30
3
drop 7 1994
pick 7 2009
pick 7 2023
10
1 41
2 72
3 43
4 44
5 45
6 96
7 7
8 48
9 101
10 40
4
drop 9 1999
drop 9 2001
pick 9 2010
pick 9 2025
10
1 51
2 108
3 33
4 34
5 105
6 110
7 17
8 38
9 9
10 50
4
drop 5 1997
pick 2 2020
pick 5 2011
pick 5 2022
9
1 61
2 72
3 23
4 24
5 45
7 27
8 28
9 19
10 60
1
pick 6 2028
10
1 71
2 82
3 13
4 14
5 35
6 96
7 37
8 18
9 29
10 70
0
10
1 81
2 92
3 3
4 4
5 25
6 86
7 104
8 8
9 39
10 107
4
drop 7 2009
drop 7 2023
drop 10 2008
pick 7 2021
10
1 109
2 110
3 101
4 101
5 15
6 76
7 37
8 101
9 49
10 70
14
drop 1 2014
drop 2 2020
drop 3 2003
drop 4 2006
drop 8 2004
drop 8 2012
drop 8 2013
pick 3 2015
pick 3 2017
pick 3 2018
pick 3 2024
pick 4 2016
pick 8 2019
pick 8 2029
9
1 81
3 3
4 4
5 5
6 66
7 47
8 8
9 59
10 60
0
9
1 71
3 13
4 14
5 101
6 56
7 57
8 18
9 69
10 50
3
drop 5 2011
drop 5 2022
pick 5 2026
9
1 61
3 23
4 24
5 5
6 46
7 106
8 102
9 79
10 105
5
drop 7 2021
drop 8 2019
drop 8 2029
pick 8 2030
pick 10 2027
9
1 51
3 33
4 34
5 15
6 36
7 57
8 18
9 108
10 50
2
drop 9 2010
drop 9 2025
9
1 106
3 43
4 44
5 25
6 26
7 47
8 8
9 79
10 40
2
pick 1 2038
pick 2 2039
10
1 51
2 92
3 53
4 54
5 35
6 16
7 105
8 101
9 89
10 30
3
drop 8 2030
pick 7 2033
pick 8 2031
10
1 41
2 82
3 63
4 64
5 104
6 6
7 47
8 8
9 109
10 20
2
drop 5 2026
pick 9 2043
10
1 31
2 72
3 73
4 107
5 35
6 101
7 57
8 18
9 89
10 102
7
drop 4 2016
drop 6 2028
drop 10 2027
pick 6 2032
pick 6 2036
pick 6 2037
pick 10 2041
10
1 21
2 62
3 83
4 64
5 45
6 6
7 67
8 28
9 79
10 20
0
10
1 11
2 52
3 109
4 74
5 105
6 16
7 77
8 38
9 69
10 10
6
drop 3 2015
drop 3 2017
drop 3 2018
drop 3 2024
pick 3 2047
pick 5 2034
10
1 1
2 42
3 83
4 108
5 45
6 26
7 87
8 48
9 59
10 101
3
drop 10 2041
pick 4 2046
pick 10 2035
10
1 101
2 32
3 73
4 74
5 35
6 36
7 109
8 58
9 49
10 10
5
drop 1 2038
drop 7 2033
pick 1 2040
pick 1 2044
pick 1 2048
10
1 1
2 22
3 63
4 64
5 25
6 46
7 87
8 68
9 39
10 20
0
10
1 11
2 12
3 53
4 54
5 15
6 56
7 77
8 78
9 29
10 30
0
10
1 21
2 2
3 43
4 44
5 5
6 106
7 108
8 88
9 19
10 40
4
drop 6 2032
drop 6 2036
drop 6 2037
pick 7 2053
10
1 31
2 101
3 33
4 34
5 101
6 56
7 77
8 109
9 9
10 50
7
drop 2 2039
drop 5 2034
drop 8 2031
pick 2 2042
pick 2 2049
pick 5 2045
pick 5 2056
9
1 41
2 2
3 23
4 24
5 5
6 46
7 67
9 101
10 60
3
drop 9 2043
pick 9 2050
pick 9 2054
9
1 105
2 12
3 13
4 14
5 15
6 105
7 57
9 9
10 70
5
drop 1 2040
drop 1 2044
drop 1 2048
pick 6 2052
pick 8 2058
9
2 22
3 3
4 4
5 25
6 46
7 47
8 88
9 19
10 80
0
9
2 32
3 101
4 101
5 103
6 36
7 37
8 78
9 29
10 90
8
drop 3 2047
drop 4 2046
drop 5 2045
drop 5 2056
pick 1 2066
pick 3 2057
pick 4 2059
pick 5 2051
10
1 41
2 104
3 3
4 4
5 25
6 26
7 27
8 68
9 39
10 100
3
drop 2 2042
drop 2 2049
pick 2 2063
10
1 31
2 32
3 13
4 14
5 15
6 16
7 17
8 58
9 49
10 110
2
drop 10 2035
pick 10 2064
10
1 21
2 22
3 23
4 24
5 5
6 6
7 7
8 48
9 59
10 100
0
10
1 11
2 12
3 33
4 34
5 101
6 101
7 101
8 38
9 69
10 90
6
drop 5 2051
drop 6 2052
drop 7 2053
pick 5 2060
pick 6 2062
pick 7 2065
10
1 1
2 2
3 43
4 104
5 5
6 6
7 7
8 28
9 79
10 80
2
drop 4 2059
pick 4 2071
10
1 101
2 101
3 53
4 34
5 15
6 16
7 17
8 18
9 89
10 70
4
drop 1 2066
drop 2 2063
pick 1 2068
pick 2 2074
10
1 1
2 2
3 63
4 44
5 25
6 26
7 27
8 8
9 99
10 60
0
10
1 11
2 12
3 73
4 54
5 35
6 36
7 37
8 101
9 110
10 50
5
drop 8 2058
drop 9 2050
drop 9 2054
pick 8 2076
pick 9 2070
10
1 21
2 22
3 83
4 64
5 45
6 46
7 47
8 8
9 99
10 40
0
10
1 31
2 32
3 109
4 74
5 55
6 56
7 57
8 18
9 89
10 30
3
drop 3 2057
pick 3 2069
pick 3 2078
10
1 41
2 42
3 83
4 84
5 65
6 106
7 67
8 28
9 79
10 20
1
drop 6 2062
10
1 105
2 52
3 73
4 94
5 107
6 56
7 77
8 38
9 69
10 10
6
drop 1 2068
drop 5 2060
pick 1 2080
pick 5 2061
pick 5 2073
pick 5 2084
10
1 41
2 62
3 63
4 110
5 65
6 66
7 87
8 48
9 59
10 101
4
drop 4 2071
drop 10 2064
pick 10 2082
pick 10 2091
10
1 31
2 72
3 53
4 94
5 55
6 107
7 97
8 58
9 49
10 10
1
pick 6 2055
10
1 21
2 82
3 43
4 84
5 45
6 66
7 110
8 106
9 39
10 20
4
drop 7 2065
drop 8 2076
pick 8 2094
pick 8 2095
10
1 11
2 109
3 33
4 109
5 35
6 56
7 97
8 58
9 29
10 30
2
drop 2 2074
pick 4 2088
10
1 1
2 82
3 23
4 84
5 25
6 46
7 87
8 48
9 19
10 40
0
10
1 101
2 72
3 13
4 74
5 15
6 36
7 109
8 38
9 102
10 50
9
drop 1 2080
drop 9 2070
pick 1 2086
pick 1 2099
pick 7 2096
pick 9 2067
pick 9 2079
pick 9 2083
pick 9 2089
10
1 1
2 108
3 3
4 64
5 5
6 26
7 87
8 28
9 19
10 60
3
pick 2 2075
pick 2 2081
pick 2 2085
10
1 11
2 72
3 101
4 54
5 101
6 103
7 77
8 18
9 9
10 70
12
drop 3 2069
drop 3 2078
drop 5 2061
drop 5 2073
drop 5 2084
drop 6 2055
pick 3 2087
pick 3 2093
pick 5 2090
pick 5 2106
pick 6 2077
pick 6 2103
10
1 21
2 62
3 3
4 44
5 5
6 26
7 67
8 8
9 101
10 107
9
drop 9 2067
drop 9 2079
drop 9 2083
drop 9 2089
drop 10 2082
drop 10 2091
pick 9 2092
pick 9 2102
pick 9 2104
10
1 103
2 52
3 13
4 34
5 15
6 16
7 57
8 101
9 9
10 70
5
drop 1 2086
drop 1 2099
drop 8 2094
drop 8 2095
pick 8 2107
10
1 21
2 42
3 102
4 24
5 25
6 6
7 47
8 8
9 19
10 60
3
drop 3 2087
drop 3 2093
pick 3 2098
10
1 31
2 32
3 13
4 14
5 35
6 101
7 37
8 18
9 29
10 50
3
drop 6 2077
drop 6 2103
pick 6 2111
10
1 104
2 22
3 23
4 4
5 45
6 6
7 27
8 28
9 39
10 105
2
pick 1 2072
pick 10 2110
10
1 31
2 12
3 103
4 101
5 55
6 16
7 103
8 103
9 49
10 50
4
drop 3 2098
drop 4 2088
drop 7 2096
drop 8 2107
8
1 41
2 2
5 65
6 26
7 27
8 28
9 59
10 40
1
pick 4 2114
9
1 51
2 101
4 4
5 75
6 103
7 37
8 38
9 69
10 30
6
drop 2 2075
drop 2 2081
drop 2 2085
drop 6 2111
pick 2 2115
pick 3 2118
10
1 106
2 2
3 23
4 14
5 108
6 26
7 104
8 104
9 79
10 20
7
drop 1 2072
drop 5 2090
drop 5 2106
pick 5 2122
pick 7 2097
pick 7 2112
pick 8 2100
10
1 51
2 12
3 13
4 24
5 75
6 36
7 37
8 38
9 89
10 10
0
10
1 61
2 22
3 3
4 34
5 65
6 104
7 27
8 48
9 109
10 101
6
drop 9 2092
drop 9 2102
drop 9 2104
drop 10 2110
pick 6 2105
pick 10 2116
10
1 107
2 32
3 101
4 44
5 55
6 36
7 17
8 58
9 89
10 10
6
drop 3 2118
pick 1 2113
pick 1 2119
pick 1 2120
pick 3 2117
pick 3 2125
10
1 61
2 42
3 3
4 54
5 45
6 26
7 7
8 68
9 99
10 20
0
10
1 51
2 52
3 13
4 64
5 35
6 16
7 101
8 78
9 110
10 30
5
drop 7 2097
drop 7 2112
pick 7 2121
pick 7 2126
pick 9 2101
10
1 41
2 62
3 23
4 74
5 25
6 6
7 7
8 108
9 99
10 40
2
drop 8 2100
pick 8 2133
10
1 31
2 72
3 33
4 84
5 15
6 101
7 17
8 78
9 89
10 50
3
drop 6 2105
pick 6 2124
pick 6 2131
10
1 21
2 108
3 43
4 94
5 5
6 6
7 27
8 68
9 79
10 60
1
drop 2 2115
10
1 11
2 72
3 105
4 110
5 101
6 16
7 37
8 58
9 69
10 70
6
drop 3 2117
drop 3 2125
drop 4 2114
drop 5 2122
pick 4 2108
pick 5 2127
10
1 1
2 62
3 43
4 94
5 5
6 102
7 47
8 48
9 107
10 107
7
drop 6 2124
drop 6 2131
drop 9 2101
drop 10 2116
pick 6 2128
pick 6 2130
pick 9 2134
10
1 101
2 107
3 53
4 84
5 15
6 16
7 57
8 38
9 69
10 70
5
drop 1 2113
drop 1 2119
drop 1 2120
pick 1 2129
pick 2 2123
10
1 1
2 62
3 106
4 74
5 25
6 6
7 106
8 28
9 59
10 60
3
drop 7 2121
drop 7 2126
pick 3 2132
9
1 11
2 52
3 53
4 108
5 103
6 101
8 18
9 49
10 106
10
drop 4 2108
drop 5 2127
drop 6 2128
drop 6 2130
pick 4 2138
pick 5 2139
pick 5 2140
pick 6 2136
pick 7 2142
pick 10 2135
10
1 21
2 42
3 63
4 74
5 25
6 6
7 57
8 8
9 39
10 60
0
10
1 31
2 32
3 107
4 64
5 15
6 16
7 47
8 101
9 29
10 50
3
drop 3 2132
drop 8 2133
pick 8 2137
10
1 41
2 22
3 63
4 54
5 5
6 26
7 37
8 8
9 19
10 40
0
10
1 105
2 103
3 73
4 44
5 101
6 36
7 27
8 18
9 9
10 30
6
drop 1 2129
drop 2 2123
drop 5 2139
drop 5 2140
pick 1 2145
pick 5 2146
10
1 41
2 22
3 108
4 34
5 5
6 46
7 17
8 102
9 101
10 20
4
drop 8 2137
drop 9 2134
pick 3 2143
pick 9 2150
10
1 31
2 32
3 73
4 24
5 15
6 56
7 7
8 18
9 9
10 10
0
10
1 21
2 104
3 63
4 14
5 25
6 106
7 101
8 8
9 19
10 101
7
drop 6 2136
drop 7 2142
drop 10 2135
pick 2 2141
pick 6 2144
pick 6 2147
pick 7 2153
9
1 11
2 32
3 53
4 4
5 35
6 56
7 7
8 101
9 29
1
pick 8 2148
9
1 1
2 22
3 43
4 101
5 104
6 46
7 17
8 8
9 39
3
drop 4 2138
drop 5 2146
pick 10 2155
9
1 101
2 12
3 105
5 35
6 36
7 27
8 18
9 49
10 10
3
drop 1 2145
drop 3 2143
pick 4 2156
9
2 2
3 43
4 4
5 25
6 26
7 37
8 28
9 59
10 20
1
pick 1 2157
10
1 1
2 101
3 53
4 14
5 103
6 16
7 47
8 38
9 69
10 30
2
drop 2 2141
pick 5 2154
9
1 11
3 63
4 24
5 25
6 6
7 57
8 48
9 79
10 103
2
drop 10 2155
pick 2 2158
10
1 21
2 2
3 107
4 34
5 35
6 101
7 67
8 105
9 89
10 30
5
drop 6 2144
drop 6 2147
drop 8 2148
pick 3 2152
pick 6 2160
9
1 31
2 12
3 63
4 104
5 45
6 6
7 77
9 99
10 20
1
drop 4 2156
9
1 41
2 22
3 53
4 34
5 105
6 16
7 87
9 110
10 102
5
drop 5 2154
drop 9 2150
pick 8 2163
pick 9 2109
pick 10 2161
10
1 51
2 32
3 106
4 44
5 45
6 26
7 97
8 48
9 99
10 20
1
drop 3 2152
10
1 61
2 42
3 53
4 54
5 55
6 36
7 110
8 38
9 89
10 10
2
drop 7 2153
pick 7 2149
10
1 71
2 52
3 63
4 106
5 65
6 46
7 97
8 28
9 79
10 101
3
drop 10 2161
pick 4 2170
pick 10 2164
10
1 81
2 106
3 73
4 54
5 107
6 56
7 87
8 18
9 69
10 10
2
drop 2 2158
pick 5 2159
10
1 91
2 52
3 108
4 44
5 65
6 66
7 77
8 8
9 59
10 20
1
pick 3 2173
10
1 110
2 62
3 73
4 34
5 55
6 107
7 67
8 101
9 106
10 30
6
drop 1 2157
drop 6 2160
drop 8 2163
drop 9 2109
pick 1 2168
pick 8 2165
9
1 91
2 72
3 63
4 24
5 45
7 107
8 8
9 59
10 40
1
drop 7 2149
9
1 81
2 108
3 53
4 14
5 35
7 67
8 18
9 49
10 104
3
drop 10 2164
pick 2 2178
pick 6 2181
9
1 71
2 72
3 43
4 102
5 25
6 66
7 77
8 102
9 105
4
drop 4 2170
drop 8 2165
pick 9 2182
pick 10 2184
10
1 61
2 62
3 33
4 14
5 15
6 56
7 108
8 18
9 49
10 40
1
pick 7 2179
10
1 51
2 52
3 23
4 4
5 5
6 46
7 77
8 8
9 59
10 30
0
10
1 41
2 42
3 13
4 101
5 101
6 36
7 67
8 101
9 69
10 20
7
drop 5 2159
pick 4 2166
pick 4 2171
pick 5 2172
pick 5 2175
pick 8 2167
pick 8 2176
10
1 31
2 32
3 102
4 4
5 5
6 26
7 57
8 8
9 107
10 10
3
drop 3 2173
drop 9 2182
pick 3 2186
9
1 21
2 22
3 13
4 14
5 15
6 16
7 47
8 18
10 101
4
drop 10 2184
pick 9 2189
pick 10 2174
pick 10 2190
10
1 11
2 12
3 23
4 24
5 25
6 6
7 105
8 28
9 69
10 10
1
drop 7 2179
10
1 1
2 2
3 103
4 34
5 35
6 101
7 47
8 38
9 59
10 20
4
drop 3 2186
drop 6 2181
pick 6 2177
pick 6 2191
10
1 101
2 101
3 23
4 44
5 45
6 6
7 37
8 48
9 49
10 30
5
drop 1 2168
drop 2 2178
pick 1 2187
pick 1 2188
pick 2 2192
10
1 1
2 2
3 13
4 54
5 55
6 16
7 104
8 58
9 39
10 40
1
pick 7 2185
10
1 11
2 12
3 102
4 106
5 65
6 26
7 37
8 68
9 29
10 50
4
drop 4 2166
drop 4 2171
pick 3 2195
pick 4 2199
10
1 21
2 22
3 13
4 54
5 75
6 36
7 27
8 107
9 19
10 105
4
drop 8 2167
drop 8 2176
drop 10 2174
drop 10 2190
9
1 31
2 32
3 23
4 44
5 85
6 104
7 17
8 68
9 9
3
drop 6 2177
drop 6 2191
pick 10 2202
10
1 41
2 42
3 33
4 34
5 109
6 36
7 7
8 78
9 101
10 50
9
drop 5 2172
drop 5 2175
drop 9 2189
pick 5 2151
pick 5 2162
pick 5 2169
pick 5 2183
pick 5 2198
pick 9 2194
10
1 51
2 105
3 43
4 24
5 85
6 46
7 101
8 108
9 9
10 60
5
drop 2 2192
drop 7 2185
pick 7 2197
pick 8 2196
pick 8 2200
9
1 61
3 53
4 14
5 75
6 56
7 7
8 78
9 19
10 106
1
drop 10 2202
8
1 71
3 63
4 4
5 65
6 106
7 17
8 68
9 29
3
pick 2 2211
pick 6 2206
pick 10 2209
10
1 81
2 42
3 73
4 101
5 55
6 56
7 102
8 58
9 39
10 60
4
drop 4 2199
drop 7 2197
pick 4 2203
pick 7 2210
10
1 91
2 52
3 108
4 4
5 45
6 46
7 17
8 48
9 49
10 50
2
drop 3 2195
pick 3 2201
10
1 110
2 106
3 73
4 14
5 35
6 36
7 7
8 38
9 59
10 40
6
drop 1 2187
drop 1 2188
drop 2 2211
pick 1 2180
pick 2 2212
pick 2 2221
10
1 91
2 52
3 63
4 24
5 25
6 26
7 101
8 28
9 69
10 30
3
drop 7 2210
pick 7 2204
pick 7 2222
10
1 81
2 42
3 53
4 34
5 15
6 16
7 7
8 18
9 79
10 20
0
10
1 71
2 32
3 106
4 44
5 5
6 102
7 17
8 8
9 108
10 10
5
drop 3 2201
drop 6 2206
drop 9 2194
pick 6 2223
pick 6 2227
8
1 61
2 22
4 54
5 101
6 16
7 27
8 101
10 101
17
drop 5 2151
drop 5 2162
drop 5 2169
drop 5 2183
drop 5 2198
drop 8 2196
drop 8 2200
drop 10 2209
pick 5 2207
pick 5 2208
pick 5 2225
pick 5 2230
pick 8 2214
pick 8 2217
pick 8 2229
pick 9 2232
pick 10 2215
9
1 51
2 12
4 64
5 5
6 6
7 37
8 8
9 79
10 10
1
pick 3 2237
10
1 41
2 2
3 53
4 74
5 15
6 101
7 47
8 18
9 69
10 20
4
drop 6 2223
drop 6 2227
pick 6 2216
pick 6 2220
10
1 31
2 101
3 43
4 84
5 25
6 6
7 105
8 28
9 59
10 30
6
drop 2 2212
drop 2 2221
drop 7 2204
drop 7 2222
pick 2 2224
pick 7 2234
10
1 21
2 2
3 33
4 94
5 35
6 16
7 47
8 103
9 49
10 40
5
drop 8 2214
drop 8 2217
drop 8 2229
pick 8 2213
pick 8 2238
10
1 11
2 12
3 23
4 110
5 45
6 102
7 37
8 28
9 39
10 104
10
drop 4 2203
drop 6 2216
drop 6 2220
drop 10 2215
pick 4 2240
pick 4 2244
pick 6 2233
pick 10 2236
pick 10 2242
pick 10 2249
10
1 1
2 22
3 103
4 94
5 55
6 16
7 27
8 18
9 29
10 40
2
drop 3 2237
pick 3 2226
10
1 101
2 32
3 23
4 84
5 65
6 6
7 17
8 8
9 19
10 30
4
drop 1 2180
pick 1 2228
pick 1 2247
pick 1 2256
10
1 1
2 42
3 13
4 74
5 75
6 101
7 7
8 101
9 9
10 20
7
drop 6 2233
drop 8 2213
drop 8 2238
pick 6 2235
pick 6 2260
pick 8 2241
pick 8 2250
10
1 11
2 105
3 102
4 64
5 108
6 6
7 101
8 8
9 101
10 10
13
drop 2 2224
drop 3 2226
drop 5 2207
drop 5 2208
drop 5 2225
drop 5 2230
drop 7 2234
drop 9 2232
pick 2 2245
pick 5 2263
pick 7 2252
pick 7 2259
pick 9 2257
10
1 21
2 42
3 13
4 54
5 75
6 16
7 7
8 18
9 9
10 101
4
drop 10 2236
drop 10 2242
drop 10 2249
pick 10 2265
10
1 31
2 52
3 3
4 44
5 65
6 26
7 17
8 28
9 19
10 10
0
10
1 41
2 62
3 101
4 34
5 55
6 36
7 27
8 38
9 29
10 20
1
pick 3 2246
10
1 51
2 107
3 3
4 24
5 45
6 46
7 37
8 48
9 39
10 30
4
drop 2 2245
pick 2 2231
pick 2 2253
pick 2 2254
10
1 61
2 62
3 13
4 14
5 35
6 56
7 47
8 58
9 49
10 40
0
10
1 71
2 52
3 102
4 4
5 25
6 66
7 57
8 68
9 105
10 50
4
drop 3 2246
drop 9 2257
pick 3 2269
pick 9 2248
10
1 81
2 42
3 13
4 101
5 15
6 76
7 106
8 78
9 49
10 60
6
drop 4 2240
drop 4 2244
drop 7 2252
drop 7 2259
pick 4 2266
pick 7 2262
10
1 91
2 32
3 23
4 4
5 5
6 86
7 57
8 108
9 59
10 70
2
drop 8 2241
drop 8 2250
10
1 110
2 22
3 33
4 14
5 101
6 109
7 47
8 78
9 69
10 80
12
drop 1 2228
drop 1 2247
drop 1 2256
drop 5 2263
drop 6 2235
drop 6 2260
pick 1 2270
pick 5 2267
pick 6 2205
pick 6 2218
pick 6 2219
pick 6 2239
10
1 91
2 12
3 104
4 24
5 5
6 86
7 37
8 88
9 79
10 90
2
drop 3 2269
pick 3 2261
10
1 81
2 2
3 33
4 34
5 15
6 76
7 27
8 109
9 89
10 109
3
drop 10 2265
pick 8 2193
pick 10 2243
10
1 71
2 101
3 43
4 44
5 25
6 66
7 17
8 88
9 99
10 90
6
drop 2 2231
drop 2 2253
drop 2 2254
pick 2 2271
pick 2 2273
pick 2 2285
10
1 61
2 2
3 53
4 54
5 35
6 56
7 7
8 78
9 110
10 80
1
drop 9 2248
10
1 51
2 12
3 63
4 64
5 45
6 46
7 101
8 68
9 99
10 70
7
drop 7 2262
pick 7 2272
pick 7 2276
pick 7 2277
pick 7 2282
pick 7 2283
pick 7 2284
10
1 106
2 102
3 73
4 107
5 105
6 36
7 7
8 58
9 89
10 60
12
drop 1 2270
drop 2 2271
drop 2 2273
drop 2 2285
drop 4 2266
drop 5 2267
pick 1 2286
pick 2 2275
pick 2 2289
pick 5 2251
pick 5 2264
pick 5 2278
9
1 51
2 12
3 83
5 45
6 26
7 17
8 48
9 109
10 50
3
pick 4 2294
pick 9 2280
pick 9 2287
10
1 41
2 2
3 109
4 64
5 35
6 16
7 27
8 38
9 89
10 105
3
drop 3 2261
drop 10 2243
pick 10 2255
10
1 31
2 101
3 83
4 54
5 25
6 6
7 103
8 28
9 79
10 50
14
drop 2 2275
drop 2 2289
drop 7 2272
drop 7 2276
drop 7 2277
drop 7 2282
drop 7 2283
drop 7 2284
pick 2 2274
pick 2 2297
pick 7 2258
pick 7 2290
pick 7 2299
pick 7 2301
10
1 21
2 2
3 93
4 44
5 15
6 101
7 27
8 18
9 69
10 60
6
drop 6 2205
drop 6 2218
drop 6 2219
drop 6 2239
pick 6 2279
pick 6 2295
10
1 11
2 12
3 110
4 34
5 5
6 6
7 17
8 102
9 59
10 70
3
drop 8 2193
pick 3 2302
pick 8 2293
10
1 1
2 22
3 93
4 24
5 101
6 16
7 7
8 18
9 49
10 80
5
drop 5 2251
drop 5 2264
drop 5 2278
pick 5 2281
pick 5 2296
10
1 101
2 32
3 83
4 14
5 5
6 26
7 101
8 8
9 39
10 90
7
drop 1 2286
drop 7 2258
drop 7 2290
drop 7 2299
drop 7 2301
pick 1 2288
pick 7 2305
10
1 1
2 42
3 73
4 4
5 15
6 36
7 7
8 101
9 29
10 109
3
drop 8 2293
drop 10 2255
pick 8 2306
9
1 11
2 52
3 63
4 101
5 25
6 46
7 17
8 8
9 19
2
drop 4 2294
pick 4 2308
9
1 21
2 62
3 53
4 4
5 35
6 56
7 102
8 18
9 9
3
drop 7 2305
pick 7 2307
pick 10 2313
10
1 31
2 72
3 43
4 14
5 45
6 66
7 17
8 28
9 101
10 90
3
drop 9 2280
drop 9 2287
pick 9 2309
10
1 41
2 82
3 33
4 24
5 55
6 76
7 7
8 38
9 9
10 80
0
10
1 51
2 92
3 23
4 34
5 65
6 86
7 101
8 48
9 19
10 70
3
drop 7 2307
pick 7 2310
pick 7 2321
10
1 106
2 110
3 103
4 44
5 75
6 109
7 7
8 58
9 102
10 60
14
drop 1 2288
drop 2 2274
drop 2 2297
drop 3 2302
drop 6 2279
drop 6 2295
drop 9 2309
pick 1 2300
pick 1 2314
pick 2 2304
pick 3 2303
pick 3 2311
pick 3 2317
pick 3 2323
8
1 51
2 92
3 23
4 105
5 108
7 17
8 68
10 50
7
drop 4 2308
drop 5 2281
drop 5 2296
pick 4 2291
pick 5 2315
pick 5 2325
pick 5 2327
8
1 41
2 82
3 13
4 44
5 75
7 27
8 78
10 40
2
pick 6 2331
pick 9 2329
10
1 31
2 72
3 3
4 54
5 65
6 86
7 103
8 108
9 19
10 104
5
drop 7 2310
drop 7 2321
drop 8 2306
drop 10 2313
pick 10 2292
10
1 21
2 62
3 101
4 64
5 55
6 76
7 27
8 78
9 9
10 40
5
drop 3 2303
drop 3 2311
drop 3 2317
drop 3 2323
pick 3 2312
10
1 11
2 52
3 3
4 74
5 45
6 66
7 37
8 68
9 101
10 30
2
drop 9 2329
pick 9 2316
10
1 1
2 42
3 13
4 108
5 35
6 56
7 104
8 107
9 9
10 20
5
drop 4 2291
pick 7 2268
pick 8 2319
pick 8 2326
pick 8 2337
9
1 101
2 32
3 23
5 25
6 46
7 37
8 68
9 19
10 10
4
drop 1 2300
drop 1 2314
pick 1 2318
pick 1 2322
9
1 1
2 22
3 33
5 15
6 36
7 27
8 58
9 29
10 101
4
drop 10 2292
pick 4 2346
pick 10 2320
pick 10 2333
10
1 11
2 12
3 43
4 74
5 5
6 104
7 17
8 48
9 39
10 10
2
drop 6 2331
pick 6 2298
10
1 21
2 2
3 105
4 64
5 101
6 36
7 7
8 38
9 49
10 20
6
drop 3 2312
drop 5 2315
drop 5 2325
drop 5 2327
pick 3 2340
pick 5 2328
10
1 31
2 101
3 43
4 54
5 5
6 46
7 101
8 28
9 59
10 30
7
drop 2 2304
drop 7 2268
pick 2 2332
pick 2 2351
pick 7 2335
pick 7 2339
pick 7 2347
10
1 41
2 2
3 33
4 44
5 15
6 56
7 7
8 18
9 69
10 40
0
10
1 51
2 12
3 23
4 34
5 102
6 66
7 17
8 8
9 79
10 50
1
drop 5 2328
10
1 61
2 22
3 13
4 104
5 15
6 76
7 27
8 101
9 108
10 60
7
drop 4 2346
drop 8 2319
drop 8 2326
drop 8 2337
drop 9 2316
pick 4 2356
pick 8 2349
10
1 71
2 103
3 3
4 34
5 25
6 86
7 37
8 8
9 79
10 70
3
drop 2 2332
drop 2 2351
pick 2 2344
10
1 81
2 22
3 101
4 24
5 103
6 109
7 104
8 18
9 69
10 107
12
drop 3 2340
drop 6 2298
drop 7 2335
drop 7 2339
drop 7 2347
drop 10 2320
drop 10 2333
pick 3 2352
pick 5 2341
pick 6 2348
pick 6 2362
pick 10 2343
10
1 109
2 12
3 3
4 14
5 25
6 86
7 37
8 28
9 107
10 70
3
drop 1 2318
drop 1 2322
pick 9 2334
9
2 2
3 13
4 4
5 35
6 76
7 47
8 38
9 69
10 80
1
pick 1 2367
10
1 81
2 101
3 23
4 101
5 104
6 66
7 57
8 48
9 79
10 90
6
drop 2 2344
drop 4 2356
drop 5 2341
pick 2 2353
pick 2 2354
pick 4 2357
10
1 71
2 2
3 103
4 4
5 35
6 56
7 106
8 58
9 108
10 100
5
drop 3 2352
drop 9 2334
pick 7 2324
pick 9 2369
pick 9 2370
10
1 61
2 12
3 23
4 14
5 25
6 46
7 57
8 68
9 79
10 110
5
drop 10 2343
pick 10 2330
pick 10 2342
pick 10 2350
pick 10 2361
10
1 51
2 22
3 13
4 24
5 103
6 36
7 47
8 107
9 69
10 100
5
drop 8 2349
pick 5 2374
pick 8 2355
pick 8 2365
pick 8 2371
10
1 41
2 32
3 102
4 34
5 25
6 26
7 37
8 68
9 59
10 90
1
pick 3 2363
10
1 31
2 42
3 13
4 44
5 15
6 16
7 27
8 58
9 49
10 80
0
10
1 21
2 105
3 3
4 54
5 5
6 6
7 103
8 48
9 39
10 70
4
drop 2 2353
drop 2 2354
drop 7 2324
pick 7 2381
10
1 11
2 42
3 101
4 64
5 101
6 101
7 27
8 38
9 29
10 60
10
drop 3 2363
drop 5 2374
drop 6 2348
drop 6 2362
pick 3 2358
pick 3 2372
pick 5 2359
pick 5 2373
pick 6 2364
pick 6 2368
10
1 1
2 52
3 3
4 74
5 5
6 6
7 17
8 28
9 19
10 50
0
10
1 101
2 106
3 13
4 108
5 15
6 16
7 7
8 18
9 9
10 40
9
drop 1 2367
drop 4 2357
pick 1 2366
pick 2 2336
pick 2 2338
pick 2 2345
pick 2 2360
pick 2 2393
pick 4 2376
10
1 1
2 52
3 23
4 74
5 102
6 26
7 101
8 8
9 101
10 30
8
drop 5 2359
drop 5 2373
drop 7 2381
drop 9 2369
drop 9 2370
pick 5 2383
pick 7 2378
pick 9 2380
10
1 11
2 42
3 33
4 64
5 15
6 36
7 7
8 101
9 9
10 20
4
drop 8 2355
drop 8 2365
drop 8 2371
pick 8 2390
10
1 21
2 32
3 43
4 54
5 5
6 46
7 17
8 8
9 19
10 10
0
10
1 31
2 22
3 53
4 44
5 101
6 56
7 27
8 18
9 29
10 101
7
drop 5 2383
drop 10 2330
drop 10 2342
drop 10 2350
drop 10 2361
pick 5 2394
pick 10 2399
10
1 104
2 12
3 63
4 34
5 5
6 106
7 103
8 28
9 39
10 10
9
drop 1 2366
drop 6 2364
drop 6 2368
drop 7 2378
pick 1 2377
pick 1 2382
pick 1 2389
pick 6 2379
pick 7 2400
10
1 31
2 2
3 73
4 24
5 15
6 56
7 27
8 38
9 49
10 20
0
10
1 21
2 101
3 83
4 14
5 25
6 66
7 17
8 48
9 59
10 30
6
drop 2 2336
drop 2 2338
drop 2 2345
drop 2 2360
drop 2 2393
pick 2 2401
10
1 11
2 2
3 93
4 4
5 35
6 76
7 7
8 58
9 69
10 103
2
drop 10 2399
pick 10 2404
10
1 1
2 12
3 110
4 101
5 45
6 86
7 101
8 68
9 107
10 30
15
drop 3 2358
drop 3 2372
drop 4 2376
drop 7 2400
drop 9 2380
pick 3 2375
pick 3 2386
pick 3 2388
pick 3 2391
pick 4 2402
pick 7 2403
pick 9 2387
pick 9 2395
pick 9 2405
pick 9 2412
10
1 101
2 102
3 93
4 4
5 55
6 109
7 7
8 78
9 69
10 40
8
drop 1 2377
drop 1 2382
drop 1 2389
drop 2 2401
drop 6 2379
pick 1 2410
pick 2 2409
pick 6 2385
10
1 1
2 12
3 83
4 14
5 65
6 86
7 17
8 108
9 59
10 104
5
drop 8 2390
drop 10 2404
pick 8 2384
pick 10 2407
pick 10 2408
10
1 11
2 22
3 73
4 24
5 75
6 76
7 27
8 78
9 49
10 40
0
10
1 21
2 32
3 63
4 34
5 85
6 66
7 37
8 68
9 39
10 30
0
10
1 31
2 42
3 53
4 44
5 109
6 56
7 47
8 58
9 29
10 20
3
drop 5 2394
pick 5 2392
pick 5 2411
10
1 104
2 52
3 43
4 105
5 85
6 46
7 57
8 48
9 19
10 10
5
drop 1 2410
drop 4 2402
pick 1 2418
pick 4 2396
pick 4 2397
10
1 31
2 62
3 33
4 44
5 75
6 36
7 67
8 38
9 9
10 101
3
drop 10 2407
drop 10 2408
pick 10 2413
10
1 21
2 72
3 23
4 34
5 65
6 26
7 77
8 104
9 101
10 10
7
drop 8 2384
drop 9 2387
drop 9 2395
drop 9 2405
drop 9 2412
pick 9 2420
pick 9 2425
10
1 11
2 82
3 13
4 24
5 55
6 103
7 87
8 38
9 9
10 20
4
drop 6 2385
pick 6 2414
pick 6 2416
pick 6 2427
10
1 1
2 92
3 3
4 14
5 45
6 26
7 97
8 28
9 19
10 30
0
10
1 101
2 110
3 101
4 4
5 35
6 16
7 110
8 103
9 29
10 40
15
drop 1 2418
drop 2 2409
drop 3 2375
drop 3 2386
drop 3 2388
drop 3 2391
drop 7 2403
pick 1 2422
pick 2 2419
pick 2 2423
pick 2 2435
pick 3 2428
pick 3 2430
pick 8 2406
pick 8 2436
10
1 1
2 92
3 3
4 101
5 25
6 6
7 97
8 28
9 39
10 104
4
drop 4 2396
drop 4 2397
drop 10 2413
pick 4 2434
10
1 11
2 82
3 13
4 4
5 15
6 101
7 87
8 18
9 49
10 40
4
drop 6 2414
drop 6 2416
drop 6 2427
pick 6 2438
10
1 21
2 72
3 23
4 14
5 5
6 6
7 109
8 8
9 59
10 50
1
pick 7 2415
10
1 31
2 62
3 103
4 24
5 101
6 16
7 87
8 101
9 69
10 105
11
drop 3 2428
drop 3 2430
drop 5 2392
drop 5 2411
drop 8 2406
drop 8 2436
pick 5 2439
pick 8 2441
pick 8 2443
pick 10 2424
pick 10 2426
10
1 41
2 52
3 23
4 34
5 5
6 26
7 77
8 8
9 79
10 50
0
10
1 51
2 42
3 13
4 44
5 15
6 36
7 67
8 18
9 89
10 40
0
10
1 61
2 32
3 102
4 54
5 102
6 46
7 57
8 28
9 109
10 30
9
drop 5 2439
drop 9 2420
drop 9 2425
pick 3 2432
pick 3 2433
pick 9 2421
pick 9 2446
pick 9 2447
pick 9 2449
9
1 71
2 22
3 13
4 64
6 56
7 47
8 38
9 89
10 20
0
9
1 108
2 12
3 3
4 74
6 66
7 105
8 48
9 79
10 10
8
drop 1 2422
drop 7 2415
pick 1 2398
pick 1 2429
pick 1 2440
pick 1 2448
pick 5 2457
pick 7 2437
10
1 71
2 2
3 101
4 84
5 15
6 76
7 47
8 58
9 69
10 101
10
drop 3 2432
drop 3 2433
drop 10 2424
drop 10 2426
pick 3 2445
pick 3 2459
pick 3 2460
pick 10 2450
pick 10 2453
pick 10 2454
10
1 61
2 101
3 3
4 94
5 5
6 86
7 37
8 68
9 59
10 10
4
drop 2 2419
drop 2 2423
drop 2 2435
pick 2 2451
10
1 51
2 2
3 13
4 110
5 101
6 109
7 27
8 107
9 49
10 20
9
drop 4 2434
drop 5 2457
drop 6 2438
drop 8 2441
drop 8 2443
pick 4 2444
pick 4 2461
pick 5 2456
pick 8 2417
10
1 41
2 12
3 23
4 94
5 5
6 86
7 17
8 68
9 39
10 30
0
10
1 31
2 22
3 103
4 84
5 15
6 76
7 102
8 58
9 29
10 40
5
drop 3 2445
drop 3 2459
drop 3 2460
drop 7 2437
pick 3 2463
10
1 21
2 32
3 23
4 74
5 25
6 108
7 17
8 48
9 19
10 50
1
pick 6 2452
10
1 11
2 42
3 33
4 64
5 35
6 76
7 7
8 38
9 9
10 60
0
10
1 1
2 52
3 43
4 54
5 45
6 66
7 101
8 28
9 101
10 70
8
drop 9 2421
drop 9 2446
drop 9 2447
drop 9 2449
pick 7 2466
pick 7 2476
pick 9 2469
pick 9 2477
10
1 101
2 62
3 53
4 44
5 105
6 56
7 7
8 18
9 9
10 80
7
drop 1 2398
drop 1 2429
drop 1 2440
drop 1 2448
drop 5 2456
pick 1 2472
pick 5 2455
10
1 1
2 72
3 63
4 34
5 45
6 46
7 17
8 102
9 19
10 90
1
drop 8 2417
10
1 11
2 108
3 73
4 24
5 55
6 105
7 102
8 18
9 29
10 109
11
drop 2 2451
drop 6 2452
drop 7 2466
drop 7 2476
drop 10 2450
drop 10 2453
drop 10 2454
pick 2 2458
pick 2 2465
pick 2 2475
pick 10 2479
8
1 21
2 72
3 83
4 14
5 65
8 28
9 39
10 90
0
8
1 103
2 62
3 109
4 4
5 75
8 103
9 49
10 80
5
drop 1 2472
drop 3 2463
pick 6 2486
pick 7 2487
pick 8 2468
10
1 21
2 52
3 83
4 101
5 108
6 46
7 17
8 28
9 59
10 70
7
drop 4 2444
drop 4 2461
drop 5 2455
pick 4 2473
pick 4 2478
pick 5 2483
pick 5 2485
10
1 31
2 42
3 93
4 4
5 75
6 36
7 7
8 18
9 106
10 60
3
drop 9 2469
drop 9 2477
pick 9 2431
10
1 104
2 32
3 110
4 14
5 65
6 26
7 101
8 8
9 59
10 50
5
drop 7 2487
pick 1 2492
pick 1 2494
pick 3 2467
pick 7 2474
10
1 31
2 22
3 93
4 24
5 55
6 16
7 7
8 101
9 69
10 40
2
drop 8 2468
pick 8 2480
10
1 21
2 12
3 83
4 34
5 45
6 6
7 17
8 8
9 107
10 30
2
drop 9 2431
pick 9 2462
10
1 11
2 2
3 73
4 104
5 35
6 101
7 27
8 18
9 69
10 20
5
drop 4 2473
drop 4 2478
drop 6 2486
pick 4 2493
pick 6 2481
10
1 1
2 101
3 63
4 34
5 25
6 6
7 37
8 28
9 59
10 10
5
drop 2 2458
drop 2 2465
drop 2 2475
pick 2 2484
pick 2 2490
10
1 101
2 2
3 53
4 24
5 15
6 16
7 47
8 38
9 49
10 101
8
drop 1 2492
drop 1 2494
drop 10 2479
pick 1 2488
pick 1 2504
pick 1 2509
pick 10 2491
pick 10 2501
10
1 1
2 12
3 106
4 14
5 5
6 26
7 57
8 48
9 39
10 10
3
drop 3 2467
pick 3 2442
pick 3 2497
10
1 11
2 22
3 53
4 102
5 101
6 36
7 67
8 58
9 29
10 20
8
drop 4 2493
drop 5 2483
drop 5 2485
pick 4 2505
pick 4 2506
pick 4 2507
pick 5 2496
pick 5 2514
10
1 21
2 103
3 63
4 14
5 5
6 46
7 77
8 106
9 19
10 102
10
drop 2 2484
drop 2 2490
drop 8 2480
drop 10 2491
drop 10 2501
pick 2 2498
pick 8 2464
pick 8 2503
pick 8 2510
pick 10 2517
10
1 31
2 22
3 73
4 4
5 15
6 56
7 87
8 58
9 9
10 20
0
10
1 41
2 32
3 83
4 101
5 25
6 66
7 97
8 48
9 101
10 30
7
drop 4 2505
drop 4 2506
drop 4 2507
drop 9 2462
pick 4 2502
pick 4 2515
pick 9 2516
10
1 105
2 42
3 93
4 4
5 35
6 107
7 110
8 38
9 9
10 103
12
drop 1 2488
drop 1 2504
drop 1 2509
drop 6 2481
drop 7 2474
drop 10 2517
pick 1 2508
pick 6 2512
pick 7 2470
pick 7 2471
pick 7 2489
pick 7 2495
10
1 41
2 52
3 110
4 14
5 45
6 66
7 97
8 28
9 19
10 30
4
drop 3 2442
drop 3 2497
pick 3 2519
pick 3 2526
10
1 31
2 106
3 93
4 24
5 55
6 56
7 87
8 18
9 29
10 40
2
drop 2 2498
pick 2 2482
10
1 104
2 52
3 83
4 34
5 65
6 46
7 77
8 8
9 39
10 104
5
drop 1 2508
pick 1 2511
pick 1 2525
pick 1 2532
pick 10 2500
10
1 31
2 42
3 73
4 44
5 75
6 36
7 67
8 101
9 104
10 40
5
drop 8 2464
drop 8 2503
drop 8 2510
drop 9 2516
pick 8 2518
10
1 21
2 32
3 63
4 54
5 85
6 26
7 57
8 8
9 39
10 30
0
10
1 11
2 104
3 53
4 64
5 109
6 16
7 47
8 18
9 49
10 20
4
drop 2 2482
drop 5 2496
drop 5 2514
pick 5 2513
10
1 1
2 32
3 43
4 74
5 85
6 6
7 37
8 28
9 105
10 10
1
pick 9 2520
10
1 101
2 42
3 33
4 108
5 75
6 101
7 27
8 38
9 49
10 101
14
drop 1 2511
drop 1 2525
drop 1 2532
drop 4 2502
drop 4 2515
drop 6 2512
drop 10 2500
pick 1 2521
pick 1 2534
pick 1 2536
pick 4 2499
pick 6 2523
pick 6 2531
pick 10 2524
10
1 1
2 105
3 23
4 74
5 65
6 6
7 17
8 48
9 39
10 10
1
pick 2 2527
10
1 11
2 42
3 13
4 64
5 55
6 16
7 7
8 58
9 29
10 20
0
10
1 102
2 32
3 102
4 54
5 45
6 26
7 101
8 106
9 19
10 30
13
drop 1 2521
drop 1 2534
drop 1 2536
drop 3 2519
drop 3 2526
drop 7 2470
drop 7 2471
drop 7 2489
drop 7 2495
drop 8 2518
pick 1 2522
pick 7 2529
pick 7 2540
10
1 11
2 22
3 13
4 44
5 35
6 36
7 7
8 58
9 9
10 40
0
10
1 21
2 12
3 3
4 34
5 25
6 46
7 17
8 68
9 101
10 50
2
drop 9 2520
pick 9 2533
10
1 103
2 2
3 101
4 24
5 15
6 56
7 27
8 107
9 9
10 60
6
drop 1 2522
pick 1 2537
pick 1 2543
pick 1 2547
pick 3 2528
pick 8 2551
10
1 21
2 101
3 3
4 14
5 5
6 66
7 37
8 68
9 19
10 70
3
drop 2 2527
pick 2 2535
pick 2 2554
10
1 11
2 2
3 13
4 4
5 101
6 107
7 104
8 58
9 29
10 80
7
drop 5 2513
drop 6 2523
drop 6 2531
drop 7 2529
drop 7 2540
pick 5 2538
pick 7 2544
10
1 1
2 12
3 23
4 101
5 5
6 66
7 37
8 48
9 39
10 90
3
drop 4 2499
pick 4 2542
pick 4 2546
10
1 101
2 22
3 33
4 4
5 15
6 76
7 27
8 38
9 49
10 109
9
drop 1 2537
drop 1 2543
drop 1 2547
drop 10 2524
pick 1 2545
pick 10 2539
pick 10 2541
pick 10 2552
pick 10 2553
10
1 1
2 32
3 104
4 14
5 25
6 108
7 17
8 28
9 105
10 90
6
drop 3 2528
drop 9 2533
pick 6 2548
pick 6 2555
pick 6 2557
pick 9 2562
9
1 11
2 42
4 24
5 35
6 76
7 7
8 18
9 49
10 80
0
9
1 102
2 52
4 34
5 45
6 66
7 101
8 8
9 59
10 70
5
drop 1 2545
drop 7 2544
pick 3 2564
pick 7 2556
pick 7 2558
10
1 11
2 62
3 33
4 44
5 55
6 56
7 7
8 101
9 69
10 60
2
drop 8 2551
pick 8 2560
10
1 1
2 72
3 43
4 54
5 65
6 46
7 17
8 8
9 107
10 50
1
drop 9 2562
10
1 101
2 108
3 53
4 106
5 75
6 36
7 27
8 18
9 69
10 40
5
drop 2 2535
drop 2 2554
drop 4 2542
drop 4 2546
pick 1 2550
9
1 1
3 63
4 54
5 85
6 26
7 37
8 102
9 79
10 30
1
drop 8 2560
8
1 11
3 73
4 44
5 95
6 16
7 47
9 108
10 20
2
pick 8 2568
pick 9 2565
9
1 21
3 83
4 105
5 110
6 6
7 57
8 18
9 79
10 10
5
drop 5 2538
pick 2 2570
pick 4 2567
pick 5 2530
pick 5 2549
10
1 31
2 72
3 109
4 44
5 95
6 101
7 67
8 8
9 69
10 101
10
drop 3 2564
drop 6 2548
drop 6 2555
drop 6 2557
drop 10 2539
drop 10 2541
drop 10 2552
drop 10 2553
pick 6 2561
pick 10 2563
10
1 41
2 62
3 83
4 34
5 85
6 6
7 77
8 101
9 59
10 10
2
drop 8 2568
pick 8 2566
10
1 105
2 52
3 73
4 24
5 75
6 16
7 87
8 8
9 49
10 20
1
drop 1 2550
10
1 41
2 42
3 108
4 14
5 65
6 26
7 109
8 18
9 39
10 30
3
drop 7 2556
drop 7 2558
pick 3 2572
9
1 31
2 32
3 73
4 4
5 55
6 36
8 28
9 29
10 103
2
drop 10 2563
pick 10 2559
9
1 104
2 22
3 63
4 101
5 45
6 46
8 38
9 19
10 30
3
drop 4 2567
pick 1 2575
pick 4 2569
9
1 31
2 12
3 53
4 4
5 35
6 56
8 104
9 9
10 20
2
drop 8 2566
pick 7 2581
10
1 41
2 2
3 43
4 14
5 25
6 66
7 87
8 38
9 101
10 10
3
drop 9 2565
pick 9 2571
pick 9 2574
10
1 51
2 101
3 33
4 102
5 15
6 76
7 77
8 48
9 9
10 101
9
drop 2 2570
drop 4 2569
drop 10 2559
pick 2 2578
pick 4 2573
pick 4 2576
pick 4 2585
pick 10 2579
pick 10 2584
10
1 106
2 2
3 23
4 14
5 5
6 86
7 67
8 105
9 19
10 10
2
drop 1 2575
pick 8 2582
10
1 51
2 12
3 13
4 4
5 101
6 96
7 57
8 48
9 29
10 20
3
drop 5 2530
drop 5 2549
pick 5 2583
10
1 61
2 22
3 3
4 101
5 5
6 110
7 47
8 38
9 39
10 30
7
drop 4 2573
drop 4 2576
drop 4 2585
drop 6 2561
pick 4 2586
pick 4 2588
pick 6 2587
10
1 107
2 32
3 101
4 4
5 15
6 96
7 105
8 28
9 49
10 40
5
drop 3 2572
drop 7 2581
pick 1 2577
pick 1 2580
pick 3 2589
9
1 61
2 42
3 3
4 14
5 25
6 86
8 18
9 59
10 50
1
pick 7 2596
10
1 51
2 52
3 13
4 24
5 103
6 76
7 47
8 8
9 69
10 60
2
drop 5 2583
pick 5 2591
10
1 41
2 62
3 23
4 34
5 25
6 66
7 37
8 101
9 79
10 70
2
drop 8 2582
pick 8 2590
10
1 31
2 107
3 33
4 44
5 35
6 56
7 27
8 8
9 89
10 80
2
drop 2 2578
pick 2 2593
10
1 21
2 62
3 43
4 54
5 45
6 46
7 17
8 18
9 109
10 90
2
drop 9 2571
drop 9 2574
10
1 11
2 52
3 53
4 64
5 105
6 36
7 7
8 28
9 89
10 100
1
drop 5 2591
9
1 1
2 42
3 63
4 74
6 26
7 101
8 38
9 99
10 110
6
drop 7 2596
drop 10 2579
drop 10 2584
pick 5 2609
pick 7 2592
pick 7 2605
9
1 101
2 32
3 73
4 108
5 45
6 16
7 7
8 48
9 110
6
drop 1 2577
drop 1 2580
drop 4 2586
drop 4 2588
pick 1 2594
pick 9 2610
9
1 1
2 22
3 83
4 74
5 55
6 6
7 17
8 105
9 99
2
drop 8 2590
pick 10 2612
10
1 11
2 12
3 93
4 64
5 65
6 101
7 27
8 48
9 89
10 100
3
drop 6 2587
pick 6 2598
pick 6 2611
10
1 102
2 2
3 110
4 107
5 75
6 6
7 37
8 58
9 79
10 90
7
drop 1 2594
drop 3 2589
pick 1 2604
pick 1 2613
pick 3 2616
pick 4 2606
pick 4 2607
10
1 11
2 101
3 93
4 64
5 108
6 16
7 47
8 106
9 69
10 80
5
drop 2 2593
drop 5 2609
pick 2 2602
pick 8 2595
pick 8 2597
10
1 1
2 2
3 83
4 54
5 75
6 26
7 57
8 58
9 59
10 70
0
10
1 101
2 12
3 73
4 44
5 85
6 36
7 67
8 48
9 49
10 60
4
drop 1 2604
drop 1 2613
pick 1 2614
pick 1 2615
10
1 1
2 22
3 63
4 34
5 109
6 46
7 77
8 38
9 39
10 50
1
pick 5 2622
10
1 11
2 32
3 107
4 24
5 85
6 56
7 87
8 28
9 29
10 40
2
drop 3 2616
pick 3 2627
10
1 102
2 42
3 63
4 14
5 75
6 66
7 109
8 18
9 19
10 104
6
drop 1 2614
drop 1 2615
drop 7 2592
drop 7 2605
drop 10 2612
pick 10 2599
10
1 11
2 52
3 53
4 4
5 108
6 76
7 87
8 8
9 9
10 40
1
drop 5 2622
10
1 21
2 106
3 43
4 101
5 75
6 108
7 77
8 101
9 101
10 50
15
drop 2 2602
drop 4 2606
drop 4 2607
drop 6 2598
drop 6 2611
drop 8 2595
drop 8 2597
drop 9 2610
pick 2 2600
pick 4 2618
pick 8 2620
pick 8 2632
pick 9 2623
pick 9 2625
pick 9 2631
10
1 103
2 52
3 105
4 4
5 65
6 76
7 108
8 8
9 9
10 60
6
drop 3 2627
pick 1 2601
pick 1 2617
pick 1 2639
pick 3 2621
pick 7 2633
10
1 21
2 42
3 43
4 14
5 107
6 66
7 77
8 18
9 19
10 70
1
pick 5 2628
10
1 11
2 105
3 53
4 24
5 65
6 107
7 67
8 28
9 102
10 107
10
drop 2 2600
drop 9 2623
drop 9 2625
drop 9 2631
drop 10 2599
pick 2 2630
pick 2 2637
pick 2 2638
pick 2 2641
pick 6 2636
9
1 1
2 42
3 63
4 34
5 55
6 66
7 57
8 38
10 70
0
9
1 101
2 32
3 73
4 44
5 45
6 56
7 47
8 48
10 60
5
drop 1 2601
drop 1 2617
drop 1 2639
pick 1 2624
pick 9 2644
10
1 1
2 22
3 83
4 54
5 35
6 46
7 37
8 58
9 19
10 106
1
pick 10 2603
10
1 11
2 12
3 109
4 64
5 25
6 36
7 27
8 68
9 9
10 60
1
drop 3 2621
10
1 21
2 2
3 83
4 74
5 15
6 26
7 17
8 78
9 101
10 70
4
drop 9 2644
pick 9 2626
pick 9 2629
pick 9 2649
10
1 103
2 101
3 93
4 84
5 5
6 16
7 7
8 88
9 9
10 80
8
drop 1 2624
drop 2 2630
drop 2 2637
drop 2 2638
drop 2 2641
pick 1 2619
pick 2 2635
pick 2 2645
10
1 21
2 2
3 110
4 109
5 101
6 6
7 101
8 98
9 19
10 90
9
drop 4 2618
drop 5 2628
drop 7 2633
pick 3 2634
pick 3 2643
pick 3 2652
pick 5 2650
pick 5 2653
pick 7 2654
9
1 31
2 12
3 93
5 5
6 101
7 7
8 110
9 29
10 100
4
drop 6 2636
drop 8 2620
drop 8 2632
pick 8 2646
8
1 41
2 22
3 83
5 15
7 17
8 98
9 39
10 110
3
drop 10 2603
pick 4 2656
pick 10 2657
9
1 105
2 32
3 73
4 84
5 25
7 27
8 88
9 49
10 100
3
drop 1 2619
pick 6 2658
pick 6 2659
9
2 42
3 63
4 74
5 35
6 6
7 103
8 109
9 59
10 90
4
drop 7 2654
drop 8 2646
pick 7 2647
pick 7 2655
9
2 52
3 53
4 64
5 45
6 16
7 27
8 88
9 69
10 80
1
pick 1 2662
10
1 41
2 62
3 43
4 54
5 105
6 26
7 17
8 78
9 107
10 70
6
drop 5 2650
drop 5 2653
drop 9 2626
drop 9 2629
drop 9 2649
pick 5 2667
10
1 31
2 72
3 33
4 44
5 45
6 36
7 7
8 108
9 69
10 60
1
pick 8 2642
10
1 21
2 108
3 23
4 34
5 35
6 46
7 101
8 78
9 59
10 50
6
drop 2 2635
drop 2 2645
drop 7 2647
drop 7 2655
pick 7 2664
pick 7 2671
10
1 11
2 72
3 13
4 24
5 25
6 105
7 7
8 68
9 106
10 40
5
drop 6 2658
drop 6 2659
pick 9 2640
pick 9 2661
pick 9 2672
9
1 1
2 62
3 3
4 14
5 103
7 17
8 58
9 59
10 30
2
drop 5 2667
pick 6 2675
10
1 101
2 52
3 101
4 4
5 25
6 46
7 27
8 48
9 49
10 20
6
drop 1 2662
drop 3 2634
drop 3 2643
drop 3 2652
pick 1 2665
pick 3 2666
10
1 1
2 106
3 3
4 101
5 35
6 36
7 37
8 38
9 39
10 10
4
drop 4 2656
pick 2 2651
pick 4 2668
pick 4 2674
10
1 11
2 52
3 13
4 4
5 104
6 26
7 47
8 28
9 29
10 101
3
drop 10 2657
pick 5 2608
pick 10 2669
10
1 21
2 42
3 23
4 14
5 35
6 16
7 57
8 18
9 19
10 10
0
10
1 31
2 32
3 103
4 102
5 25
6 6
7 67
8 8
9 9
10 20
7
drop 3 2666
drop 4 2668
drop 4 2674
pick 3 2679
pick 4 2648
pick 4 2660
pick 4 2663
10
1 41
2 22
3 23
4 14
5 15
6 101
7 77
8 101
9 101
10 30
8
drop 6 2675
drop 8 2642
drop 9 2640
drop 9 2661
drop 9 2672
pick 6 2678
pick 8 2683
pick 9 2684
10
1 51
2 12
3 33
4 4
5 5
6 6
7 108
8 8
9 9
10 40
3
drop 7 2664
drop 7 2671
pick 7 2688
10
1 61
2 2
3 43
4 101
5 101
6 16
7 77
8 18
9 19
10 50
6
drop 4 2648
drop 4 2660
drop 4 2663
drop 5 2608
pick 4 2686
pick 5 2687
10
1 107
2 101
3 53
4 4
5 5
6 26
7 67
8 28
9 29
10 60
6
drop 1 2665
drop 2 2651
pick 1 2680
pick 1 2691
pick 1 2692
pick 1 2695
9
1 61
3 63
4 14
5 15
6 36
7 107
8 38
9 39
10 106
4
drop 7 2688
drop 10 2669
pick 2 2698
pick 10 2673
9
1 51
2 2
3 73
4 102
5 25
6 46
8 48
9 49
10 60
2
drop 4 2686
pick 4 2676
9
1 41
2 12
3 108
4 14
5 35
6 56
8 105
9 59
10 70
5
drop 3 2679
drop 8 2683
pick 3 2690
pick 7 2702
pick 8 2696
10
1 31
2 22
3 73
4 24
5 45
6 66
7 67
8 48
9 69
10 80
0
10
1 21
2 32
3 63
4 34
5 105
6 76
7 57
8 38
9 107
10 108
4
drop 5 2687
drop 9 2684
drop 10 2673
pick 9 2706
10
1 11
2 104
3 53
4 44
5 45
6 86
7 47
8 28
9 69
10 80
2
drop 2 2698
pick 2 2697
10
1 1
2 32
3 43
4 54
5 35
6 96
7 37
8 18
9 59
10 90
0
10
1 101
2 42
3 33
4 106
5 104
6 110
7 27
8 8
9 49
10 109
19
drop 1 2680
drop 1 2691
drop 1 2692
drop 1 2695
drop 4 2676
drop 6 2678
pick 1 2699
pick 4 2707
pick 4 2708
pick 4 2713
pick 5 2682
pick 5 2701
pick 5 2703
pick 6 2670
pick 6 2694
pick 10 2685
pick 10 2693
pick 10 2704
pick 10 2709
10
1 1
2 105
3 23
4 54
5 35
6 96
7 17
8 101
9 39
10 90
3
drop 2 2697
drop 8 2696
pick 8 2700
10
1 11
2 42
3 13
4 44
5 25
6 86
7 7
8 8
9 29
10 80
0
10
1 21
2 52
3 3
4 34
5 15
6 76
7 101
8 18
9 19
10 70
2
drop 7 2702
pick 7 2705
10
1 31
2 106
3 101
4 24
5 5
6 66
7 7
8 28
9 9
10 60
3
drop 3 2690
pick 2 2711
pick 3 2712
10
1 41
2 52
3 3
4 14
5 101
6 56
7 17
8 103
9 101
10 50
7
drop 5 2682
drop 5 2701
drop 5 2703
drop 8 2700
drop 9 2706
pick 5 2714
pick 8 2710
9
1 51
2 42
3 13
4 4
5 5
6 46
7 27
8 28
10 40
1
pick 9 2722
10
1 61
2 32
3 102
4 101
5 15
6 36
7 37
8 18
9 9
10 30
5
drop 3 2712
drop 4 2707
drop 4 2708
drop 4 2713
pick 4 2724
9
1 71
2 104
4 4
5 25
6 26
7 47
8 8
9 19
10 20
3
drop 2 2711
pick 2 2720
pick 3 2730
10
1 81
2 32
3 13
4 14
5 35
6 16
7 105
8 101
9 29
10 10
4
drop 7 2705
drop 8 2710
pick 7 2723
pick 8 2728
10
1 91
2 22
3 23
4 24
5 45
6 6
7 47
8 8
9 39
10 101
5
drop 10 2685
drop 10 2693
drop 10 2704
drop 10 2709
pick 10 2729
10
1 110
2 12
3 33
4 103
5 55
6 101
7 37
8 18
9 49
10 10
7
drop 1 2699
drop 4 2724
drop 6 2670
drop 6 2694
pick 1 2677
pick 4 2721
pick 6 2731
10
1 91
2 2
3 43
4 24
5 65
6 6
7 104
8 28
9 105
10 20
2
drop 7 2723
drop 9 2722
10
1 81
2 101
3 105
4 34
5 75
6 16
7 37
8 38
9 49
10 30
3
drop 2 2720
drop 3 2730
pick 2 2733
10
1 71
2 2
3 43
4 44
5 108
6 102
7 27
8 48
9 59
10 40
4
drop 5 2714
drop 6 2731
pick 5 2715
pick 6 2734
10
1 61
2 12
3 53
4 54
5 75
6 16
7 103
8 58
9 106
10 50
2
pick 7 2737
pick 9 2717
10
1 51
2 22
3 106
4 64
5 85
6 6
7 27
8 68
9 59
10 60
4
pick 3 2718
pick 3 2719
pick 3 2726
pick 3 2732
10
1 41
2 32
3 53
4 74
5 109
6 101
7 17
8 78
9 69
10 70
5
drop 5 2715
drop 6 2734
pick 5 2689
pick 6 2736
pick 6 2739
10
1 31
2 42
3 43
4 84
5 85
6 6
7 7
8 108
9 107
10 80
5
drop 8 2728
drop 9 2717
pick 8 2725
pick 9 2735
pick 9 2744
10
1 21
2 52
3 33
4 109
5 75
6 16
7 101
8 78
9 69
10 90
4
drop 4 2721
drop 7 2737
pick 7 2738
pick 7 2745
10
1 103
2 62
3 23
4 84
5 65
6 26
7 7
8 68
9 59
10 100
3
drop 1 2677
pick 1 2740
pick 1 2742
10
1 21
2 107
3 13
4 94
5 55
6 36
7 17
8 58
9 49
10 110
6
drop 2 2733
drop 10 2729
pick 2 2749
pick 10 2716
pick 10 2727
pick 10 2741
10
1 11
2 62
3 3
4 110
5 45
6 46
7 27
8 48
9 39
10 100
1
pick 4 2681
10
1 1
2 52
3 101
4 94
5 35
6 56
7 37
8 38
9 29
10 90
5
drop 3 2718
drop 3 2719
drop 3 2726
drop 3 2732
pick 3 2743
10
1 101
2 42
3 3
4 84
5 25
6 66
7 47
8 28
9 19
10 80
4
drop 1 2740
drop 1 2742
pick 1 2746
pick 1 2747
10
1 1
2 32
3 13
4 74
5 15
6 76
7 57
8 18
9 9
10 70
0
10
1 11
2 22
3 102
4 64
5 102
6 86
7 106
8 8
9 101
10 60
10
drop 3 2743
drop 5 2689
drop 7 2738
drop 7 2745
drop 9 2735
drop 9 2744
pick 3 2753
pick 5 2760
pick 7 2751
pick 9 2750
10
1 21
2 12
3 13
4 54
5 15
6 96
7 57
8 101
9 9
10 50
3
drop 8 2725
pick 8 2756
pick 8 2762
10
1 31
2 2
3 23
4 44
5 25
6 110
7 67
8 8
9 19
10 40
3
drop 6 2736
drop 6 2739
pick 6 2763
10
1 41
2 101
3 33
4 34
5 35
6 96
7 107
8 18
9 29
10 30
3
drop 2 2749
drop 7 2751
pick 2 2759
9
1 105
2 2
3 104
4 104
5 45
6 86
8 28
9 39
10 20
7
drop 1 2746
drop 1 2747
drop 3 2753
drop 4 2681
pick 3 2757
pick 3 2766
pick 7 2771
10
1 41
2 12
3 33
4 34
5 55
6 76
7 67
8 103
9 49
10 10
2
drop 8 2756
drop 8 2762
10
1 51
2 22
3 23
4 24
5 65
6 66
7 57
8 28
9 59
10 101
4
drop 10 2716
drop 10 2727
drop 10 2741
pick 10 2768
10
1 106
2 32
3 13
4 103
5 75
6 56
7 47
8 18
9 106
10 10
4
drop 9 2750
pick 1 2752
pick 1 2767
pick 4 2770
10
1 51
2 42
3 3
4 24
5 108
6 46
7 37
8 8
9 59
10 20
4
drop 5 2760
pick 5 2748
pick 5 2755
pick 5 2773
10
1 41
2 52
3 101
4 14
5 75
6 105
7 27
8 101
9 49
10 30
9
drop 3 2757
drop 3 2766
drop 6 2763
pick 3 2769
pick 3 2776
pick 8 2761
pick 8 2775
pick 8 2777
pick 8 2778
10
1 31
2 62
3 3
4 4
5 65
6 46
7 17
8 8
9 105
10 40
1
pick 9 2780
10
1 21
2 72
3 13
4 101
5 55
6 36
7 7
8 18
9 49
10 50
2
drop 4 2770
pick 4 2772
10
1 11
2 82
3 23
4 4
5 45
6 104
7 101
8 28
9 39
10 105
5
drop 7 2771
drop 10 2768
pick 6 2787
pick 7 2779
pick 7 2784
10
1 1
2 109
3 33
4 14
5 35
6 36
7 7
8 38
9 29
10 50
3
drop 2 2759
pick 2 2754
pick 2 2765
10
1 101
2 82
3 43
4 24
5 25
6 46
7 17
8 48
9 19
10 40
4
drop 1 2752
drop 1 2767
pick 1 2785
pick 1 2790
10
1 1
2 72
3 53
4 34
5 15
6 105
7 27
8 58
9 9
10 104
2
drop 6 2787
pick 10 2792
10
1 11
2 62
3 63
4 44
5 5
6 46
7 37
8 68
9 101
10 40
3
drop 9 2780
pick 9 2789
pick 9 2793
10
1 102
2 52
3 73
4 54
5 101
6 36
7 47
8 78
9 9
10 30
8
drop 1 2785
drop 1 2790
drop 5 2748
drop 5 2755
drop 5 2773
pick 1 2782
pick 5 2791
pick 5 2799
10
1 11
2 42
3 83
4 64
5 5
6 104
7 57
8 108
9 19
10 20
6
drop 8 2761
drop 8 2775
drop 8 2777
drop 8 2778
pick 6 2798
pick 8 2758
10
1 1
2 32
3 93
4 107
5 15
6 36
7 67
8 78
9 29
10 10
3
drop 4 2772
pick 4 2788
pick 4 2801
10
1 101
2 22
3 110
4 64
5 25
6 26
7 77
8 68
9 39
10 101
8
drop 1 2782
drop 3 2769
drop 3 2776
drop 10 2792
pick 1 2797
pick 3 2764
pick 3 2794
pick 10 2802
10
1 1
2 12
3 93
4 54
5 35
6 103
7 87
8 58
9 104
10 10
7
drop 6 2798
drop 9 2789
drop 9 2793
pick 6 2786
pick 6 2795
pick 6 2807
pick 9 2805
10
1 11
2 2
3 83
4 44
5 45
6 26
7 109
8 48
9 39
10 20
3
drop 7 2779
drop 7 2784
pick 7 2774
10
1 21
2 101
3 73
4 34
5 55
6 16
7 87
8 38
9 29
10 30
3
drop 2 2754
drop 2 2765
pick 2 2803
10
1 31
2 2
3 63
4 24
5 65
6 6
7 77
8 28
9 19
10 40
0
10
1 41
2 12
3 53
4 14
5 75
6 101
7 108
8 103
9 9
10 50
10
drop 6 2786
drop 6 2795
drop 6 2807
drop 7 2774
drop 8 2758
pick 6 2804
pick 7 2781
pick 7 2783
pick 7 2796
pick 7 2815
10
1 51
2 22
3 43
4 4
5 85
6 6
7 77
8 28
9 101
10 60
2
drop 9 2805
pick 9 2817
10
1 106
2 32
3 33
4 101
5 95
6 16
7 67
8 18
9 9
10 70
6
drop 1 2797
drop 4 2788
drop 4 2801
pick 1 2800
pick 1 2806
pick 4 2820
10
1 51
2 42
3 23
4 4
5 110
6 102
7 57
8 102
9 19
10 80
6
drop 5 2791
drop 5 2799
drop 6 2804
pick 5 2813
pick 6 2816
pick 8 2810
10
1 41
2 52
3 13
4 14
5 95
6 16
7 47
8 18
9 29
10 108
2
drop 10 2802
pick 10 2818
10
1 31
2 62
3 3
4 24
5 85
6 6
7 37
8 8
9 39
10 80
0
10
1 21
2 107
3 101
4 34
5 75
6 101
7 27
8 101
9 104
10 90
11
drop 2 2803
drop 3 2764
drop 3 2794
drop 6 2816
drop 8 2810
drop 9 2817
pick 3 2823
pick 6 2825
pick 6 2827
pick 8 2826
pick 9 2812
10
1 11
2 62
3 3
4 44
5 65
6 6
7 17
8 8
9 39
10 109
2
drop 10 2818
pick 10 2809
10
1 1
2 72
3 13
4 105
5 55
6 16
7 7
8 18
9 29
10 90
3
drop 4 2820
pick 4 2808
pick 4 2814
10
1 101
2 108
3 23
4 44
5 45
6 26
7 101
8 102
9 19
10 80
11
drop 1 2800
drop 1 2806
drop 7 2781
drop 7 2783
drop 7 2796
drop 7 2815
drop 8 2826
pick 1 2834
pick 2 2822
pick 7 2835
pick 8 2824
10
1 1
2 72
3 33
4 34
5 35
6 36
7 7
8 18
9 9
10 70
0
10
1 11
2 62
3 43
4 24
5 25
6 46
7 17
8 28
9 101
10 107
5
drop 9 2812
drop 10 2809
pick 9 2836
pick 9 2841
pick 10 2840
10
1 21
2 52
3 53
4 14
5 103
6 105
7 27
8 38
9 9
10 70
7
drop 5 2813
drop 6 2825
drop 6 2827
pick 5 2831
pick 5 2833
pick 5 2851
pick 6 2819
10
1 31
2 106
3 63
4 4
5 25
6 46
7 37
8 48
9 19
10 60
4
drop 2 2822
pick 2 2829
pick 2 2832
pick 2 2846
10
1 41
2 52
3 73
4 101
5 15
6 36
7 47
8 58
9 29
10 50
3
drop 4 2808
drop 4 2814
pick 4 2838
10
1 51
2 42
3 108
4 4
5 5
6 26
7 57
8 68
9 39
10 40
3
drop 3 2823
pick 3 2830
pick 3 2852
10
1 106
2 32
3 73
4 14
5 101
6 16
7 67
8 78
9 49
10 30
5
drop 1 2834
drop 5 2831
drop 5 2833
drop 5 2851
pick 5 2842
10
1 51
2 22
3 63
4 24
5 5
6 102
7 77
8 108
9 59
10 20
7
drop 6 2819
drop 8 2824
pick 6 2828
pick 6 2837
pick 6 2839
pick 6 2845
pick 6 2854
10
1 61
2 12
3 53
4 34
5 15
6 16
7 87
8 78
9 69
10 102
2
drop 10 2840
pick 10 2860
10
1 107
2 2
3 43
4 44
5 25
6 6
7 109
8 88
9 79
10 20
6
drop 7 2835
pick 1 2844
pick 1 2848
pick 1 2850
pick 1 2853
pick 7 2821
10
1 61
2 101
3 33
4 54
5 35
6 101
7 87
8 109
9 89
10 30
13
drop 2 2829
drop 2 2832
drop 2 2846
drop 6 2828
drop 6 2837
drop 6 2839
drop 6 2845
drop 6 2854
pick 2 2843
pick 2 2855
pick 6 2847
pick 6 2859
pick 8 2811
10
1 51
2 2
3 23
4 64
5 45
6 6
7 77
8 88
9 99
10 40
0
10
1 41
2 12
3 13
4 107
5 55
6 16
7 67
8 78
9 110
10 50
5
drop 4 2838
drop 9 2836
drop 9 2841
pick 4 2856
pick 9 2849
10
1 31
2 102
3 3
4 64
5 106
6 26
7 57
8 68
9 99
10 60
3
drop 2 2843
drop 2 2855
drop 5 2842
9
1 21
3 101
4 54
5 55
6 36
7 47
8 58
9 89
10 70
3
drop 3 2830
drop 3 2852
pick 3 2861
9
1 11
3 3
4 106
5 45
6 46
7 37
8 48
9 79
10 80
2
drop 4 2856
pick 2 2871
10
1 1
2 12
3 13
4 54
5 105
6 56
7 27
8 38
9 69
10 90
1
pick 5 2858
10
1 101
2 2
3 23
4 44
5 45
6 66
7 17
8 28
9 59
10 109
7
drop 1 2844
drop 1 2848
drop 1 2850
drop 1 2853
drop 10 2860
pick 1 2864
pick 1 2868
10
1 1
2 101
3 33
4 105
5 35
6 76
7 7
8 18
9 49
10 90
5
drop 2 2871
pick 2 2873
pick 2 2874
pick 4 2869
pick 4 2876
10
1 11
2 2
3 43
4 44
5 25
6 108
7 101
8 8
9 39
10 80
4
drop 6 2847
drop 6 2859
drop 7 2821
pick 7 2875
10
1 21
2 12
3 53
4 34
5 15
6 76
7 7
8 101
9 29
10 108
3
drop 8 2811
pick 8 2877
pick 10 2865
10
1 103
2 102
3 63
4 24
5 5
6 86
7 17
8 8
9 19
10 80
7
drop 1 2864
drop 1 2868
drop 2 2873
drop 2 2874
pick 1 2857
pick 2 2872
pick 2 2880
10
1 21
2 12
3 73
4 14
5 101
6 96
7 27
8 18
9 9
10 70
3
drop 5 2858
pick 5 2881
pick 5 2885
10
1 11
2 2
3 83
4 4
5 5
6 110
7 37
8 28
9 101
10 60
3
drop 9 2849
pick 6 2867
pick 9 2887
10
1 1
2 101
3 109
4 101
5 15
6 96
7 47
8 38
9 9
10 50
6
drop 2 2872
drop 2 2880
drop 3 2861
drop 4 2869
drop 4 2876
pick 2 2891
10
1 101
2 2
3 83
4 4
5 25
6 86
7 57
8 48
9 19
10 40
1
drop 1 2857
10
1 1
2 12
3 93
4 14
5 35
6 76
7 67
8 105
9 29
10 30
2
drop 8 2877
pick 8 2890
10
1 11
2 22
3 110
4 102
5 45
6 66
7 107
8 48
9 103
10 20
4
drop 7 2875
drop 9 2887
pick 3 2870
pick 4 2884
10
1 21
2 32
3 93
4 14
5 55
6 56
7 67
8 38
9 29
10 10
0
10
1 103
2 42
3 83
4 4
5 106
6 46
7 57
8 28
9 39
10 101
8
drop 5 2881
drop 5 2885
drop 10 2865
pick 1 2862
pick 5 2882
pick 5 2883
pick 5 2888
pick 10 2894
10
1 21
2 52
3 109
4 101
5 55
6 105
7 106
8 18
9 104
10 10
11
drop 3 2870
drop 4 2884
drop 6 2867
pick 3 2895
pick 4 2896
pick 6 2900
pick 6 2901
pick 7 2878
pick 9 2863
pick 9 2866
pick 9 2892
10
1 31
2 62
3 83
4 4
5 45
6 46
7 57
8 8
9 39
10 20
0
10
1 41
2 72
3 73
4 14
5 35
6 36
7 47
8 101
9 29
10 30
3
drop 8 2890
pick 8 2899
pick 8 2903
10
1 51
2 108
3 63
4 24
5 25
6 26
7 37
8 8
9 19
10 103
3
drop 2 2891
drop 10 2894
pick 2 2902
9
1 61
2 72
3 53
4 34
5 15
6 16
7 27
8 18
9 9
2
pick 10 2910
pick 10 2911
10
1 71
2 62
3 43
4 44
5 5
6 6
7 17
8 102
9 101
10 30
8
drop 8 2899
drop 8 2903
drop 9 2863
drop 9 2866
drop 9 2892
pick 8 2893
pick 8 2908
pick 9 2906
10
1 108
2 52
3 33
4 54
5 101
6 101
7 7
8 18
9 9
10 20
8
drop 1 2862
drop 5 2882
drop 5 2883
drop 5 2888
drop 6 2900
drop 6 2901
pick 1 2914
pick 5 2913
9
1 71
2 106
3 23
4 64
5 5
7 101
8 8
9 19
10 10
4
drop 2 2902
drop 7 2878
pick 2 2886
pick 6 2915
9
1 61
2 52
3 13
4 74
5 15
6 6
8 101
9 29
10 101
5
drop 8 2893
drop 8 2908
drop 10 2910
drop 10 2911
pick 7 2917
10
1 51
2 62
3 3
4 84
5 25
6 16
7 7
8 8
9 39
10 10
0
10
1 41
2 72
3 101
4 94
5 35
6 102
7 17
8 18
9 49
10 20
2
drop 3 2895
drop 6 2915
10
1 31
2 82
3 3
4 110
5 45
6 16
7 27
8 28
9 59
10 30
3
drop 4 2896
pick 4 2889
pick 4 2898
10
1 21
2 92
3 13
4 94
5 55
6 6
7 37
8 38
9 69
10 40
0
10
1 11
2 110
3 102
4 84
5 65
6 101
7 47
8 104
9 107
10 104
8
drop 2 2886
drop 9 2906
pick 2 2897
pick 2 2918
pick 3 2922
pick 6 2923
pick 8 2879
pick 10 2905
10
1 1
2 92
3 13
4 74
5 75
6 6
7 57
8 38
9 69
10 40
0
10
1 101
2 82
3 3
4 64
5 85
6 16
7 67
8 28
9 59
10 30
2
drop 1 2914
pick 1 2928
10
1 1
2 72
3 101
4 54
5 95
6 26
7 77
8 18
9 106
10 20
3
drop 3 2922
pick 3 2931
pick 9 2907
10
1 11
2 62
3 3
4 44
5 110
6 36
7 108
8 102
9 59
10 10
6
drop 5 2913
drop 7 2917
drop 8 2879
pick 5 2925
pick 7 2921
pick 8 2932
10
1 21
2 52
3 13
4 34
5 95
6 46
7 77
8 18
9 69
10 101
2
drop 10 2905
pick 10 2933
10
1 31
2 42
3 23
4 24
5 85
6 56
7 67
8 8
9 107
10 10
1
drop 9 2907
10
1 41
2 32
3 33
4 14
5 75
6 106
7 57
8 101
9 69
10 20
4
drop 6 2923
drop 8 2932
pick 6 2936
pick 8 2935
10
1 51
2 104
3 43
4 4
5 65
6 56
7 47
8 8
9 59
10 30
3
drop 2 2897
drop 2 2918
pick 2 2920
10
1 106
2 32
3 53
4 101
5 107
6 46
7 37
8 18
9 106
10 40
6
drop 1 2928
drop 4 2889
drop 4 2898
drop 5 2925
pick 4 2937
pick 9 2916
9
2 42
3 63
4 4
5 65
6 36
7 27
8 28
9 59
10 50
1
pick 1 2946
10
1 51
2 105
3 73
4 14
5 55
6 26
7 17
8 38
9 49
10 105
5
drop 2 2920
drop 10 2933
pick 2 2909
pick 2 2912
pick 10 2919
10
1 61
2 42
3 108
4 102
5 45
6 16
7 7
8 48
9 39
10 50
2
drop 3 2931
drop 4 2937
9
1 71
2 32
3 73
5 105
6 6
7 101
8 58
9 29
10 40
3
drop 7 2921
pick 5 2904
pick 7 2938
9
1 108
2 22
3 83
5 45
6 101
7 7
8 68
9 19
10 104
8
drop 1 2946
drop 6 2936
drop 10 2919
pick 4 2951
pick 6 2941
pick 6 2948
pick 6 2949
pick 10 2926
10
1 71
2 12
3 109
4 14
5 35
6 6
7 17
8 78
9 9
10 40
1
pick 3 2924
10
1 81
2 2
3 83
4 24
5 25
6 16
7 27
8 88
9 101
10 30
4
drop 9 2916
pick 9 2942
pick 9 2943
pick 9 2950
10
1 91
2 101
3 73
4 34
5 15
6 26
7 37
8 109
9 9
10 103
8
drop 2 2909
drop 2 2912
drop 8 2935
drop 10 2926
pick 2 2944
pick 2 2952
pick 2 2955
pick 10 2927
10
1 110
2 2
3 63
4 44
5 5
6 36
7 104
8 88
9 19
10 30
4
drop 7 2938
pick 1 2930
pick 1 2940
pick 7 2957
10
1 91
2 12
3 53
4 105
5 101
6 46
7 37
8 98
9 29
10 20
6
drop 4 2951
drop 5 2904
pick 4 2939
pick 5 2945
pick 5 2956
pick 5 2958
10
1 81
2 102
3 43
4 44
5 5
6 56
7 27
8 110
9 39
10 10
6
drop 2 2944
drop 2 2952
drop 2 2955
pick 2 2960
pick 2 2964
pick 8 2934
10
1 71
2 12
3 33
4 54
5 15
6 66
7 17
8 98
9 49
10 101
3
drop 10 2927
pick 10 2947
pick 10 2954
10
1 61
2 2
3 23
4 64
5 25
6 76
7 7
8 88
9 59
10 10
0
10
1 51
2 101
3 13
4 74
5 35
6 108
7 101
8 78
9 69
10 20
10
drop 2 2960
drop 2 2964
drop 6 2941
drop 6 2948
drop 6 2949
drop 7 2957
pick 2 2959
pick 6 2963
pick 7 2962
pick 7 2971
10
1 41
2 2
3 3
4 108
5 45
6 76
7 7
8 68
9 107
10 30
4
drop 4 2939
drop 9 2942
drop 9 2943
drop 9 2950
9
1 31
2 12
3 101
5 55
6 66
7 17
8 58
9 69
10 40
2
drop 3 2924
pick 3 2965
9
1 21
2 22
3 3
5 106
6 56
7 27
8 48
9 59
10 50
4
drop 5 2945
drop 5 2956
drop 5 2958
pick 4 2981
9
1 11
2 32
3 13
4 74
6 106
7 37
8 38
9 106
10 60
3
drop 6 2963
pick 5 2982
pick 9 2953
9
1 1
2 104
3 23
4 64
5 55
7 47
8 28
9 59
10 70
3
drop 2 2959
pick 2 2961
pick 6 2983
10
1 101
2 32
3 33
4 54
5 45
6 56
7 57
8 18
9 49
10 80
3
drop 1 2930
drop 1 2940
pick 1 2966
10
1 1
2 42
3 43
4 44
5 35
6 46
7 67
8 8
9 39
10 90
0
10
1 11
2 52
3 53
4 34
5 25
6 36
7 77
8 101
9 29
10 109
6
drop 8 2934
drop 10 2947
drop 10 2954
pick 8 2969
pick 8 2972
pick 10 2984
10
1 21
2 62
3 106
4 24
5 15
6 26
7 108
8 8
9 19
10 90
4
drop 3 2965
drop 7 2962
drop 7 2971
pick 3 2985
10
1 31
2 107
3 53
4 14
5 5
6 16
7 77
8 18
9 9
10 80
1
drop 2 2961
9
1 41
3 43
4 4
5 101
6 6
7 87
8 102
9 101
10 70
7
drop 5 2982
drop 8 2969
drop 8 2972
drop 9 2953
pick 5 2970
pick 8 2968
pick 9 2975
9
1 51
3 33
4 101
5 5
6 101
7 97
8 18
9 9
10 60
5
drop 4 2981
drop 6 2983
pick 4 2978
pick 4 2980
pick 6 2986
9
1 61
3 23
4 4
5 15
6 6
7 110
8 8
9 19
10 50
2
pick 2 2993
pick 7 2967
10
1 107
2 62
3 13
4 14
5 25
6 16
7 97
8 101
9 29
10 40
4
drop 1 2966
drop 8 2968
pick 8 2987
pick 8 2989
9
2 52
3 102
4 24
5 35
6 26
7 87
8 8
9 39
10 30
1
drop 3 2985
8
2 106
4 103
5 45
6 36
7 77
8 18
9 49
10 20
6
drop 2 2993
drop 4 2978
drop 4 2980
pick 1 2995
pick 1 2996
pick 4 2929
9
1 61
2 52
4 24
5 55
6 46
7 67
8 28
9 59
10 10
1
pick 3 3001
10
1 51
2 42
3 13
4 14
5 65
6 56
7 57
8 38
9 69
10 101
4
drop 10 2984
pick 10 2988
pick 10 2990
pick 10 2992
10
1 41
2 105
3 3
4 102
5 75
6 106
7 47
8 48
9 79
10 10
4
drop 4 2929
drop 6 2986
pick 2 2973
pick 2 2979
10
1 31
2 42
3 101
4 14
5 85
6 56
7 37
8 58
9 89
10 20
4
drop 3 3001
pick 3 2994
pick 3 3002
pick 3 3004
10
1 21
2 32
3 3
4 24
5 109
6 46
7 27
8 68
9 99
10 30
1
drop 5 2970
10
1 11
2 22
3 13
4 103
5 85
6 105
7 17
8 78
9 110
10 40
3
drop 9 2975
pick 4 2976
pick 6 2977
10
1 1
2 12
3 23
4 24
5 95
6 46
7 7
8 108
9 99
10 104
7
drop 8 2987
drop 8 2989
drop 10 2988
drop 10 2990
drop 10 2992
pick 8 3003
pick 8 3010
10
1 101
2 2
3 33
4 34
5 110
6 56
7 101
8 78
9 89
10 40
6
drop 1 2995
drop 1 2996
drop 7 2967
pick 1 2997
pick 5 2974
pick 7 2998
10
1 1
2 101
3 43
4 44
5 95
6 66
7 7
8 68
9 79
10 30
3
drop 2 2973
drop 2 2979
pick 2 3005
10
1 11
2 2
3 53
4 54
5 85
6 76
7 17
8 58
9 108
10 103
3
pick 9 2999
pick 10 2991
pick 10 3008
10
1 21
2 12
3 63
4 64
5 75
6 108
7 27
8 48
9 79
10 30
1
drop 6 2977
10
1 31
2 102
3 107
4 107
5 65
6 76
7 37
8 38
9 69
10 20
6
drop 2 3005
drop 3 2994
drop 3 3002
drop 3 3004
drop 4 2976
pick 3 3009
10
1 41
2 12
3 63
4 64
5 107
6 66
7 47
8 28
9 59
10 10
1
drop 5 2974
10
1 51
2 2
3 53
4 74
5 65
6 107
7 57
8 18
9 49
10 101
5
drop 10 2991
drop 10 3008
pick 6 3000
pick 10 3012
pick 10 3017
10
1 61
2 101
3 43
4 108
5 75
6 66
7 67
8 8
9 39
10 10
2
pick 2 3011
pick 4 3019
10
1 71
2 2
3 33
4 74
5 108
6 56
7 77
8 101
9 29
10 20
5
drop 8 3003
drop 8 3010
pick 5 3021
pick 8 3013
pick 8 3016
10
1 81
2 12
3 23
4 64
5 75
6 46
7 108
8 8
9 19
10 30
1
drop 7 2998
10
1 91
2 22
3 103
4 54
5 65
6 36
7 77
8 18
9 9
10 40
1
drop 3 3009
10
1 110
2 103
3 23
4 44
5 55
6 26
7 87
8 28
9 101
10 50
5
drop 1 2997
drop 2 3011
drop 9 2999
pick 1 3014
pick 9 3023
9
1 91
3 33
4 34
5 45
6 16
7 109
8 38
9 9
10 105
7
drop 10 3012
drop 10 3017
pick 7 3015
pick 7 3022
pick 10 3006
pick 10 3007
pick 10 3026
9
1 81
3 104
4 24
5 35
6 6
7 87
8 48
9 19
10 50
3
pick 2 3028
pick 3 3018
pick 3 3029
10
1 109
2 22
3 33
4 14
5 25
6 101
7 77
8 58
9 29
10 40
3
drop 1 3014
drop 6 3000
pick 6 3024
10
1 81
2 12
3 23
4 102
5 15
6 6
7 67
8 68
9 39
10 30
2
drop 4 3019
pick 4 3034
10
1 91
2 2
3 13
4 14
5 5
6 16
7 57
8 107
9 49
10 20
3
drop 8 3013
drop 8 3016
pick 8 3025
10
1 110
2 101
3 3
4 24
5 101
6 26
7 47
8 68
9 59
10 10
7
drop 2 3028
drop 5 3021
pick 1 3020
pick 2 3033
pick 5 3035
pick 5 3038
pick 5 3039
10
1 91
2 2
3 101
4 34
5 5
6 36
7 37
8 58
9 69
10 101
8
drop 3 3018
drop 3 3029
drop 10 3006
drop 10 3007
drop 10 3026
pick 3 3036
pick 3 3042
pick 10 3044
10
1 81
2 12
3 3
4 44
5 15
6 46
7 27
8 48
9 79
10 10
0
10
1 71
2 22
3 13
4 54
5 25
6 56
7 17
8 38
9 108
10 20
2
drop 9 3023
pick 9 3048
10
1 61
2 32
3 23
4 64
5 35
6 66
7 7
8 28
9 79
10 30
0
10
1 51
2 104
3 33
4 74
5 45
6 76
7 101
8 103
9 69
10 40
8
drop 2 3033
drop 7 3015
drop 7 3022
drop 8 3025
pick 2 3032
pick 7 3050
pick 7 3052
pick 8 3031
10
1 41
2 32
3 43
4 84
5 55
6 86
7 7
8 28
9 59
10 50
0
10
1 31
2 22
3 53
4 94
5 65
6 96
7 17
8 18
9 49
10 105
2
drop 10 3044
pick 10 3041
10
1 21
2 103
3 106
4 110
5 75
6 110
7 27
8 102
9 39
10 50
10
drop 2 3032
drop 3 3036
drop 3 3042
drop 4 3034
drop 6 3024
drop 8 3031
pick 2 3040
pick 3 3027
pick 4 3030
pick 8 3037
10
1 11
2 22
3 53
4 94
5 108
6 96
7 37
8 18
9 29
10 40
4
drop 5 3035
drop 5 3038
drop 5 3039
pick 5 3057
10
1 1
2 12
3 43
4 84
5 75
6 86
7 47
8 28
9 19
10 30
0
10
1 101
2 2
3 33
4 74
5 65
6 109
7 57
8 38
9 9
10 20
3
drop 1 3020
pick 1 3054
pick 6 3051
10
1 1
2 101
3 23
4 64
5 55
6 86
7 67
8 48
9 101
10 102
9
drop 2 3040
drop 9 3048
drop 10 3041
pick 2 3055
pick 9 3061
pick 9 3063
pick 10 3043
pick 10 3045
pick 10 3062
10
1 11
2 2
3 13
4 54
5 45
6 76
7 77
8 58
9 9
10 20
0
10
1 21
2 12
3 3
4 44
5 35
6 66
7 87
8 68
9 19
10 10
0
10
1 31
2 22
3 101
4 34
5 25
6 56
7 97
8 78
9 29
10 101
6
drop 3 3027
drop 10 3043
drop 10 3045
drop 10 3062
pick 3 3067
pick 10 3070
10
1 104
2 32
3 3
4 24
5 15
6 46
7 110
8 108
9 39
10 10
5
drop 1 3054
drop 7 3050
drop 7 3052
drop 8 3037
pick 1 3049
9
1 31
2 42
3 13
4 103
5 5
6 36
8 78
9 49
10 20
3
drop 4 3030
pick 4 3053
pick 7 3074
10
1 21
2 52
3 23
4 24
5 101
6 26
7 97
8 68
9 59
10 30
2
drop 5 3057
pick 5 3071
10
1 11
2 62
3 33
4 34
5 5
6 16
7 87
8 107
9 106
10 40
5
drop 9 3061
drop 9 3063
pick 8 3046
pick 8 3066
pick 9 3059
10
1 1
2 107
3 43
4 104
5 15
6 6
7 77
8 68
9 59
10 50
3
drop 2 3055
drop 4 3053
pick 2 3065
9
1 101
2 62
3 53
5 25
6 101
7 67
8 58
9 69
10 60
6
drop 1 3049
drop 6 3051
pick 1 3072
pick 1 3077
pick 4 3083
pick 6 3076
10
1 1
2 72
3 63
4 34
5 35
6 6
7 57
8 48
9 79
10 70
0
10
1 11
2 108
3 107
4 24
5 45
6 16
7 47
8 38
9 89
10 80
3
drop 2 3065
drop 3 3067
pick 2 3084
10
1 21
2 72
3 63
4 14
5 55
6 102
7 37
8 28
9 109
10 90
4
drop 6 3076
drop 9 3059
pick 6 3060
pick 9 3069
10
1 31
2 62
3 53
4 4
5 65
6 16
7 27
8 18
9 89
10 100
0
10
1 41
2 52
3 106
4 101
5 107
6 26
7 17
8 8
9 79
10 110
9
drop 4 3083
drop 5 3071
drop 10 3070
pick 3 3073
pick 3 3087
pick 4 3078
pick 4 3089
pick 5 3095
pick 10 3088
10
1 51
2 42
3 53
4 4
5 65
6 36
7 7
8 101
9 69
10 100
3
drop 8 3046
drop 8 3066
pick 8 3079
10
1 61
2 32
3 43
4 14
5 55
6 46
7 101
8 8
9 59
10 90
4
drop 7 3074
pick 7 3081
pick 7 3090
pick 7 3093
10
1 71
2 22
3 33
4 24
5 45
6 56
7 7
8 18
9 49
10 80
0
10
1 81
2 12
3 23
4 34
5 35
6 66
7 17
8 28
9 39
10 70
0
10
1 91
2 2
3 13
4 44
5 25
6 76
7 27
8 103
9 29
10 107
6
drop 8 3079
drop 10 3088
pick 8 3068
pick 8 3096
pick 8 3099
pick 8 3103
9
1 110
2 101
3 3
4 54
5 15
6 108
7 37
8 28
9 19
9
drop 1 3072
drop 1 3077
drop 2 3084
drop 6 3060
pick 1 3100
pick 2 3082
pick 2 3092
pick 2 3101
pick 6 3094
9
1 91
2 2
3 101
4 64
5 5
6 76
7 47
8 18
9 102
6
drop 3 3073
drop 3 3087
drop 9 3069
pick 3 3091
pick 9 3064
pick 10 3108
10
1 81
2 12
3 3
4 74
5 101
6 66
7 105
8 8
9 19
10 70
11
drop 5 3095
drop 7 3081
drop 7 3090
drop 7 3093
pick 5 3098
pick 5 3102
pick 5 3104
pick 5 3107
pick 5 3109
pick 7 3047
pick 7 3058
10
1 71
2 22
3 13
4 84
5 5
6 56
7 47
8 101
9 29
10 60
6
drop 8 3068
drop 8 3096
drop 8 3099
drop 8 3103
pick 8 3106
pick 8 3111
10
1 61
2 32
3 23
4 109
5 15
6 46
7 37
8 8
9 39
10 50
2
drop 4 3078
drop 4 3089
10
1 51
2 42
3 33
4 84
5 25
6 36
7 27
8 18
9 49
10 40
0
10
1 41
2 52
3 43
4 74
5 35
6 104
7 17
8 102
9 59
10 30
6
drop 6 3094
drop 8 3106
drop 8 3111
pick 6 3085
pick 6 3112
pick 8 3080
10
1 31
2 106
3 53
4 108
5 45
6 36
7 7
8 18
9 106
10 20
8
drop 2 3082
drop 2 3092
drop 2 3101
drop 9 3064
pick 2 3086
pick 4 3097
pick 9 3105
pick 9 3121
10
1 21
2 52
3 63
4 74
5 55
6 26
7 101
8 28
9 59
10 10
3
drop 7 3047
drop 7 3058
pick 7 3116
10
1 11
2 42
3 73
4 64
5 65
6 16
7 7
8 38
9 49
10 101
2
drop 10 3108
pick 10 3117
10
1 1
2 32
3 83
4 54
5 75
6 6
7 17
8 104
9 39
10 10
1
drop 8 3080
10
1 101
2 22
3 93
4 44
5 108
6 101
7 27
8 38
9 29
10 20
11
drop 1 3100
drop 5 3098
drop 5 3102
drop 5 3104
drop 5 3107
drop 5 3109
drop 6 3085
drop 6 3112
pick 1 3118
pick 1 3128
pick 6 3119
10
1 1
2 103
3 110
4 34
5 75
6 6
7 37
8 48
9 19
10 30
4
drop 2 3086
drop 3 3091
pick 2 3115
pick 3 3110
10
1 11
2 22
3 93
4 24
5 65
6 16
7 47
8 105
9 9
10 40
1
pick 8 3056
10
1 21
2 32
3 83
4 14
5 107
6 26
7 105
8 48
9 101
10 50
6
drop 7 3116
drop 9 3105
drop 9 3121
pick 5 3113
pick 7 3075
pick 9 3122
10
1 31
2 104
3 73
4 4
5 65
6 36
7 47
8 38
9 9
10 60
2
drop 2 3115
pick 2 3134
10
1 41
2 32
3 63
4 101
5 55
6 46
7 57
8 28
9 19
10 70
3
drop 4 3097
pick 4 3125
pick 4 3131
10
1 51
2 22
3 53
4 4
5 45
6 56
7 67
8 103
9 29
10 80
1
drop 8 3056
10
1 61
2 12
3 43
4 14
5 105
6 106
7 77
8 28
9 39
10 108
6
drop 5 3113
drop 6 3119
drop 10 3117
pick 6 3123
pick 10 3135
pick 10 3137
9
1 71
2 2
3 33
4 24
6 56
7 108
8 18
9 49
10 80
1
drop 7 3075
8
1 81
2 101
3 23
4 34
6 66
8 102
9 59
10 70
9
drop 2 3134
pick 2 3127
pick 2 3129
pick 2 3130
pick 2 3133
pick 2 3147
pick 5 3146
pick 7 3144
pick 8 3136
10
1 91
2 2
3 103
4 104
5 45
6 76
7 77
8 18
9 69
10 60
4
drop 3 3110
drop 4 3125
drop 4 3131
pick 4 3142
10
1 110
2 12
3 23
4 34
5 35
6 86
7 67
8 28
9 79
10 50
6
drop 1 3118
drop 1 3128
pick 1 3114
pick 1 3120
pick 1 3138
pick 1 3143
10
1 91
2 102
3 33
4 24
5 25
6 109
7 57
8 103
9 89
10 40
8
drop 2 3127
drop 2 3129
drop 2 3130
drop 2 3133
drop 2 3147
drop 6 3123
drop 8 3136
pick 6 3126
9
1 81
3 104
4 14
5 15
6 86
7 47
8 28
9 109
10 30
2
drop 9 3122
pick 3 3141
9
1 71
3 33
4 4
5 5
6 76
7 37
8 18
9 89
10 20
1
pick 2 3152
10
1 61
2 12
3 23
4 101
5 101
6 66
7 27
8 8
9 99
10 10
4
drop 4 3142
drop 5 3146
pick 4 3145
pick 5 3148
10
1 51
2 2
3 13
4 4
5 5
6 56
7 17
8 101
9 110
10 101
5
drop 10 3135
drop 10 3137
pick 8 3140
pick 9 3132
pick 10 3149
10
1 41
2 101
3 3
4 14
5 15
6 46
7 7
8 8
9 99
10 10
3
drop 2 3152
pick 2 3154
pick 2 3156
10
1 31
2 2
3 101
4 24
5 25
6 36
7 101
8 18
9 89
10 20
4
drop 3 3141
drop 7 3144
pick 3 3155
pick 3 3157
10
1 21
2 12
3 3
4 34
5 103
6 26
7 7
8 28
9 109
10 30
2
drop 5 3148
drop 9 3132
10
1 11
2 22
3 13
4 44
5 25
6 16
7 17
8 38
9 89
10 40
0
10
1 1
2 32
3 23
4 54
5 35
6 6
7 102
8 48
9 79
10 50
1
pick 7 3158
10
1 101
2 104
3 33
4 64
5 104
6 101
7 17
8 105
9 108
10 60
14
drop 1 3114
drop 1 3120
drop 1 3138
drop 1 3143
drop 2 3154
drop 2 3156
drop 6 3126
drop 8 3140
pick 1 3162
pick 1 3167
pick 5 3159
pick 6 3163
pick 6 3169
pick 9 3161
9
1 1
2 32
3 43
4 74
5 35
6 6
7 27
9 79
10 70
1
pick 8 3174
10
1 11
2 42
3 53
4 84
5 25
6 16
7 37
8 48
9 69
10 80
0
10
1 21
2 105
3 106
4 94
5 15
6 26
7 47
8 38
9 59
10 90
7
drop 3 3155
drop 3 3157
pick 2 3160
pick 2 3179
pick 3 3139
pick 3 3153
pick 3 3172
10
1 31
2 42
3 53
4 110
5 5
6 36
7 105
8 28
9 49
10 109
5
drop 4 3145
drop 7 3158
drop 10 3149
pick 4 3176
pick 7 3181
10
1 41
2 32
3 43
4 94
5 101
6 46
7 47
8 18
9 39
10 90
2
drop 5 3159
pick 5 3164
10
1 51
2 22
3 33
4 84
5 5
6 56
7 57
8 8
9 29
10 80
0
10
1 61
2 12
3 23
4 74
5 15
6 66
7 67
8 101
9 19
10 108
6
drop 8 3174
pick 8 3166
pick 8 3170
pick 10 3171
pick 10 3177
pick 10 3182
10
1 71
2 2
3 13
4 64
5 25
6 76
7 77
8 8
9 9
10 80
0
10
1 108
2 101
3 3
4 54
5 103
6 86
7 87
8 18
9 101
10 70
13
drop 1 3162
drop 1 3167
drop 2 3160
drop 2 3179
drop 5 3164
drop 9 3161
pick 1 3194
pick 2 3168
pick 5 3175
pick 5 3188
pick 9 3173
pick 9 3183
pick 9 3192
10
1 71
2 2
3 101
4 44
5 25
6 109
7 109
8 28
9 9
10 60
7
drop 3 3139
drop 3 3153
drop 3 3172
drop 6 3163
drop 6 3169
drop 7 3181
pick 3 3178
9
1 61
2 12
3 3
4 34
5 15
7 87
8 38
9 19
10 50
0
9
1 51
2 22
3 13
4 24
5 5
7 97
8 48
9 29
10 40
1
pick 6 3197
10
1 41
2 32
3 23
4 14
5 101
6 86
7 110
8 58
9 39
10 30
4
drop 5 3175
drop 5 3188
pick 5 3180
pick 7 3200
10
1 31
2 42
3 33
4 4
5 5
6 76
7 97
8 106
9 49
10 20
3
drop 8 3166
drop 8 3170
pick 8 3201
10
1 21
2 105
3 43
4 101
5 15
6 66
7 87
8 58
9 59
10 10
8
drop 2 3168
drop 4 3176
pick 2 3189
pick 4 3186
pick 4 3190
pick 4 3195
pick 4 3199
pick 4 3203
10
1 11
2 42
3 53
4 4
5 102
6 56
7 77
8 48
9 69
10 101
6
drop 5 3180
drop 10 3171
drop 10 3177
drop 10 3182
pick 5 3165
pick 10 3187
10
1 1
2 32
3 63
4 14
5 15
6 46
7 67
8 38
9 79
10 10
0
10
1 101
2 22
3 107
4 24
5 5
6 36
7 57
8 28
9 89
10 20
6
drop 1 3194
drop 3 3178
pick 1 3205
pick 3 3124
pick 3 3150
pick 3 3207
10
1 1
2 12
3 63
4 103
5 101
6 26
7 47
8 18
9 99
10 30
8
drop 4 3186
drop 4 3190
drop 4 3195
drop 4 3199
drop 4 3203
drop 5 3165
pick 5 3206
pick 5 3209
10
1 11
2 2
3 53
4 24
5 5
6 16
7 37
8 8
9 110
10 40
5
drop 9 3173
drop 9 3183
drop 9 3192
pick 9 3204
pick 9 3210
10
1 21
2 101
3 43
4 34
5 15
6 6
7 27
8 101
9 99
10 50
4
drop 2 3189
drop 8 3201
pick 2 3212
pick 8 3214
10
1 31
2 2
3 33
4 104
5 25
6 101
7 17
8 8
9 89
10 60
5
drop 6 3197
pick 4 3184
pick 4 3185
pick 4 3211
pick 6 3215
10
1 41
2 12
3 23
4 34
5 35
6 6
7 7
8 18
9 79
10 70
0
10
1 51
2 22
3 13
4 24
5 104
6 16
7 101
8 102
9 69
10 80
8
drop 5 3206
drop 5 3209
drop 7 3200
drop 8 3214
pick 5 3196
pick 7 3220
pick 7 3221
pick 8 3191
10
1 61
2 103
3 3
4 14
5 35
6 26
7 7
8 18
9 59
10 90
1
drop 2 3212
10
1 71
2 22
3 101
4 4
5 45
6 36
7 17
8 28
9 49
10 109
9
drop 3 3124
drop 3 3150
drop 3 3207
drop 10 3187
pick 3 3224
pick 3 3228
pick 10 3213
pick 10 3222
pick 10 3225
10
1 108
2 12
3 3
4 101
5 55
6 46
7 27
8 103
9 39
10 90
7
drop 1 3205
drop 4 3184
drop 4 3185
drop 4 3211
drop 8 3191
pick 4 3226
pick 4 3230
9
2 102
3 13
4 4
5 65
6 56
7 37
8 28
9 29
10 80
1
pick 2 3198
9
2 12
3 23
4 14
5 75
6 66
7 47
8 38
9 19
10 70
1
pick 1 3232
10
1 71
2 22
3 33
4 24
5 85
6 76
7 57
8 104
9 9
10 60
2
pick 8 3229
pick 8 3235
10
1 61
2 32
3 43
4 34
5 109
6 86
7 67
8 38
9 101
10 50
4
drop 5 3196
drop 9 3204
drop 9 3210
pick 9 3233
10
1 51
2 42
3 53
4 44
5 85
6 109
7 77
8 28
9 9
10 40
1
drop 6 3215
10
1 41
2 52
3 63
4 54
5 75
6 86
7 87
8 18
9 19
10 30
0
10
1 31
2 62
3 73
4 64
5 108
6 76
7 109
8 8
9 29
10 20
3
drop 7 3220
drop 7 3221
pick 5 3238
10
1 21
2 107
3 83
4 107
5 75
6 66
7 87
8 101
9 39
10 10
10
drop 2 3198
drop 4 3226
drop 4 3230
drop 8 3229
drop 8 3235
pick 2 3217
pick 2 3240
pick 4 3218
pick 8 3241
pick 8 3243
10
1 11
2 62
3 109
4 64
5 65
6 107
7 97
8 8
9 49
10 101
7
drop 3 3224
drop 3 3228
drop 10 3213
drop 10 3222
drop 10 3225
pick 6 3151
pick 10 3242
10
1 1
2 52
3 83
4 54
5 55
6 66
7 110
8 18
9 59
10 10
1
pick 7 3248
10
1 101
2 42
3 73
4 44
5 45
6 56
7 97
8 28
9 69
10 20
3
drop 1 3232
pick 1 3245
pick 1 3247
10
1 1
2 32
3 63
4 34
5 35
6 46
7 87
8 38
9 79
10 30
0
10
1 11
2 22
3 107
4 24
5 25
6 36
7 77
8 48
9 108
10 40
2
drop 9 3233
pick 3 3234
10
1 21
2 12
3 63
4 14
5 15
6 26
7 67
8 58
9 79
10 50
0
10
1 31
2 2
3 53
4 102
5 5
6 16
7 57
8 68
9 69
10 105
4
drop 4 3218
drop 10 3242
pick 4 3231
pick 10 3193
10
1 41
2 101
3 106
4 14
5 101
6 102
7 47
8 107
9 107
10 50
12
drop 2 3217
drop 2 3240
drop 3 3234
drop 5 3238
drop 6 3151
drop 8 3241
drop 8 3243
pick 2 3246
pick 3 3202
pick 5 3249
pick 5 3253
pick 9 3252
10
1 51
2 2
3 53
4 4
5 5
6 16
7 37
8 68
9 69
10 40
0
10
1 61
2 12
3 63
4 101
5 15
6 26
7 27
8 58
9 59
10 104
4
drop 4 3231
drop 10 3193
pick 4 3250
pick 10 3239
10
1 71
2 22
3 107
4 4
5 25
6 103
7 17
8 106
9 49
10 40
4
drop 3 3202
pick 6 3236
pick 8 3216
pick 8 3251
10
1 81
2 103
3 63
4 14
5 35
6 26
7 7
8 58
9 39
10 50
2
drop 2 3246
pick 2 3237
10
1 91
2 22
3 53
4 24
5 45
6 36
7 101
8 48
9 29
10 60
3
drop 7 3248
pick 7 3254
pick 7 3263
10
1 110
2 12
3 106
4 34
5 55
6 46
7 7
8 38
9 103
10 70
5
drop 1 3245
drop 1 3247
drop 9 3252
pick 3 3227
pick 3 3261
9
2 2
3 53
4 104
5 106
6 56
7 17
8 28
9 29
10 80
5
drop 4 3250
drop 5 3249
drop 5 3253
pick 4 3257
pick 4 3266
9
2 101
3 43
4 34
5 55
6 66
7 27
8 18
9 39
10 90
3
drop 2 3237
pick 1 3270
pick 2 3260
10
1 91
2 2
3 33
4 24
5 45
6 76
7 37
8 8
9 104
10 100
1
pick 9 3244
10
1 81
2 12
3 23
4 14
5 105
6 86
7 47
8 101
9 39
10 110
5
drop 8 3216
drop 8 3251
drop 10 3239
pick 5 3208
pick 8 3267
10
1 71
2 22
3 13
4 4
5 45
6 109
7 57
8 8
9 29
10 100
1
drop 6 3236
10
1 61
2 32
3 3
4 101
5 55
6 86
7 67
8 18
9 19
10 90
3
drop 4 3257
drop 4 3266
pick 4 3268
10
1 51
2 42
3 101
4 4
5 106
6 76
7 107
8 28
9 9
10 80
8
drop 3 3227
drop 3 3261
drop 5 3208
drop 7 3254
drop 7 3263
pick 3 3272
pick 5 3273
pick 7 3271
10
1 41
2 105
3 3
4 14
5 55
6 108
7 67
8 103
9 101
10 108
13
drop 2 3260
drop 8 3267
drop 9 3244
pick 2 3219
pick 2 3223
pick 2 3256
pick 2 3258
pick 6 3262
pick 6 3265
pick 6 3276
pick 9 3274
pick 9 3277
pick 10 3255
10
1 31
2 42
3 13
4 24
5 45
6 76
7 57
8 28
9 9
10 80
0
10
1 21
2 32
3 23
4 34
5 35
6 66
7 47
8 38
9 19
10 70
0
10
1 11
2 22
3 33
4 44
5 25
6 56
7 37
8 104
9 29
10 60
1
pick 8 3259
10
1 1
2 12
3 43
4 54
5 15
6 46
7 27
8 38
9 39
10 50
0
10
1 101
2 2
3 105
4 64
5 5
6 36
7 17
8 48
9 49
10 105
6
drop 1 3270
drop 3 3272
drop 10 3255
pick 1 3280
pick 1 3285
pick 3 3264
9
1 1
2 101
3 43
4 74
5 101
6 26
7 7
8 58
9 59
10
drop 2 3219
drop 2 3223
drop 2 3256
drop 2 3258
drop 5 3273
pick 2 3281
pick 2 3284
pick 2 3290
pick 5 3283
pick 5 3292
9
1 11
2 2
3 33
4 84
5 5
6 16
7 101
8 68
9 69
3
drop 7 3271
pick 7 3287
pick 10 3300
10
1 21
2 12
3 23
4 109
5 15
6 6
7 7
8 107
9 107
10 50
5
drop 4 3268
drop 8 3259
drop 9 3274
drop 9 3277
pick 8 3291
9
1 31
2 22
3 103
5 102
6 101
7 17
8 68
9 69
10 40
12
drop 3 3264
drop 5 3283
drop 5 3292
drop 6 3262
drop 6 3265
drop 6 3276
pick 5 3275
pick 5 3278
pick 5 3289
pick 5 3296
pick 6 3288
pick 6 3295
9
1 104
2 32
3 23
5 15
6 6
7 27
8 58
9 79
10 30
7
drop 1 3280
drop 1 3285
pick 1 3279
pick 1 3286
pick 1 3293
pick 1 3303
pick 4 3306
10
1 31
2 42
3 33
4 84
5 5
6 16
7 37
8 48
9 108
10 20
1
pick 9 3282
10
1 21
2 52
3 104
4 74
5 101
6 26
7 47
8 38
9 79
10 10
7
drop 5 3275
drop 5 3278
drop 5 3289
drop 5 3296
pick 3 3269
pick 5 3294
pick 5 3310
10
1 11
2 62
3 33
4 108
5 5
6 36
7 57
8 28
9 69
10 101
4
drop 4 3306
drop 10 3300
pick 10 3299
pick 10 3302
9
1 1
2 72
3 23
5 15
6 46
7 67
8 18
9 59
10 10
0
9
1 101
2 82
3 13
5 25
6 56
7 77
8 8
9 49
10 20
7
drop 1 3279
drop 1 3286
drop 1 3293
drop 1 3303
pick 1 3304
pick 1 3316
pick 4 3317
10
1 1
2 92
3 102
4 74
5 103
6 66
7 87
8 101
9 39
10 30
8
drop 3 3269
drop 5 3294
drop 5 3310
drop 8 3291
pick 3 3297
pick 5 3308
pick 8 3305
pick 8 3313
10
1 11
2 110
3 13
4 64
5 25
6 76
7 109
8 8
9 104
10 40
9
drop 2 3281
drop 2 3284
drop 2 3290
drop 7 3287
drop 9 3282
pick 2 3301
pick 2 3319
pick 7 3307
pick 9 3311
10
1 21
2 92
3 23
4 54
5 15
6 108
7 87
8 18
9 39
10 104
4
drop 6 3288
drop 6 3295
drop 10 3299
drop 10 3302
9
1 31
2 82
3 33
4 44
5 5
7 77
8 28
9 29
10 40
0
9
1 41
2 72
3 43
4 34
5 101
7 67
8 38
9 19
10 50
3
drop 5 3308
pick 5 3309
pick 6 3326
10
1 51
2 62
3 53
4 24
5 5
6 76
7 57
8 48
9 9
10 105
2
pick 10 3312
pick 10 3325
10
1 61
2 52
3 106
4 103
5 15
6 66
7 47
8 105
9 101
10 50
8
drop 3 3297
drop 4 3317
drop 8 3305
drop 8 3313
drop 9 3311
pick 4 3323
pick 4 3330
pick 9 3320
10
1 71
2 42
3 53
4 24
5 25
6 56
7 37
8 48
9 9
10 40
0
10
1 81
2 32
3 63
4 14
5 35
6 46
7 27
8 58
9 19
10 30
0
10
1 109
2 22
3 107
4 4
5 45
6 36
7 17
8 106
9 29
10 20
4
drop 1 3304
drop 1 3316
pick 3 3318
pick 8 3337
10
1 81
2 12
3 63
4 101
5 55
6 26
7 7
8 58
9 39
10 10
3
drop 4 3323
drop 4 3330
pick 4 3321
10
1 91
2 2
3 53
4 4
5 65
6 16
7 101
8 48
9 49
10 101
7
drop 7 3307
drop 10 3312
drop 10 3325
pick 7 3328
pick 10 3331
pick 10 3338
pick 10 3340
10
1 110
2 101
3 43
4 14
5 75
6 6
7 7
8 38
9 59
10 10
6
drop 2 3301
drop 2 3319
pick 1 3322
pick 1 3324
pick 1 3329
pick 2 3336
10
1 91
2 2
3 33
4 24
5 85
6 101
7 17
8 28
9 69
10 20
2
drop 6 3326
pick 6 3341
10
1 81
2 12
3 23
4 34
5 95
6 6
7 27
8 103
9 79
10 102
9
drop 8 3337
drop 10 3331
drop 10 3338
drop 10 3340
pick 10 3314
pick 10 3315
pick 10 3327
pick 10 3333
pick 10 3343
10
1 71
2 22
3 13
4 44
5 110
6 16
7 37
8 28
9 89
10 20
1
drop 5 3309
9
1 61
2 32
3 3
4 105
6 26
7 47
8 18
9 109
10 10
2
drop 4 3321
drop 9 3320
8
1 51
2 42
3 101
6 36
7 57
8 102
9 89
10 101
11
drop 3 3318
drop 10 3314
drop 10 3315
drop 10 3327
drop 10 3333
drop 10 3343
pick 3 3342
pick 3 3353
pick 5 3355
pick 8 3298
pick 10 3345
9
1 41
2 52
3 3
5 95
6 46
7 106
8 18
9 79
10 10
3
drop 7 3328
pick 4 3358
pick 7 3354
10
1 31
2 62
3 13
4 44
5 85
6 56
7 57
8 28
9 108
10 20
4
pick 9 3332
pick 9 3334
pick 9 3335
pick 9 3356
10
1 21
2 107
3 23
4 34
5 75
6 106
7 47
8 38
9 79
10 30
3
drop 2 3336
drop 6 3341
pick 2 3339
9
1 11
2 62
3 103
4 24
5 65
7 37
8 48
9 69
10 40
4
drop 3 3342
drop 3 3353
pick 3 3351
pick 6 3362
10
1 1
2 52
3 23
4 14
5 55
6 56
7 27
8 58
9 59
10 50
0
10
1 101
2 42
3 13
4 4
5 45
6 46
7 17
8 68
9 49
10 60
4
drop 1 3322
drop 1 3324
drop 1 3329
pick 1 3346
10
1 1
2 32
3 3
4 101
5 35
6 36
7 102
8 107
9 39
10 70
7
drop 4 3358
drop 7 3354
drop 8 3298
pick 4 3347
pick 4 3366
pick 7 3348
pick 8 3344
10
1 11
2 104
3 101
4 4
5 25
6 26
7 17
8 68
9 29
10 80
7
drop 2 3339
drop 3 3351
pick 2 3352
pick 2 3369
pick 3 3349
pick 3 3350
pick 3 3364
10
1 21
2 32
3 3
4 14
5 15
6 16
7 7
8 58
9 19
10 108
2
drop 10 3345
pick 10 3361
10
1 31
2 22
3 13
4 102
5 5
6 6
7 101
8 48
9 9
10 80
5
drop 4 3347
drop 4 3366
drop 7 3348
pick 7 3357
pick 7 3365
9
1 41
2 12
3 23
5 101
6 101
7 7
8 38
9 101
10 70
10
drop 5 3355
drop 6 3362
drop 9 3332
drop 9 3334
drop 9 3335
drop 9 3356
pick 5 3363
pick 5 3375
pick 6 3368
pick 9 3372
9
1 51
2 2
3 33
5 5
6 6
7 17
8 28
9 9
10 60
1
pick 4 3376
10
1 61
2 101
3 43
4 14
5 15
6 16
7 27
8 18
9 19
10 50
3
drop 2 3352
drop 2 3369
pick 2 3377
10
1 71
2 2
3 53
4 4
5 25
6 102
7 103
8 8
9 29
10 40
4
drop 6 3368
drop 7 3357
drop 7 3365
pick 7 3360
10
1 81
2 12
3 63
4 101
5 35
6 16
7 27
8 101
9 39
10 104
6
drop 4 3376
drop 8 3344
drop 10 3361
pick 4 3379
pick 8 3380
pick 10 3378
10
1 109
2 22
3 107
4 4
5 45
6 26
7 37
8 8
9 49
10 40
7
drop 1 3346
drop 3 3349
drop 3 3350
drop 3 3364
pick 1 3371
pick 3 3370
pick 3 3383
10
1 81
2 32
3 63
4 14
5 55
6 103
7 47
8 18
9 59
10 30
1
pick 6 3359
10
1 71
2 42
3 53
4 24
5 65
6 26
7 57
8 28
9 69
10 20
0
10
1 61
2 52
3 43
4 34
5 75
6 36
7 106
8 38
9 79
10 10
1
drop 7 3360
10
1 107
2 62
3 33
4 104
5 108
6 46
7 57
8 48
9 89
10 101
9
drop 1 3371
drop 4 3379
drop 5 3363
drop 5 3375
drop 10 3378
pick 1 3391
pick 4 3384
pick 4 3388
pick 10 3386
9
1 61
2 72
3 23
4 34
6 56
7 47
8 58
9 109
10 10
2
drop 9 3372
pick 9 3385
9
1 51
2 82
3 13
4 24
6 66
7 105
8 106
9 89
10 20
3
drop 8 3380
pick 5 3393
pick 7 3382
10
1 41
2 109
3 3
4 14
5 75
6 76
7 47
8 58
9 79
10 30
2
drop 2 3377
pick 2 3394
10
1 31
2 82
3 101
4 4
5 65
6 86
7 37
8 48
9 108
10 40
5
drop 3 3370
drop 3 3383
drop 9 3385
pick 3 3387
pick 3 3389
10
1 21
2 72
3 3
4 101
5 55
6 109
7 27
8 38
9 79
10 50
4
drop 4 3384
drop 4 3388
drop 6 3359
pick 4 3395
10
1 11
2 62
3 13
4 4
5 45
6 86
7 103
8 104
9 89
10 105
4
drop 7 3382
drop 10 3386
pick 7 3381
pick 8 3399
10
1 1
2 52
3 23
4 14
5 35
6 96
7 27
8 38
9 109
10 50
1
pick 9 3397
10
1 101
2 106
3 33
4 24
5 25
6 110
7 17
8 28
9 89
10 60
5
drop 1 3391
drop 2 3394
pick 1 3396
pick 6 3367
pick 6 3374
10
1 1
2 52
3 43
4 34
5 15
6 96
7 102
8 18
9 79
10 106
2
drop 7 3381
pick 7 3392
9
1 11
2 42
3 53
4 44
5 5
6 86
7 17
8 8
9 69
1
pick 10 3403
10
1 21
2 105
3 63
4 54
5 101
6 76
7 27
8 101
9 59
10 60
5
drop 5 3393
drop 8 3399
pick 2 3407
pick 5 3398
pick 8 3401
10
1 103
2 42
3 73
4 64
5 5
6 66
7 37
8 8
9 49
10 50
5
drop 1 3396
pick 1 3404
pick 1 3405
pick 1 3409
pick 1 3413
10
1 21
2 32
3 83
4 107
5 15
6 56
7 47
8 18
9 39
10 40
1
drop 4 3395
10
1 11
2 22
3 93
4 64
5 25
6 46
7 105
8 28
9 29
10 30
1
drop 7 3392
9
1 1
2 12
3 110
4 74
5 35
6 36
8 38
9 19
10 20
3
drop 3 3387
drop 3 3389
pick 3 3373
9
1 101
2 2
3 93
4 108
5 45
6 26
8 48
9 102
10 10
9
drop 1 3404
drop 1 3405
drop 1 3409
drop 1 3413
drop 9 3397
pick 1 3406
pick 4 3400
pick 7 3418
pick 9 3420
10
1 1
2 101
3 83
4 74
5 55
6 16
7 47
8 58
9 19
10 101
4
drop 2 3407
drop 10 3403
pick 2 3411
pick 10 3417
10
1 11
2 2
3 73
4 64
5 65
6 6
7 37
8 68
9 9
10 10
0
10
1 102
2 12
3 63
4 54
5 75
6 101
7 27
8 78
9 101
10 20
7
drop 1 3406
drop 6 3367
drop 6 3374
drop 9 3420
pick 1 3425
pick 6 3422
pick 9 3423
10
1 11
2 22
3 107
4 44
5 85
6 6
7 17
8 108
9 9
10 30
2
drop 3 3373
drop 8 3401
9
1 1
2 32
4 34
5 95
6 16
7 7
8 78
9 19
10 40
0
9
1 101
2 42
4 24
5 110
6 26
7 101
8 88
9 29
10 50
7
drop 1 3425
drop 5 3398
drop 7 3418
pick 1 3424
pick 3 3429
pick 5 3390
pick 7 3426
10
1 1
2 52
3 63
4 14
5 95
6 36
7 7
8 109
9 39
10 60
1
pick 8 3402
10
1 11
2 62
3 53
4 4
5 85
6 46
7 17
8 88
9 49
10 70
0
10
1 21
2 72
3 43
4 101
5 75
6 56
7 27
8 78
9 59
10 80
2
drop 4 3400
pick 4 3428
10
1 31
2 82
3 33
4 4
5 65
6 66
7 37
8 68
9 69
10 108
2
drop 10 3417
pick 10 3433
10
1 41
2 109
3 23
4 14
5 55
6 76
7 47
8 107
9 79
10 80
3
drop 2 3411
drop 8 3402
pick 8 3432
10
1 105
2 82
3 13
4 24
5 45
6 86
7 57
8 68
9 108
10 70
3
drop 1 3424
drop 9 3423
pick 9 3438
9
2 92
3 3
4 34
5 35
6 109
7 67
8 58
9 79
10 60
1
drop 6 3422
9
2 110
3 101
4 44
5 25
6 86
7 107
8 48
9 69
10 50
6
drop 3 3429
drop 7 3426
pick 1 3443
pick 2 3408
pick 2 3434
pick 3 3430
10
1 41
2 92
3 3
4 54
5 103
6 96
7 67
8 38
9 59
10 40
2
drop 5 3390
pick 5 3416
10
1 31
2 82
3 13
4 64
5 25
6 110
7 57
8 104
9 49
10 30
5
drop 8 3432
pick 6 3410
pick 6 3449
pick 8 3419
pick 8 3445
10
1 21
2 72
3 23
4 74
5 15
6 96
7 106
8 38
9 39
10 20
1
pick 7 3412
10
1 11
2 62
3 33
4 84
5 5
6 86
7 57
8 28
9 29
10 10
0
10
1 1
2 52
3 104
4 94
5 101
6 76
7 67
8 18
9 19
10 101
6
drop 3 3430
drop 5 3416
drop 10 3433
pick 5 3435
pick 10 3439
pick 10 3446
9
1 101
2 42
4 110
5 5
6 66
7 77
8 8
9 9
10 10
7
drop 1 3443
drop 4 3428
pick 1 3444
pick 1 3453
pick 3 3457
pick 4 3436
pick 4 3437
10
1 1
2 32
3 33
4 94
5 15
6 56
7 87
8 101
9 101
10 20
5
drop 8 3419
drop 8 3445
drop 9 3438
pick 8 3451
pick 9 3458
10
1 11
2 22
3 23
4 84
5 25
6 46
7 109
8 8
9 9
10 30
2
drop 7 3412
pick 7 3461
10
1 21
2 12
3 13
4 74
5 35
6 36
7 87
8 18
9 19
10 40
0
10
1 103
2 2
3 3
4 108
5 45
6 26
7 77
8 28
9 29
10 50
5
drop 1 3444
drop 1 3453
drop 4 3436
drop 4 3437
pick 4 3441
10
1 21
2 101
3 101
4 74
5 105
6 16
7 67
8 38
9 39
10 60
7
drop 2 3408
drop 2 3434
drop 3 3457
drop 5 3435
pick 2 3463
pick 3 3464
pick 5 3454
10
1 11
2 2
3 3
4 64
5 45
6 6
7 57
8 104
9 49
10 70
2
drop 8 3451
pick 8 3466
10
1 102
2 12
3 13
4 54
5 35
6 101
7 47
8 38
9 59
10 80
6
drop 6 3410
drop 6 3449
pick 1 3431
pick 1 3467
pick 6 3469
pick 6 3471
10
1 11
2 22
3 23
4 44
5 25
6 6
7 37
8 28
9 69
10 90
0
10
1 21
2 32
3 33
4 34
5 15
6 16
7 27
8 18
9 79
10 100
0
10
1 31
2 42
3 43
4 24
5 5
6 26
7 17
8 8
9 108
10 110
6
drop 9 3458
drop 10 3439
drop 10 3446
pick 9 3470
pick 10 3452
pick 10 3459
10
1 41
2 52
3 53
4 14
5 101
6 36
7 7
8 101
9 79
10 100
6
drop 5 3454
drop 8 3466
pick 5 3472
pick 5 3476
pick 8 3473
pick 8 3479
10
1 51
2 62
3 106
4 4
5 5
6 104
7 101
8 8
9 69
10 90
15
drop 3 3464
drop 6 3469
drop 6 3471
drop 7 3461
pick 3 3414
pick 3 3421
pick 3 3427
pick 3 3440
pick 3 3442
pick 3 3450
pick 3 3456
pick 3 3462
pick 3 3475
pick 7 3480
pick 7 3483
10
1 61
2 107
3 53
4 101
5 15
6 36
7 7
8 18
9 59
10 80
4
drop 2 3463
drop 4 3441
pick 2 3455
pick 4 3481
10
1 107
2 62
3 43
4 4
5 25
6 46
7 17
8 28
9 49
10 70
2
drop 1 3431
drop 1 3467
10
1 61
2 52
3 33
4 14
5 35
6 105
7 27
8 38
9 39
10 60
1
pick 6 3478
10
1 51
2 42
3 23
4 24
5 45
6 46
7 37
8 48
9 29
10 50
0
10
1 106
2 32
3 13
4 34
5 55
6 36
7 104
8 58
9 103
10 40
4
drop 7 3480
drop 7 3483
drop 9 3470
pick 1 3415
10
1 51
2 22
3 3
4 44
5 106
6 26
7 37
8 68
9 29
10 30
3
drop 5 3472
drop 5 3476
pick 5 3460
10
1 61
2 12
3 101
4 54
5 55
6 16
7 47
8 107
9 19
10 20
13
drop 3 3414
drop 3 3421
drop 3 3427
drop 3 3440
drop 3 3442
drop 3 3450
drop 3 3456
drop 3 3462
drop 3 3475
drop 8 3473
drop 8 3479
pick 3 3482
pick 3 3489
10
1 71
2 2
3 3
4 64
5 45
6 6
7 105
8 68
9 102
10 10
5
pick 7 3484
pick 9 3447
pick 9 3465
pick 9 3468
pick 9 3477
10
1 108
2 101
3 13
4 74
5 35
6 101
7 47
8 78
9 19
10 101
8
drop 1 3415
drop 2 3455
drop 6 3478
drop 10 3452
drop 10 3459
pick 2 3485
pick 2 3488
pick 6 3487
9
1 71
2 2
3 23
4 108
5 25
6 6
7 57
8 108
9 9
2
drop 4 3481
pick 8 3486
9
1 81
2 12
3 33
4 74
5 103
6 16
7 67
8 78
9 101
7
drop 5 3460
drop 9 3447
drop 9 3465
drop 9 3468
drop 9 3477
pick 5 3491
pick 10 3497
9
1 109
2 22
3 43
4 84
5 25
6 26
7 107
8 68
10 10
3
drop 7 3484
pick 1 3490
pick 9 3498
9
1 81
2 32
3 53
4 109
5 35
6 36
8 58
9 9
10 20
2
pick 4 3496
pick 7 3501
10
1 71
2 42
3 63
4 84
5 45
6 104
7 67
8 48
9 19
10 102
4
drop 6 3487
drop 10 3497
pick 6 3500
pick 10 3448
10
1 61
2 52
3 73
4 74
5 55
6 36
7 77
8 38
9 29
10 20
0
10
1 51
2 62
3 83
4 64
5 65
6 26
7 108
8 28
9 39
10 30
1
drop 7 3501
10
1 41
2 107
3 93
4 54
5 107
6 16
7 77
8 18
9 49
10 40
4
drop 2 3485
drop 2 3488
drop 5 3491
pick 2 3506
10
1 31
2 62
3 110
4 44
5 65
6 6
7 67
8 8
9 105
10 104
7
drop 3 3482
drop 3 3489
drop 9 3498
drop 10 3448
pick 3 3474
pick 9 3493
pick 9 3502
10
1 21
2 52
3 93
4 34
5 55
6 101
7 107
8 101
9 49
10 40
5
drop 6 3500
drop 8 3486
pick 6 3507
pick 7 3504
pick 8 3510
10
1 11
2 42
3 83
4 24
5 106
6 6
7 67
8 8
9 39
10 50
2
pick 5 3494
pick 5 3499
10
1 1
2 32
3 73
4 14
5 55
6 16
7 57
8 18
9 29
10 105
1
pick 10 3508
10
1 101
2 22
3 63
4 4
5 45
6 26
7 47
8 28
9 19
10 50
2
drop 1 3490
pick 1 3511
10
1 1
2 12
3 53
4 101
5 35
6 36
7 37
8 38
9 9
10 60
2
drop 4 3496
pick 4 3515
10
1 11
2 2
3 43
4 4
5 25
6 104
7 27
8 48
9 101
10 70
4
drop 6 3507
drop 9 3493
drop 9 3502
pick 9 3517
10
1 21
2 101
3 33
4 14
5 15
6 36
7 17
8 58
9 9
10 80
2
drop 2 3506
pick 2 3519
10
1 31
2 2
3 23
4 24
5 5
6 26
7 7
8 106
9 19
10 108
3
drop 8 3510
drop 10 3508
pick 8 3503
9
1 41
2 12
3 103
4 34
5 101
6 103
7 101
8 58
9 29
10
drop 3 3474
drop 5 3494
drop 5 3499
drop 7 3504
pick 3 3518
pick 5 3522
pick 6 3513
pick 7 3525
pick 7 3529
pick 10 3530
10
1 51
2 22
3 23
4 44
5 5
6 26
7 7
8 48
9 39
10 80
0
10
1 61
2 32
3 13
4 105
5 15
6 16
7 17
8 38
9 49
10 70
4
drop 4 3515
pick 4 3516
pick 4 3524
pick 4 3527
10
1 71
2 42
3 3
4 44
5 25
6 6
7 27
8 28
9 59
10 60
0
10
1 81
2 105
3 101
4 34
5 35
6 101
7 37
8 18
9 69
10 50
6
drop 2 3519
drop 3 3518
drop 6 3513
pick 3 3528
pick 6 3531
pick 6 3537
10
1 109
2 42
3 3
4 24
5 45
6 6
7 47
8 102
9 79
10 40
3
drop 1 3511
drop 8 3503
pick 8 3495
10
1 81
2 52
3 13
4 14
5 55
6 16
7 57
8 18
9 108
10 30
1
drop 9 3517
10
1 91
2 106
3 23
4 4
5 65
6 26
7 67
8 28
9 79
10 20
2
pick 2 3512
pick 2 3520
10
1 110
2 52
3 33
4 101
5 107
6 36
7 77
8 38
9 69
10 10
7
drop 4 3516
drop 4 3524
drop 4 3527
drop 5 3522
pick 1 3492
pick 4 3534
pick 5 3526
10
1 91
2 62
3 43
4 4
5 65
6 104
7 87
8 48
9 107
10 101
9
drop 6 3531
drop 6 3537
drop 10 3530
pick 6 3532
pick 6 3539
pick 6 3544
pick 9 3521
pick 9 3540
pick 10 3538
10
1 81
2 72
3 53
4 14
5 75
6 36
7 109
8 58
9 69
10 10
2
drop 7 3525
drop 7 3529
10
1 71
2 108
3 63
4 24
5 108
6 26
7 87
8 68
9 59
10 20
4
drop 2 3512
drop 2 3520
drop 5 3526
pick 2 3549
10
1 108
2 72
3 73
4 34
5 75
6 16
7 97
8 78
9 49
10 30
1
drop 1 3492
10
1 71
2 82
3 83
4 44
5 65
6 6
7 110
8 88
9 39
10 40
1
pick 7 3509
10
1 61
2 92
3 93
4 54
5 107
6 101
7 97
8 98
9 29
10 50
5
drop 6 3532
drop 6 3539
drop 6 3544
pick 5 3548
pick 6 3543
10
1 51
2 110
3 110
4 64
5 65
6 6
7 87
8 110
9 19
10 60
4
drop 2 3549
drop 3 3528
drop 8 3495
pick 2 3555
9
1 106
2 92
3 93
4 74
5 55
6 16
7 77
9 9
10 106
6
drop 10 3538
pick 1 3536
pick 1 3557
pick 10 3542
pick 10 3546
pick 10 3553
9
1 51
2 82
3 83
4 108
5 45
6 102
7 67
9 101
10 60
7
drop 4 3534
drop 6 3543
drop 9 3521
drop 9 3540
pick 6 3505
pick 6 3535
pick 9 3551
9
1 61
2 72
3 109
4 74
5 105
6 16
7 57
9 9
10 50
2
drop 5 3548
pick 3 3558
9
1 107
2 62
3 83
4 64
5 45
6 26
7 47
9 19
10 40
3
drop 1 3536
drop 1 3557
pick 8 3563
10
1 61
2 52
3 73
4 107
5 35
6 36
7 37
8 98
9 29
10 30
0
9
1 71
2 42
3 63
5 104
6 104
7 27
8 88
9 39
10 20
5
drop 6 3505
drop 6 3535
pick 4 3569
pick 5 3556
pick 5 3570
9
1 108
2 32
3 53
4 64
5 35
7 17
8 78
9 49
10 10
2
pick 1 3572
pick 6 3574
10
1 71
2 22
3 43
4 54
5 25
6 36
7 7
8 68
9 59
10 101
4
drop 10 3542
drop 10 3546
drop 10 3553
pick 10 3554
10
1 61
2 12
3 33
4 44
5 15
6 26
7 101
8 58
9 69
10 10
3
drop 7 3509
pick 7 3559
pick 7 3566
10
1 51
2 2
3 23
4 34
5 5
6 16
7 7
8 48
9 79
10 20
0
10
1 41
2 101
3 13
4 24
5 101
6 6
7 17
8 38
9 89
10 30
6
drop 2 3555
drop 5 3556
drop 5 3570
pick 2 3560
pick 5 3561
pick 5 3577
10
1 31
2 2
3 3
4 14
5 5
6 101
7 27
8 28
9 109
10 40
6
drop 6 3574
drop 9 3551
pick 6 3562
pick 6 3587
pick 6 3589
pick 9 3588
10
1 21
2 12
3 101
4 4
5 15
6 6
7 103
8 18
9 89
10 50
6
drop 3 3558
drop 7 3559
drop 7 3566
pick 3 3564
pick 7 3533
pick 7 3547
10
1 11
2 22
3 3
4 101
5 102
6 16
7 27
8 8
9 79
10 60
10
drop 4 3569
drop 5 3561
drop 5 3577
pick 4 3565
pick 4 3593
pick 5 3514
pick 5 3523
pick 5 3541
pick 5 3550
pick 5 3552
10
1 1
2 32
3 13
4 4
5 15
6 26
7 17
8 101
9 69
10 70
4
drop 8 3563
pick 8 3567
pick 8 3568
pick 8 3576
10
1 101
2 42
3 23
4 14
5 5
6 36
7 7
8 8
9 59
10 80
3
drop 1 3572
pick 1 3594
pick 1 3600
10
1 1
2 52
3 33
4 24
5 101
6 46
7 101
8 18
9 49
10 90
10
drop 5 3514
drop 5 3523
drop 5 3541
drop 5 3550
drop 5 3552
drop 7 3533
drop 7 3547
pick 5 3595
pick 5 3606
pick 7 3598
10
1 11
2 62
3 43
4 34
5 5
6 56
7 7
8 28
9 39
10 100
0
10
1 21
2 107
3 105
4 44
5 15
6 66
7 17
8 38
9 29
10 110
7
drop 2 3560
drop 3 3564
drop 10 3554
pick 2 3590
pick 3 3579
pick 3 3581
pick 10 3571
10
1 31
2 62
3 43
4 54
5 25
6 76
7 27
8 48
9 19
10 100
0
10
1 41
2 52
3 33
4 64
5 35
6 108
7 37
8 58
9 9
10 90
7
drop 6 3562
drop 6 3587
drop 6 3589
pick 6 3578
pick 6 3585
pick 6 3592
pick 6 3604
10
1 51
2 42
3 23
4 74
5 104
6 76
7 47
8 106
9 101
10 80
10
drop 5 3595
drop 5 3606
drop 8 3567
drop 8 3568
drop 8 3576
drop 9 3588
pick 5 3597
pick 5 3607
pick 8 3575
pick 9 3601
10
1 61
2 105
3 13
4 84
5 35
6 66
7 57
8 58
9 9
10 70
2
drop 2 3590
pick 2 3608
10
1 71
2 42
3 3
4 109
5 25
6 56
7 67
8 68
9 19
10 60
3
drop 4 3565
drop 4 3593
pick 4 3596
10
1 81
2 52
3 101
4 84
5 15
6 46
7 107
8 78
9 29
10 50
8
drop 3 3579
drop 3 3581
drop 7 3598
pick 3 3605
pick 3 3617
pick 7 3603
pick 7 3609
pick 7 3615
10
1 91
2 62
3 3
4 74
5 5
6 36
7 67
8 108
9 39
10 40
2
drop 8 3575
pick 8 3599
10
1 110
2 72
3 13
4 64
5 101
6 26
7 57
8 78
9 49
10 30
9
drop 1 3594
drop 1 3600
drop 5 3597
drop 5 3607
pick 1 3573
pick 1 3584
pick 1 3591
pick 5 3611
pick 5 3618
10
1 91
2 82
3 23
4 54
5 5
6 16
7 47
8 88
9 59
10 20
0
10
1 81
2 109
3 33
4 44
5 15
6 6
7 37
8 109
9 106
10 102
7
drop 2 3608
drop 8 3599
drop 9 3601
drop 10 3571
pick 9 3582
pick 9 3583
pick 10 3545
10
1 71
2 82
3 43
4 34
5 25
6 101
7 27
8 88
9 59
10 20
7
drop 6 3578
drop 6 3585
drop 6 3592
drop 6 3604
pick 6 3613
pick 6 3614
pick 6 3622
10
1 61
2 72
3 53
4 24
5 35
6 6
7 17
8 98
9 49
10 30
0
10
1 51
2 62
3 63
4 14
5 104
6 16
7 7
8 110
9 39
10 103
3
drop 5 3611
drop 5 3618
drop 10 3545
9
1 41
2 107
3 73
4 4
5 35
6 26
7 101
9 29
10 30
8
drop 7 3603
drop 7 3609
drop 7 3615
pick 2 3620
pick 2 3633
pick 7 3616
pick 7 3630
pick 8 3632
10
1 31
2 62
3 83
4 101
5 45
6 36
7 7
8 98
9 19
10 20
3
drop 4 3596
pick 4 3619
pick 4 3628
10
1 21
2 52
3 93
4 4
5 105
6 46
7 17
8 88
9 9
10 102
5
pick 5 3612
pick 5 3621
pick 5 3623
pick 10 3580
pick 10 3586
10
1 11
2 42
3 110
4 14
5 45
6 56
7 27
8 78
9 101
10 20
5
drop 3 3605
drop 3 3617
drop 9 3582
drop 9 3583
pick 9 3624
10
1 1
2 32
3 93
4 24
5 35
6 66
7 37
8 68
9 9
10 30
0
10
1 101
2 22
3 83
4 34
5 25
6 76
7 47
8 58
9 19
10 40
4
drop 1 3573
drop 1 3584
drop 1 3591
pick 1 3625
10
1 1
2 12
3 73
4 44
5 15
6 108
7 57
8 48
9 29
10 50
3
drop 6 3613
drop 6 3614
drop 6 3622
10
1 11
2 2
3 63
4 54
5 5
6 76
7 67
8 38
9 39
10 60
0
10
1 102
2 101
3 53
4 64
5 101
6 66
7 107
8 104
9 104
10 70
17
drop 1 3625
drop 2 3620
drop 2 3633
drop 5 3612
drop 5 3621
drop 5 3623
drop 7 3616
drop 7 3630
drop 8 3632
drop 9 3624
pick 1 3602
pick 1 3610
pick 1 3626
pick 1 3627
pick 1 3640
pick 2 3631
pick 5 3634
10
1 11
2 2
3 106
4 74
5 5
6 56
7 67
8 38
9 39
10 107
3
drop 10 3580
drop 10 3586
pick 3 3629
10
1 1
2 12
3 53
4 84
5 15
6 106
7 57
8 48
9 49
10 70
1
pick 6 3641
10
1 101
2 22
3 43
4 109
5 25
6 56
7 106
8 105
9 105
10 80
12
drop 1 3602
drop 1 3610
drop 1 3626
drop 1 3627
drop 1 3640
drop 4 3619
drop 4 3628
pick 1 3635
pick 1 3637
pick 7 3644
pick 8 3638
pick 9 3642
9
1 1
2 32
3 33
5 35
6 46
7 57
8 48
9 49
10 108
1
pick 10 3647
9
1 11
2 42
3 23
5 45
6 36
7 47
8 38
9 39
10 80
0
9
1 21
2 105
3 13
5 55
6 26
7 37
8 28
9 29
10 70
2
drop 2 3631
pick 4 3655
10
1 31
2 42
3 3
4 84
5 65
6 16
7 27
8 18
9 19
10 60
0
10
1 41
2 32
3 101
4 74
5 75
6 6
7 17
8 8
9 9
10 50
3
drop 3 3629
pick 3 3636
pick 3 3643
10
1 51
2 104
3 3
4 64
5 85
6 101
7 7
8 101
9 101
10 40
9
drop 6 3641
drop 8 3638
drop 9 3642
pick 2 3652
pick 6 3639
pick 6 3658
pick 6 3659
pick 8 3645
pick 9 3646
10
1 106
2 32
3 13
4 54
5 95
6 6
7 101
8 8
9 9
10 30
7
drop 1 3635
drop 1 3637
drop 7 3644
pick 1 3653
pick 1 3657
pick 7 3649
pick 7 3654
10
1 51
2 22
3 23
4 44
5 110
6 16
7 7
8 18
9 19
10 20
2
drop 5 3634
pick 5 3661
10
1 41
2 12
3 33
4 34
5 95
6 102
7 17
8 28
9 29
10 10
4
drop 6 3639
drop 6 3658
drop 6 3659
pick 6 3651
10
1 31
2 2
3 43
4 24
5 85
6 16
7 27
8 103
9 39
10 101
4
drop 8 3645
drop 10 3647
pick 8 3648
pick 10 3650
10
1 21
2 101
3 53
4 14
5 75
6 6
7 37
8 28
9 49
10 10
3
drop 2 3652
pick 2 3656
pick 2 3663
10
1 11
2 2
3 63
4 4
5 65
6 101
7 47
8 18
9 59
10 20
2
drop 6 3651
pick 6 3662
10
1 1
2 12
3 73
4 101
5 55
6 6
7 57
8 8
9 69
10 30
2
drop 4 3655
pick 4 3670
10
1 101
2 22
3 83
4 4
5 45
6 16
7 67
8 101
9 79
10 40
3
drop 1 3653
drop 1 3657
drop 8 3648
8
2 32
3 109
4 14
5 35
6 26
7 107
9 89
10 50
8
drop 3 3636
drop 3 3643
drop 7 3649
drop 7 3654
pick 1 3674
pick 3 3664
pick 3 3673
pick 7 3665
9
1 1
2 104
3 83
4 24
5 25
6 36
7 67
9 99
10 105
5
drop 2 3656
drop 2 3663
drop 10 3650
pick 8 3677
pick 10 3672
10
1 11
2 32
3 73
4 34
5 15
6 46
7 57
8 8
9 110
10 50
3
drop 9 3646
pick 9 3671
pick 9 3676
10
1 21
2 42
3 63
4 44
5 5
6 56
7 47
8 18
9 99
10 40
0
10
1 31
2 105
3 53
4 54
5 101
6 66
7 37
8 28
9 89
10 30
5
drop 5 3661
pick 2 3666
pick 2 3686
pick 2 3688
pick 5 3678
10
1 41
2 42
3 43
4 64
5 5
6 76
7 104
8 38
9 79
10 20
2
drop 7 3665
pick 7 3687
10
1 51
2 32
3 33
4 74
5 15
6 86
7 37
8 48
9 69
10 10
0
10
1 61
2 22
3 23
4 108
5 25
6 96
7 47
8 58
9 59
10 101
4
drop 4 3670
drop 10 3672
pick 4 3679
pick 10 3680
10
1 107
2 12
3 13
4 74
5 35
6 110
7 105
8 68
9 49
10 10
9
drop 1 3674
drop 6 3662
drop 7 3687
pick 1 3668
pick 1 3669
pick 1 3685
pick 1 3690
pick 6 3684
pick 6 3689
10
1 61
2 2
3 3
4 64
5 45
6 96
7 47
8 78
9 39
10 20
0
10
1 51
2 101
3 101
4 54
5 105
6 86
7 37
8 88
9 29
10 30
9
drop 2 3666
drop 2 3686
drop 2 3688
drop 3 3664
drop 3 3673
drop 5 3678
pick 2 3681
pick 3 3682
pick 3 3692
9
1 41
2 2
3 3
4 44
6 76
7 27
8 109
9 19
10 40
2
drop 8 3677
pick 8 3693
9
1 31
2 12
3 13
4 34
6 66
7 103
8 88
9 9
10 50
1
pick 7 3667
9
1 21
2 22
3 102
4 24
6 56
7 27
8 78
9 101
10 60
7
drop 3 3682
drop 3 3692
drop 9 3671
drop 9 3676
pick 3 3660
pick 5 3699
pick 9 3683
10
1 11
2 32
3 13
4 14
5 45
6 46
7 37
8 68
9 9
10 70
0
10
1 1
2 42
3 23
4 102
5 35
6 36
7 47
8 58
9 19
10 80
2
drop 4 3679
pick 4 3675
10
1 101
2 52
3 103
4 14
5 25
6 26
7 57
8 48
9 29
10 90
7
drop 1 3668
drop 1 3669
drop 1 3685
drop 1 3690
drop 3 3660
pick 1 3691
pick 1 3703
10
1 1
2 106
3 23
4 4
5 103
6 16
7 67
8 38
9 103
10 100
4
drop 2 3681
drop 5 3699
drop 9 3683
pick 2 3702
10
1 11
2 52
3 13
4 101
5 25
6 6
7 77
8 28
9 29
10 110
5
drop 4 3675
drop 10 3680
pick 4 3701
pick 4 3706
pick 4 3709
10
1 21
2 62
3 3
4 4
5 15
6 101
7 108
8 18
9 19
10 100
5
drop 6 3684
drop 6 3689
drop 7 3667
pick 6 3704
pick 7 3712
10
1 31
2 72
3 101
4 14
5 5
6 6
7 77
8 8
9 9
10 90
2
pick 3 3694
pick 3 3713
10
1 41
2 108
3 3
4 24
5 101
6 16
7 67
8 101
9 101
10 109
8
drop 2 3702
drop 8 3693
pick 5 3695
pick 5 3718
pick 8 3705
pick 8 3711
pick 9 3700
pick 10 3696
10
1 51
2 72
3 13
4 34
5 5
6 26
7 57
8 8
9 9
10 90
0
10
1 61
2 82
3 23
4 44
5 15
6 36
7 47
8 18
9 19
10 80
0
10
1 107
2 109
3 33
4 54
5 25
6 104
7 37
8 102
9 29
10 70
9
drop 1 3691
drop 1 3703
drop 6 3704
drop 8 3705
drop 8 3711
pick 1 3698
pick 2 3697
pick 6 3722
pick 8 3716
10
1 61
2 82
3 104
4 106
5 35
6 36
7 104
8 18
9 39
10 60
11
drop 3 3694
drop 3 3713
drop 4 3701
drop 4 3706
drop 4 3709
drop 7 3712
pick 4 3708
pick 4 3710
pick 4 3714
pick 4 3719
pick 4 3723
10
1 51
2 72
3 33
4 54
5 45
6 26
7 37
8 8
9 49
10 50
0
10
1 106
2 62
3 23
4 44
5 55
6 16
7 27
8 101
9 59
10 40
4
drop 1 3698
drop 8 3716
pick 1 3730
pick 8 3707
10
1 51
2 52
3 103
4 34
5 65
6 6
7 103
8 8
9 69
10 30
2
pick 3 3715
pick 7 3725
10
1 41
2 42
3 23
4 24
5 75
6 101
7 27
8 18
9 79
10 20
2
drop 6 3722
pick 6 3717
10
1 31
2 32
3 13
4 14
5 85
6 6
7 17
8 28
9 108
10 10
2
drop 9 3700
pick 9 3724
10
1 21
2 22
3 3
4 4
5 95
6 16
7 102
8 38
9 79
10 101
5
drop 7 3725
drop 10 3696
pick 7 3721
pick 10 3720
pick 10 3733
10
1 11
2 12
3 101
4 101
5 110
6 26
7 17
8 48
9 89
10 10
12
drop 3 3715
drop 4 3708
drop 4 3710
drop 4 3714
drop 4 3719
drop 4 3723
drop 5 3695
drop 5 3718
pick 3 3726
pick 3 3727
pick 3 3735
pick 4 3728
10
1 1
2 2
3 3
4 4
5 95
6 36
7 27
8 105
9 109
10 20
6
drop 8 3707
drop 9 3724
pick 8 3736
pick 8 3738
pick 9 3734
pick 9 3739
10
1 101
2 101
3 13
4 14
5 85
6 46
7 103
8 48
9 89
10 30
7
drop 1 3730
drop 2 3697
drop 7 3721
pick 1 3737
pick 2 3740
pick 2 3741
pick 7 3742
10
1 1
2 2
3 102
4 24
5 109
6 56
7 27
8 38
9 79
10 40
4
drop 3 3726
drop 3 3727
drop 3 3735
pick 5 3729
10
1 11
2 12
3 13
4 34
5 85
6 66
7 17
8 28
9 69
10 50
0
10
1 21
2 22
3 3
4 44
5 75
6 107
7 7
8 18
9 59
10 60
3
drop 6 3717
pick 6 3731
pick 6 3746
10
1 31
2 32
3 101
4 54
5 65
6 66
7 101
8 8
9 49
10 70
4
drop 7 3742
pick 3 3744
pick 3 3751
pick 7 3753
10
1 41
2 42
3 3
4 64
5 55
6 56
7 7
8 101
9 39
10 80
3
drop 8 3736
drop 8 3738
pick 8 3754
10
1 105
2 52
3 13
4 74
5 45
6 46
7 17
8 8
9 29
10 90
2
drop 1 3737
pick 1 3758
10
1 41
2 62
3 23
4 84
5 35
6 36
7 27
8 18
9 19
10 109
3
drop 10 3720
drop 10 3733
pick 10 3748
10
1 31
2 107
3 33
4 94
5 25
6 26
7 37
8 28
9 9
10 90
4
drop 2 3740
drop 2 3741
pick 2 3757
pick 2 3759
10
1 21
2 62
3 43
4 110
5 15
6 16
7 47
8 38
9 101
10 80
5
drop 4 3728
drop 9 3734
drop 9 3739
pick 4 3752
pick 9 3755
10
1 103
2 52
3 53
4 94
5 5
6 6
7 57
8 104
9 9
10 70
5
drop 1 3758
drop 8 3754
pick 1 3745
pick 1 3750
pick 8 3762
10
1 21
2 42
3 63
4 84
5 101
6 101
7 106
8 38
9 19
10 60
11
drop 5 3729
drop 6 3731
drop 6 3746
drop 7 3753
pick 5 3760
pick 6 3764
pick 7 3732
pick 7 3743
pick 7 3747
pick 7 3749
pick 7 3763
10
1 11
2 32
3 73
4 74
5 5
6 6
7 57
8 48
9 102
10 50
1
drop 9 3755
10
1 1
2 22
3 83
4 64
5 15
6 16
7 47
8 105
9 19
10 40
1
drop 8 3762
10
1 101
2 12
3 109
4 54
5 25
6 26
7 37
8 48
9 9
10 30
7
drop 1 3745
drop 1 3750
drop 3 3744
drop 3 3751
pick 1 3768
pick 1 3770
pick 1 3773
10
1 1
2 2
3 83
4 44
5 35
6 36
7 27
8 58
9 101
10 20
1
pick 9 3766
10
1 11
2 101
3 73
4 34
5 104
6 46
7 17
8 106
9 9
10 10
6
drop 2 3757
drop 2 3759
drop 5 3760
pick 2 3772
pick 5 3765
pick 8 3756
10
1 102
2 2
3 108
4 24
5 35
6 56
7 7
8 58
9 19
10 101
7
drop 1 3768
drop 1 3770
drop 1 3773
drop 10 3748
pick 3 3761
pick 10 3774
pick 10 3776
9
2 12
3 73
4 14
5 25
6 66
7 101
8 68
9 29
10 10
6
drop 7 3732
drop 7 3743
drop 7 3747
drop 7 3749
drop 7 3763
pick 7 3777
9
2 22
3 63
4 4
5 15
6 107
7 7
8 78
9 39
10 20
3
drop 6 3764
pick 1 3784
pick 6 3771
10
1 11
2 32
3 53
4 101
5 5
6 66
7 17
8 88
9 49
10 30
2
drop 4 3752
pick 4 3782
10
1 1
2 42
3 43
4 4
5 101
6 76
7 27
8 98
9 59
10 40
2
drop 5 3765
pick 5 3786
10
1 101
2 105
3 33
4 14
5 5
6 86
7 103
8 110
9 69
10 50
12
drop 1 3784
drop 2 3772
drop 7 3777
drop 8 3756
pick 1 3787
pick 1 3790
pick 1 3791
pick 2 3783
pick 7 3769
pick 7 3781
pick 8 3767
pick 8 3780
10
1 1
2 42
3 23
4 24
5 15
6 109
7 27
8 98
9 79
10 60
1
drop 6 3771
9
1 11
2 32
3 13
4 34
5 25
7 17
8 88
9 89
10 70
0
9
1 102
2 22
3 3
4 44
5 35
7 7
8 78
9 99
10 107
8
drop 1 3787
drop 1 3790
drop 1 3791
drop 10 3774
drop 10 3776
pick 6 3798
pick 10 3778
pick 10 3796
9
2 12
3 101
4 54
5 104
6 86
7 101
8 68
9 110
10 70
8
drop 3 3761
drop 5 3786
drop 7 3769
drop 7 3781
drop 9 3766
pick 3 3788
pick 5 3795
pick 7 3789
8
2 2
3 3
4 64
5 35
6 76
7 7
8 58
10 60
1
pick 1 3804
9
1 11
2 101
3 13
4 74
5 25
6 66
7 17
8 48
10 50
3
drop 2 3783
pick 2 3792
pick 9 3807
10
1 1
2 2
3 23
4 84
5 15
6 56
7 27
8 38
9 99
10 40
0
10
1 101
2 12
3 33
4 94
5 5
6 46
7 37
8 28
9 89
10 30
2
drop 1 3804
pick 1 3793
10
1 1
2 22
3 43
4 110
5 101
6 36
7 47
8 18
9 79
10 20
3
drop 4 3782
drop 5 3795
pick 5 3794
10
1 11
2 32
3 53
4 94
5 5
6 26
7 57
8 8
9 69
10 10
0
10
1 21
2 42
3 63
4 84
5 15
6 16
7 106
8 101
9 59
10 101
9
drop 7 3789
drop 8 3767
drop 8 3780
drop 10 3778
drop 10 3796
pick 7 3779
pick 8 3809
pick 8 3815
pick 10 3810
10
1 103
2 52
3 107
4 109
5 25
6 6
7 57
8 8
9 49
10 10
5
drop 1 3793
drop 3 3788
pick 1 3785
pick 4 3800
pick 4 3808
10
1 21
2 62
3 63
4 84
5 35
6 101
7 47
8 18
9 39
10 20
4
drop 6 3798
pick 6 3812
pick 6 3813
pick 6 3821
10
1 31
2 72
3 73
4 74
5 104
6 6
7 37
8 102
9 29
10 30
5
drop 5 3794
drop 8 3809
drop 8 3815
pick 5 3806
pick 8 3820
10
1 41
2 82
3 108
4 64
5 35
6 16
7 27
8 18
9 19
10 40
1
pick 3 3775
10
1 51
2 92
3 73
4 54
5 25
6 26
7 17
8 8
9 9
10 50
0
10
1 61
2 110
3 63
4 44
5 15
6 36
7 7
8 101
9 101
10 60
7
drop 2 3792
drop 8 3820
drop 9 3807
pick 2 3817
pick 8 3816
pick 8 3818
pick 9 3819
10
1 71
2 92
3 53
4 34
5 102
6 46
7 101
8 8
9 9
10 70
4
drop 5 3806
drop 7 3779
pick 5 3828
pick 7 3822
10
1 81
2 82
3 43
4 24
5 15
6 56
7 7
8 18
9 19
10 80
0
10
1 109
2 72
3 33
4 14
5 5
6 66
7 17
8 28
9 102
10 90
2
drop 1 3785
drop 9 3819
10
1 81
2 62
3 23
4 4
5 101
6 107
7 27
8 38
9 19
10 109
8
drop 5 3828
drop 6 3812
drop 6 3813
drop 6 3821
drop 10 3810
pick 5 3825
pick 5 3834
pick 6 3832
10
1 71
2 52
3 103
4 101
5 5
6 66
7 37
8 48
9 29
10 90
6
drop 3 3775
drop 4 3800
drop 4 3808
pick 3 3823
pick 3 3836
pick 4 3829
10
1 108
2 42
3 23
4 4
5 15
6 56
7 47
8 58
9 103
10 80
2
pick 1 3799
pick 9 3801
10
1 71
2 105
3 13
4 14
5 25
6 106
7 105
8 68
9 29
10 108
11
drop 2 3817
drop 6 3832
drop 7 3822
pick 2 3797
pick 2 3802
pick 2 3839
pick 6 3827
pick 10 3803
pick 10 3805
pick 10 3824
pick 10 3841
10
1 61
2 42
3 3
4 24
5 35
6 56
7 47
8 78
9 19
10 80
0
10
1 51
2 32
3 101
4 34
5 45
6 46
7 37
8 88
9 9
10 70
3
drop 3 3823
drop 3 3836
pick 3 3830
10
1 106
2 22
3 3
4 44
5 55
6 36
7 104
8 109
9 101
10 60
8
drop 1 3799
drop 8 3816
drop 8 3818
drop 9 3801
pick 1 3835
pick 7 3811
pick 7 3814
pick 9 3831
10
1 51
2 12
3 13
4 54
5 65
6 26
7 37
8 88
9 9
10 50
0
10
1 61
2 2
3 102
4 64
5 107
6 16
7 27
8 98
9 19
10 40
4
drop 3 3830
drop 5 3825
drop 5 3834
pick 5 3844
10
1 71
2 101
3 13
4 74
5 65
6 6
7 17
8 110
9 29
10 30
7
drop 2 3797
drop 2 3802
drop 2 3839
pick 2 3837
pick 2 3849
pick 8 3826
pick 8 3846
10
1 108
2 2
3 3
4 108
5 55
6 101
7 7
8 98
9 39
10 20
5
drop 1 3835
drop 4 3829
drop 6 3827
pick 6 3840
pick 6 3852
9
2 12
3 101
4 74
5 45
6 6
7 101
8 88
9 49
10 10
6
drop 7 3811
drop 7 3814
pick 3 3833
pick 7 3843
pick 7 3855
pick 7 3856
9
2 22
3 3
4 64
5 35
6 16
7 7
8 78
9 59
10 101
7
drop 10 3803
drop 10 3805
drop 10 3824
drop 10 3841
pick 1 3861
pick 10 3845
pick 10 3853
10
1 71
2 32
3 13
4 107
5 25
6 26
7 17
8 68
9 69
10 10
1
pick 4 3854
10
1 61
2 104
3 23
4 64
5 15
6 36
7 27
8 58
9 79
10 20
3
drop 2 3837
drop 2 3849
pick 2 3842
10
1 51
2 32
3 33
4 54
5 5
6 46
7 103
8 48
9 89
10 30
4
drop 7 3843
drop 7 3855
drop 7 3856
pick 7 3838
10
1 41
2 42
3 43
4 44
5 101
6 56
7 27
8 38
9 109
10 40
7
drop 5 3844
drop 9 3831
pick 5 3847
pick 5 3848
pick 5 3850
pick 5 3851
pick 5 3866
10
1 105
2 52
3 105
4 34
5 5
6 66
7 37
8 28
9 89
10 50
3
drop 1 3861
drop 3 3833
pick 1 3865
10
1 41
2 62
3 43
4 24
5 15
6 76
7 47
8 18
9 99
10 60
0
10
1 31
2 72
3 53
4 14
5 25
6 86
7 57
8 8
9 110
10 70
1
pick 9 3868
10
1 21
2 108
3 106
4 4
5 35
6 96
7 67
8 101
9 99
10 80
6
drop 2 3842
drop 8 3826
drop 8 3846
pick 3 3857
pick 3 3862
pick 8 3858
10
1 11
2 72
3 53
4 101
5 45
6 110
7 77
8 8
9 89
10 108
8
drop 4 3854
drop 6 3840
drop 6 3852
drop 10 3845
drop 10 3853
pick 4 3864
pick 4 3873
pick 6 3875
9
1 102
2 62
3 43
4 4
5 55
6 96
7 108
8 18
9 79
3
drop 1 3865
drop 7 3838
pick 1 3869
9
1 11
2 107
3 33
4 14
5 106
6 86
7 77
8 28
9 69
7
drop 5 3847
drop 5 3848
drop 5 3850
drop 5 3851
drop 5 3866
pick 2 3867
pick 10 3881
10
1 21
2 62
3 23
4 24
5 55
6 76
7 67
8 38
9 59
10 80
0
10
1 31
2 52
3 13
4 34
5 45
6 66
7 107
8 48
9 49
10 70
3
pick 7 3871
pick 7 3882
pick 7 3885
10
1 41
2 42
3 3
4 104
5 105
6 56
7 67
8 58
9 39
10 60
7
drop 4 3864
drop 4 3873
pick 4 3859
pick 4 3860
pick 4 3878
pick 4 3886
pick 5 3879
10
1 105
2 32
3 101
4 34
5 45
6 46
7 57
8 68
9 29
10 50
5
drop 1 3869
drop 3 3857
drop 3 3862
pick 3 3870
pick 3 3883
10
1 41
2 22
3 3
4 24
5 35
6 36
7 47
8 78
9 19
10 40
0
10
1 31
2 103
3 13
4 14
5 25
6 26
7 37
8 88
9 9
10 30
2
drop 2 3867
pick 2 3863
10
1 104
2 22
3 23
4 4
5 15
6 16
7 27
8 98
9 101
10 20
3
drop 9 3868
pick 1 3872
pick 9 3874
10
1 31
2 12
3 33
4 101
5 5
6 6
7 17
8 110
9 9
10 10
6
drop 4 3859
drop 4 3860
drop 4 3878
drop 4 3886
drop 8 3858
pick 4 3876
10
1 21
2 2
3 43
4 4
5 101
6 101
7 7
8 98
9 19
10 101
6
drop 5 3879
drop 6 3875
drop 10 3881
pick 5 3884
pick 6 3889
pick 10 3890
10
1 11
2 101
3 53
4 14
5 5
6 6
7 101
8 88
9 29
10 10
7
drop 2 3863
drop 7 3871
drop 7 3882
drop 7 3885
pick 2 3891
pick 2 3894
pick 7 3893
10
1 102
2 2
3 63
4 24
5 15
6 16
7 7
8 109
9 39
10 20
3
drop 1 3872
pick 1 3880
pick 8 3895
10
1 11
2 12
3 107
4 34
5 102
6 26
7 17
8 88
9 49
10 30
6
drop 3 3870
drop 3 3883
drop 5 3884
pick 3 3887
pick 3 3896
pick 5 3897
10
1 21
2 22
3 63
4 44
5 15
6 36
7 27
8 78
9 59
10 40
0
10
1 31
2 32
3 53
4 54
5 5
6 46
7 37
8 68
9 69
10 50
0
10
1 41
2 42
3 43
4 106
5 101
6 56
7 47
8 107
9 79
10 60
8
drop 4 3876
drop 5 3897
drop 8 3895
pick 4 3892
pick 4 3908
pick 5 3900
pick 5 3906
pick 8 3907
10
1 51
2 52
3 33
4 54
5 5
6 66
7 57
8 68
9 89
10 70
0
10
1 61
2 62
3 23
4 44
5 15
6 76
7 106
8 58
9 109
10 80
2
drop 7 3893
drop 9 3874
10
1 71
2 107
3 13
4 34
5 25
6 108
7 57
8 48
9 89
10 90
4
drop 2 3891
drop 2 3894
drop 6 3889
pick 6 3898
9
1 81
3 3
4 24
5 35
6 76
7 47
8 38
9 79
10 100
0
9
1 109
3 101
4 14
5 45
6 66
7 105
8 28
9 108
10 110
11
drop 1 3880
drop 3 3887
drop 3 3896
drop 10 3890
pick 2 3917
pick 3 3901
pick 3 3911
pick 3 3918
pick 7 3899
pick 9 3888
pick 10 3916
10
1 81
2 62
3 3
4 4
5 55
6 56
7 47
8 18
9 79
10 100
0
10
1 91
2 52
3 13
4 101
5 65
6 46
7 37
8 8
9 69
10 90
4
drop 4 3892
drop 4 3908
pick 4 3902
pick 4 3912
10
1 110
2 42
3 102
4 4
5 75
6 36
7 27
8 101
9 59
10 80
9
drop 3 3901
drop 3 3911
drop 3 3918
drop 8 3907
pick 1 3913
pick 3 3904
pick 3 3914
pick 8 3903
pick 8 3919
10
1 91
2 32
3 13
4 14
5 85
6 26
7 17
8 8
9 49
10 70
0
10
1 81
2 22
3 3
4 24
5 95
6 16
7 7
8 18
9 39
10 60
0
10
1 71
2 12
3 101
4 34
5 110
6 6
7 101
8 28
9 29
10 50
7
drop 3 3904
drop 3 3914
drop 5 3900
drop 5 3906
drop 7 3899
pick 3 3909
pick 7 3910
10
1 61
2 2
3 3
4 44
5 95
6 101
7 7
8 103
9 19
10 105
7
drop 6 3898
drop 8 3903
drop 8 3919
drop 10 3916
pick 6 3920
pick 8 3905
pick 10 3921
10
1 51
2 101
3 13
4 54
5 85
6 6
7 17
8 28
9 102
10 50
5
drop 2 3917
drop 9 3888
pick 2 3922
pick 2 3927
pick 9 3926
10
1 41
2 2
3 23
4 64
5 109
6 16
7 27
8 18
9 19
10 40
1
pick 5 3923
10
1 31
2 12
3 33
4 107
5 85
6 26
7 37
8 8
9 9
10 30
3
drop 4 3902
drop 4 3912
pick 4 3932
10
1 21
2 102
3 43
4 64
5 75
6 36
7 47
8 101
9 101
10 20
8
drop 2 3922
drop 2 3927
drop 8 3905
drop 9 3926
pick 2 3931
pick 8 3924
pick 8 3930
pick 9 3925
10
1 11
2 12
3 53
4 54
5 65
6 46
7 105
8 8
9 9
10 10
2
drop 7 3910
pick 7 3934
10
1 1
2 2
3 63
4 44
5 55
6 56
7 47
8 18
9 19
10 101
3
drop 10 3921
pick 10 3936
pick 10 3940
10
1 101
2 101
3 73
4 105
5 45
6 106
7 57
8 28
9 29
10 10
7
drop 1 3913
drop 2 3931
drop 4 3932
drop 6 3920
pick 1 3939
pick 1 3941
pick 6 3928
9
1 1
3 83
4 44
5 35
6 56
7 67
8 38
9 39
10 20
0
9
1 11
3 109
4 34
5 25
6 46
7 77
8 104
9 49
10 30
5
drop 3 3909
drop 8 3924
drop 8 3930
pick 2 3943
pick 8 3915
10
1 21
2 2
3 83
4 104
5 15
6 36
7 108
8 38
9 59
10 40
2
drop 7 3934
pick 4 3877
10
1 31
2 12
3 93
4 34
5 5
6 26
7 77
8 48
9 69
10 50
0
10
1 104
2 22
3 110
4 44
5 101
6 103
7 67
8 58
9 107
10 105
18
drop 1 3939
drop 1 3941
drop 5 3923
drop 6 3928
drop 9 3925
drop 10 3936
drop 10 3940
pick 1 3933
pick 3 3938
pick 5 3947
pick 6 3929
pick 6 3944
pick 6 3948
pick 6 3949
pick 9 3942
pick 9 3945
pick 9 3946
pick 9 3950
10
1 31
2 32
3 93
4 54
5 5
6 26
7 107
8 106
9 69
10 50
2
drop 8 3915
pick 7 3935
10
1 21
2 42
3 83
4 64
5 15
6 16
7 67
8 58
9 59
10 40
0
10
1 11
2 52
3 73
4 107
5 25
6 6
7 77
8 48
9 49
10 104
2
drop 4 3877
pick 10 3957
10
1 1
2 62
3 63
4 64
5 35
6 101
7 108
8 38
9 39
10 40
6
drop 6 3929
drop 6 3944
drop 6 3948
drop 6 3949
drop 7 3935
pick 6 3951
10
1 101
2 72
3 53
4 54
5 45
6 6
7 77
8 104
9 29
10 30
4
drop 1 3933
pick 1 3953
pick 1 3955
pick 1 3959
9
1 1
2 108
3 43
4 44
5 55
6 16
7 87
9 19
10 20
2
drop 2 3943
pick 8 3963
10
1 11
2 72
3 33
4 105
5 65
6 26
7 97
8 38
9 9
10 10
1
pick 4 3964
10
1 21
2 62
3 23
4 44
5 107
6 36
7 110
8 28
9 101
10 101
11
drop 5 3947
drop 9 3942
drop 9 3945
drop 9 3946
drop 9 3950
drop 10 3957
pick 7 3952
pick 9 3956
pick 9 3965
pick 10 3958
pick 10 3962
10
1 103
2 52
3 13
4 34
5 65
6 46
7 97
8 18
9 9
10 10
3
drop 1 3953
drop 1 3955
drop 1 3959
10
1 21
2 42
3 3
4 24
5 55
6 105
7 87
8 8
9 19
10 20
1
drop 6 3951
10
1 11
2 105
3 101
4 14
5 106
6 46
7 77
8 101
9 29
10 30
5
drop 3 3938
drop 8 3963
pick 2 3969
pick 3 3960
pick 8 3961
9
1 102
2 42
3 3
4 4
6 36
7 67
8 8
9 39
10 40
3
pick 1 3937
pick 1 3954
pick 5 3972
10
1 11
2 32
3 13
4 101
5 55
6 104
7 57
8 18
9 49
10 104
6
drop 4 3964
drop 10 3958
drop 10 3962
pick 4 3966
pick 4 3967
pick 6 3970
9
1 1
2 22
3 23
4 4
5 45
6 36
7 106
8 28
9 59
1
drop 7 3952
9
1 101
2 12
3 33
4 14
5 35
6 26
7 57
8 38
9 69
4
drop 1 3937
drop 1 3954
pick 1 3968
pick 10 3983
10
1 1
2 2
3 43
4 24
5 25
6 16
7 67
8 48
9 107
10 40
3
drop 9 3956
drop 9 3965
pick 9 3977
10
1 11
2 101
3 53
4 34
5 15
6 6
7 107
8 58
9 69
10 30
4
drop 2 3969
pick 2 3974
pick 2 3979
pick 7 3973
10
1 21
2 2
3 63
4 44
5 5
6 101
7 67
8 68
9 79
10 20
2
drop 6 3970
pick 6 3978
10
1 31
2 12
3 73
4 54
5 101
6 6
7 57
8 78
9 108
10 10
5
drop 5 3972
drop 9 3977
pick 5 3982
pick 5 3985
pick 9 3980
10
1 41
2 102
3 108
4 106
5 5
6 16
7 47
8 88
9 79
10 101
9
drop 2 3974
drop 2 3979
drop 3 3960
drop 4 3966
drop 4 3967
drop 10 3983
pick 2 3971
pick 3 3981
pick 10 3987
10
1 51
2 12
3 73
4 54
5 15
6 26
7 37
8 109
9 69
10 10
2
drop 8 3961
pick 8 3990
10
1 61
2 22
3 63
4 64
5 25
6 36
7 27
8 88
9 107
10 20
2
drop 9 3980
pick 9 3993
10
1 71
2 32
3 53
4 107
5 35
6 46
7 17
8 78
9 69
10 30
1
pick 4 3991
10
1 81
2 42
3 43
4 64
5 45
6 105
7 7
8 68
9 59
10 40
1
drop 6 3978
10
1 91
2 52
3 33
4 54
5 55
6 46
7 101
8 58
9 49
10 50
2
drop 7 3973
pick 7 3988
10
1 110
2 62
3 23
4 106
5 65
6 36
7 7
8 48
9 39
10 60
4
drop 1 3968
drop 4 3991
pick 1 3975
pick 4 3997
10
1 91
2 72
3 13
4 54
5 75
6 104
7 17
8 38
9 29
10 106
4
drop 10 3987
pick 6 3986
pick 6 3994
pick 10 3999
10
1 81
2 108
3 3
4 64
5 85
6 36
7 27
8 28
9 19
10 60
2
drop 2 3971
pick 2 3984
10
1 71
2 72
3 101
4 74
5 109
6 26
7 37
8 18
9 9
10 50
5
drop 3 3981
drop 5 3982
drop 5 3985
pick 3 3989
pick 3 4002
10
1 61
2 82
3 3
4 108
5 85
6 16
7 47
8 8
9 101
10 40
4
drop 4 3997
drop 9 3993
pick 9 3992
pick 9 4010
10
1 51
2 92
3 13
4 74
5 75
6 6
7 57
8 101
9 9
10 30
4
drop 8 3990
pick 8 3995
pick 8 4012
pick 8 4013
10
1 41
2 110
3 23
4 84
5 108
6 101
7 67
8 8
9 19
10 20
6
drop 2 3984
drop 6 3986
drop 6 3994
pick 5 4005
pick 6 3996
pick 6 4001
9
1 31
3 103
4 94
5 75
6 6
7 77
8 18
9 29
10 10
3
drop 3 3989
drop 3 4002
pick 2 4017
10
1 21
2 92
3 23
4 110
5 65
6 16
7 108
8 28
9 39
10 101
6
drop 7 3988
drop 10 3999
pick 4 4011
pick 10 4000
pick 10 4014
pick 10 4018
10
1 11
2 82
3 13
4 94
5 55
6 26
7 77
8 38
9 49
10 10
0
10
1 1
2 72
3 102
4 84
5 45
6 36
7 87
8 48
9 59
10 20
4
pick 3 3976
pick 3 3998
pick 3 4006
pick 3 4007
10
1 101
2 62
3 13
4 74
5 35
6 46
7 109
8 105
9 106
10 30
11
drop 1 3975
drop 8 3995
drop 8 4012
drop 8 4013
drop 9 3992
drop 9 4010
pick 1 4004
pick 1 4020
pick 7 4023
pick 8 4015
pick 9 4016
10
1 1
2 52
3 3
4 64
5 25
6 56
7 87
8 48
9 59
10 40
0
10
1 11
2 42
3 101
4 54
5 15
6 66
7 77
8 58
9 49
10 104
9
drop 3 3976
drop 3 3998
drop 3 4006
drop 3 4007
drop 10 4000
drop 10 4014
drop 10 4018
pick 3 4008
pick 10 4003
10
1 21
2 32
3 3
4 44
5 5
6 107
7 67
8 68
9 39
10 40
4
drop 6 3996
drop 6 4001
pick 6 4031
pick 6 4032
10
1 31
2 22
3 13
4 34
5 101
6 66
7 57
8 107
9 29
10 30
3
drop 5 4005
drop 8 4015
pick 5 4027
10
1 41
2 12
3 23
4 24
5 5
6 56
7 47
8 68
9 19
10 20
0
10
1 51
2 2
3 33
4 14
5 15
6 46
7 37
8 78
9 9
10 102
1
drop 10 4003
10
1 61
2 101
3 43
4 4
5 25
6 36
7 27
8 108
9 101
10 20
7
drop 2 4017
drop 9 4016
pick 2 4029
pick 8 4024
pick 8 4039
pick 9 4030
pick 9 4033
10
1 71
2 2
3 53
4 101
5 35
6 26
7 17
8 78
9 9
10 10
3
drop 4 4011
pick 4 4034
pick 4 4041
10
1 108
2 12
3 63
4 4
5 45
6 16
7 7
8 68
9 19
10 101
4
drop 1 4004
drop 1 4020
pick 1 4043
pick 10 4028
10
1 71
2 22
3 73
4 14
5 55
6 6
7 101
8 58
9 29
10 10
3
drop 7 4023
pick 7 4037
pick 7 4047
10
1 61
2 32
3 83
4 24
5 65
6 101
7 7
8 106
9 103
10 20
9
drop 6 4031
drop 6 4032
drop 8 4024
drop 8 4039
drop 9 4030
drop 9 4033
pick 6 4040
pick 8 4048
pick 9 4044
10
1 51
2 42
3 109
4 34
5 107
6 6
7 17
8 58
9 29
10 30
6
drop 3 4008
drop 5 4027
pick 3 4035
pick 3 4038
pick 3 4042
pick 3 4050
10
1 41
2 52
3 83
4 104
5 65
6 16
7 27
8 48
9 39
10 40
5
drop 4 4034
drop 4 4041
pick 4 4009
pick 4 4022
pick 4 4025
10
1 31
2 62
3 73
4 34
5 75
6 102
7 37
8 38
9 49
10 104
2
drop 6 4040
drop 10 4028
10
1 21
2 72
3 63
4 24
5 108
6 16
7 47
8 28
9 59
10 40
1
pick 5 4045
10
1 11
2 82
3 53
4 14
5 75
6 6
7 105
8 18
9 106
10 50
7
drop 7 4037
drop 7 4047
drop 9 4044
pick 7 4021
pick 7 4053
pick 7 4054
pick 7 4057
9
1 1
2 92
3 43
4 4
5 65
6 101
7 47
8 8
10 105
3
pick 6 4046
pick 9 4059
pick 10 4019
10
1 101
2 110
3 33
4 101
5 55
6 6
7 37
8 101
9 59
10 50
10
drop 1 4043
drop 2 4029
drop 4 4009
drop 4 4022
drop 4 4025
drop 8 4048
pick 1 4049
pick 2 4026
pick 4 4052
pick 8 4056
10
1 1
2 92
3 23
4 4
5 45
6 16
7 27
8 8
9 49
10 40
0
10
1 11
2 82
3 13
4 14
5 35
6 26
7 17
8 18
9 39
10 104
1
drop 10 4019
10
1 21
2 109
3 3
4 24
5 25
6 36
7 7
8 28
9 29
10 40
2
drop 2 4026
pick 2 4051
10
1 103
2 82
3 101
4 34
5 15
6 46
7 101
8 38
9 103
10 50
12
drop 1 4049
drop 3 4035
drop 3 4038
drop 3 4042
drop 3 4050
drop 7 4021
drop 7 4053
drop 7 4054
drop 7 4057
drop 9 4059
pick 3 4058
pick 7 4060
10
1 21
2 72
3 3
4 44
5 5
6 56
7 7
8 48
9 29
10 105
1
pick 10 4061
10
1 11
2 62
3 13
4 54
5 101
6 66
7 17
8 105
9 19
10 50
3
drop 5 4045
drop 8 4056
pick 5 4065
9
1 102
2 52
3 23
4 106
5 5
6 76
7 27
9 102
10 40
8
drop 4 4052
pick 1 4070
pick 4 4068
pick 4 4069
pick 4 4071
pick 4 4073
pick 8 4077
pick 9 4075
10
1 11
2 42
3 33
4 54
5 15
6 108
7 37
8 48
9 19
10 30
2
drop 6 4046
pick 6 4064
10
1 1
2 32
3 43
4 44
5 25
6 76
7 47
8 38
9 9
10 20
0
10
1 101
2 22
3 53
4 34
5 103
6 66
7 57
8 28
9 101
10 10
7
drop 1 4070
drop 5 4065
drop 9 4075
pick 1 4074
pick 5 4078
pick 5 4081
pick 9 4076
10
1 1
2 12
3 63
4 24
5 25
6 56
7 67
8 18
9 9
10 101
3
drop 10 4061
pick 10 4079
pick 10 4086
10
1 11
2 102
3 73
4 14
5 15
6 46
7 77
8 8
9 19
10 10
2
drop 2 4051
pick 2 4085
10
1 21
2 12
3 83
4 4
5 5
6 36
7 87
8 101
9 29
10 20
3
drop 8 4077
pick 8 4080
pick 8 4082
10
1 31
2 22
3 93
4 101
5 101
6 26
7 109
8 8
9 103
10 30
11
drop 4 4068
drop 4 4069
drop 4 4071
drop 4 4073
drop 5 4078
drop 5 4081
drop 7 4060
drop 9 4076
pick 4 4088
pick 5 4092
pick 5 4093
9
1 41
2 32
3 110
4 4
5 5
6 16
8 18
9 29
10 40
4
drop 3 4058
pick 3 4036
pick 3 4062
pick 3 4084
9
1 105
2 42
3 93
4 14
5 15
6 6
8 102
9 39
10 50
5
drop 1 4074
drop 8 4080
drop 8 4082
pick 1 4083
pick 7 4094
9
1 41
2 52
3 83
4 24
5 25
6 101
7 87
9 104
10 60
5
drop 6 4064
pick 6 4095
pick 8 4096
pick 8 4098
pick 9 4090
10
1 51
2 62
3 73
4 34
5 35
6 6
7 77
8 18
9 39
10 106
3
drop 10 4079
drop 10 4086
pick 10 4091
10
1 61
2 72
3 63
4 44
5 45
6 16
7 67
8 8
9 29
10 60
0
10
1 71
2 82
3 53
4 54
5 55
6 26
7 57
8 101
9 19
10 50
3
drop 8 4096
drop 8 4098
pick 8 4099
10
1 81
2 92
3 43
4 64
5 106
6 36
7 47
8 8
9 9
10 40
2
drop 5 4092
drop 5 4093
10
1 109
2 110
3 33
4 74
5 55
6 104
7 37
8 18
9 101
10 30
7
drop 1 4083
drop 2 4085
drop 6 4095
drop 9 4090
pick 1 4101
pick 2 4063
pick 9 4100
10
1 81
2 92
3 23
4 108
5 65
6 36
7 27
8 28
9 9
10 20
2
drop 4 4088
pick 4 4102
10
1 91
2 82
3 13
4 74
5 107
6 46
7 17
8 38
9 19
10 10
4
pick 5 4055
pick 5 4072
pick 5 4089
pick 5 4104
10
1 110
2 109
3 3
4 64
5 65
6 105
7 7
8 48
9 29
10 101
9
drop 1 4101
drop 2 4063
drop 10 4091
pick 1 4066
pick 2 4109
pick 6 4087
pick 6 4108
pick 10 4103
pick 10 4106
10
1 91
2 82
3 101
4 54
5 55
6 46
7 101
8 58
9 39
10 10
6
drop 3 4036
drop 3 4062
drop 3 4084
drop 7 4094
pick 3 4105
pick 7 4107
10
1 81
2 72
3 3
4 44
5 45
6 36
7 7
8 68
9 49
10 20
0
10
1 71
2 62
3 13
4 34
5 35
6 26
7 17
8 78
9 105
10 102
4
drop 9 4100
drop 10 4103
drop 10 4106
pick 9 4097
10
1 61
2 52
3 23
4 24
5 25
6 16
7 27
8 108
9 49
10 20
3
drop 8 4099
pick 8 4113
pick 8 4119
10
1 107
2 42
3 33
4 14
5 15
6 6
7 37
8 78
9 39
10 30
2
drop 1 4066
pick 1 4067
10
1 61
2 32
3 43
4 4
5 5
6 101
7 47
8 68
9 29
10 103
5
drop 6 4087
drop 6 4108
pick 6 4111
pick 6 4123
pick 10 4110
10
1 71
2 22
3 53
4 101
5 101
6 6
7 57
8 58
9 19
10 30
7
drop 4 4102
drop 5 4055
drop 5 4072
drop 5 4089
drop 5 4104
pick 4 4112
pick 5 4114
10
1 81
2 12
3 63
4 4
5 5
6 16
7 67
8 48
9 102
10 40
1
drop 9 4097
10
1 91
2 2
3 73
4 14
5 15
6 26
7 77
8 38
9 19
10 50
0
10
1 110
2 101
3 83
4 24
5 25
6 103
7 87
8 28
9 9
10 60
9
drop 1 4067
drop 2 4109
drop 6 4111
drop 6 4123
pick 1 4115
pick 2 4118
pick 2 4125
pick 2 4128
pick 6 4121
10
1 91
2 2
3 93
4 34
5 35
6 26
7 109
8 18
9 101
10 70
4
drop 7 4107
pick 7 4120
pick 9 4116
pick 9 4130
10
1 81
2 12
3 110
4 104
5 45
6 36
7 87
8 8
9 9
10 80
4
drop 3 4105
drop 4 4112
pick 3 4117
pick 4 4126
10
1 71
2 22
3 93
4 34
5 55
6 104
7 77
8 101
9 19
10 90
4
drop 6 4121
drop 8 4113
drop 8 4119
pick 8 4135
9
1 61
2 32
3 83
4 24
5 65
7 67
8 8
9 29
10 109
1
drop 10 4110
9
1 51
2 42
3 73
4 14
5 75
7 57
8 18
9 39
10 90
2
pick 6 4142
pick 6 4144
10
1 41
2 52
3 63
4 4
5 85
6 36
7 47
8 28
9 49
10 100
0
10
1 31
2 106
3 107
4 101
5 95
6 26
7 37
8 38
9 59
10 110
8
drop 2 4118
drop 2 4125
drop 2 4128
drop 3 4117
drop 4 4126
pick 4 4136
pick 10 4124
pick 10 4131
10
1 104
2 52
3 63
4 4
5 110
6 16
7 27
8 104
9 69
10 100
3
drop 1 4115
drop 5 4114
drop 8 4135
10
1 31
2 62
3 73
4 14
5 95
6 6
7 17
8 38
9 79
10 90
0
10
1 21
2 107
3 108
4 24
5 85
6 101
7 7
8 28
9 108
10 80
8
drop 6 4142
drop 6 4144
drop 9 4116
drop 9 4130
pick 2 4129
pick 3 4127
pick 3 4134
pick 6 4137
10
1 103
2 62
3 73
4 34
5 75
6 6
7 101
8 103
9 79
10 70
6
drop 7 4120
pick 1 4122
pick 7 4138
pick 7 4140
pick 7 4149
pick 8 4133
10
1 21
2 52
3 63
4 44
5 108
6 16
7 7
8 28
9 69
10 60
1
pick 5 4132
10
1 11
2 42
3 53
4 54
5 75
6 102
7 17
8 18
9 107
10 50
3
drop 6 4137
pick 6 4152
pick 9 4158
10
1 1
2 105
3 43
4 64
5 85
6 16
7 27
8 8
9 69
10 40
3
drop 2 4129
pick 2 4146
pick 2 4148
10
1 101
2 42
3 33
4 107
5 109
6 6
7 37
8 101
9 59
10 30
9
drop 1 4122
drop 4 4136
drop 5 4132
drop 8 4133
pick 1 4139
pick 1 4147
pick 1 4153
pick 8 4141
pick 8 4156
10
1 1
2 32
3 23
4 64
5 85
6 101
7 47
8 8
9 49
10 20
3
drop 6 4152
pick 6 4143
pick 6 4154
10
1 11
2 22
3 13
4 74
5 95
6 6
7 57
8 18
9 39
10 10
0
10
1 21
2 12
3 3
4 84
5 110
6 16
7 67
8 28
9 104
10 101
6
drop 9 4158
drop 10 4124
drop 10 4131
pick 5 4162
pick 10 4145
pick 10 4155
10
1 103
2 2
3 101
4 109
5 95
6 26
7 77
8 38
9 39
10 10
7
drop 1 4139
drop 1 4147
drop 1 4153
drop 3 4127
drop 3 4134
pick 3 4157
pick 4 4163
10
1 21
2 101
3 3
4 84
5 85
6 36
7 87
8 48
9 29
10 20
4
drop 2 4146
drop 2 4148
pick 2 4159
pick 2 4164
10
1 11
2 2
3 13
4 74
5 75
6 46
7 97
8 105
9 103
10 30
3
drop 8 4141
drop 8 4156
pick 9 4151
10
1 1
2 12
3 23
4 64
5 65
6 56
7 110
8 48
9 29
10 40
3
drop 7 4138
drop 7 4140
drop 7 4149
10
1 101
2 102
3 33
4 54
5 55
6 66
7 97
8 58
9 39
10 50
6
drop 2 4159
drop 2 4164
pick 1 4150
pick 1 4170
pick 1 4174
pick 2 4175
10
1 1
2 12
3 43
4 44
5 45
6 76
7 87
8 106
9 49
10 60
1
pick 8 4169
10
1 11
2 22
3 53
4 34
5 35
6 108
7 109
8 58
9 59
10 70
5
drop 6 4143
drop 6 4154
pick 6 4166
pick 7 4176
pick 7 4180
10
1 21
2 32
3 63
4 24
5 25
6 76
7 87
8 68
9 69
10 80
0
10
1 31
2 42
3 107
4 14
5 15
6 66
7 77
8 107
9 107
10 90
5
drop 3 4157
drop 8 4169
drop 9 4151
pick 3 4168
pick 3 4173
10
1 104
2 52
3 63
4 4
5 5
6 56
7 67
8 68
9 69
10 109
6
drop 1 4150
drop 1 4170
drop 1 4174
drop 10 4145
drop 10 4155
pick 10 4185
10
1 31
2 62
3 53
4 101
5 101
6 46
7 57
8 78
9 59
10 90
5
drop 4 4163
drop 5 4162
pick 4 4160
pick 4 4179
pick 5 4161
10
1 41
2 107
3 43
4 4
5 5
6 36
7 47
8 108
9 106
10 80
3
drop 2 4175
pick 8 4167
pick 9 4182
10
1 105
2 62
3 33
4 14
5 15
6 26
7 37
8 78
9 59
10 70
1
pick 1 4177
10
1 41
2 72
3 23
4 24
5 25
6 16
7 27
8 68
9 49
10 60
0
10
1 31
2 108
3 13
4 34
5 103
6 102
7 17
8 58
9 39
10 50
3
drop 5 4161
drop 6 4166
pick 2 4190
10
1 21
2 72
3 3
4 44
5 25
6 16
7 7
8 48
9 29
10 40
0
10
1 11
2 62
3 101
4 54
5 15
6 6
7 101
8 105
9 19
10 30
9
drop 3 4168
drop 3 4173
drop 7 4176
drop 7 4180
drop 8 4167
pick 3 4171
pick 3 4194
pick 7 4172
pick 8 4186
10
1 1
2 52
3 3
4 64
5 102
6 101
7 7
8 48
9 9
10 20
5
pick 5 4198
pick 6 4165
pick 6 4178
pick 6 4181
pick 6 4189
10
1 101
2 42
3 13
4 74
5 15
6 6
7 17
8 58
9 101
10 10
5
drop 1 4177
drop 9 4182
pick 1 4183
pick 1 4187
pick 9 4184
10
1 1
2 32
3 23
4 84
5 25
6 16
7 102
8 68
9 9
10 101
3
drop 7 4172
drop 10 4185
pick 10 4193
10
1 11
2 22
3 33
4 94
5 35
6 26
7 17
8 78
9 19
10 10
0
10
1 21
2 12
3 43
4 110
5 45
6 36
7 7
8 108
9 29
10 20
3
drop 4 4160
drop 4 4179
drop 8 4186
9
1 31
2 2
3 105
4 94
5 55
6 46
7 101
9 39
10 30
5
drop 3 4171
drop 3 4194
pick 3 4196
pick 7 4191
pick 7 4195
9
1 104
2 101
3 43
4 84
5 65
6 56
7 7
9 49
10 103
8
drop 1 4183
drop 1 4187
drop 2 4190
drop 10 4193
pick 1 4199
pick 2 4197
pick 8 4206
pick 10 4200
10
1 31
2 2
3 33
4 109
5 107
6 66
7 17
8 78
9 59
10 30
5
drop 5 4198
pick 4 4188
pick 5 4202
pick 5 4207
pick 5 4208
10
1 21
2 12
3 23
4 84
5 65
6 76
7 27
8 68
9 69
10 20
0
10
1 11
2 22
3 103
4 74
5 55
6 108
7 37
8 58
9 107
10 10
6
drop 3 4196
drop 6 4165
drop 6 4178
drop 6 4181
drop 6 4189
drop 9 4184
7
1 1
2 32
4 64
5 45
7 47
8 48
10 101
2
drop 10 4200
pick 10 4203
7
1 101
2 42
4 54
5 35
7 57
8 38
10 10
5
drop 1 4199
pick 1 4205
pick 3 4213
pick 6 4214
pick 9 4216
10
1 1
2 52
3 23
4 44
5 25
6 76
7 67
8 28
9 69
10 20
0
10
1 11
2 106
3 33
4 34
5 15
6 66
7 77
8 18
9 59
10 30
2
drop 2 4197
pick 2 4192
10
1 21
2 52
3 43
4 24
5 5
6 56
7 87
8 8
9 49
10 40
0
10
1 31
2 62
3 53
4 14
5 101
6 46
7 97
8 101
9 39
10 104
9
drop 5 4202
drop 5 4207
drop 5 4208
drop 8 4206
drop 10 4203
pick 5 4211
pick 5 4217
pick 5 4222
pick 8 4218
10
1 41
2 72
3 63
4 4
5 5
6 36
7 110
8 8
9 29
10 40
5
drop 7 4191
drop 7 4195
pick 7 4209
pick 7 4212
pick 7 4224
10
1 51
2 108
3 73
4 101
5 15
6 26
7 97
8 18
9 19
10 50
3
drop 2 4192
drop 4 4188
pick 4 4219
10
1 61
2 72
3 83
4 4
5 25
6 16
7 87
8 28
9 9
10 105
2
pick 10 4210
pick 10 4226
10
1 71
2 82
3 93
4 14
5 35
6 6
7 77
8 38
9 101
10 50
2
drop 9 4216
pick 9 4220
10
1 81
2 109
3 110
4 24
5 45
6 101
7 67
8 48
9 9
10 40
6
drop 3 4213
drop 6 4214
pick 2 4215
pick 3 4231
pick 3 4233
pick 6 4221
10
1 109
2 82
3 93
4 34
5 105
6 6
7 57
8 58
9 19
10 30
4
drop 1 4205
drop 5 4211
drop 5 4217
drop 5 4222
10
1 81
2 72
3 83
4 44
5 45
6 16
7 47
8 68
9 29
10 20
0
10
1 71
2 62
3 73
4 54
5 55
6 102
7 37
8 78
9 39
10 10
3
drop 6 4221
pick 6 4204
pick 6 4228
10
1 108
2 52
3 63
4 64
5 106
6 16
7 27
8 88
9 104
10 101
7
drop 9 4220
drop 10 4210
drop 10 4226
pick 1 4234
pick 5 4201
pick 10 4225
pick 10 4229
10
1 71
2 42
3 53
4 107
5 55
6 6
7 17
8 109
9 39
10 10
3
drop 4 4219
drop 8 4218
pick 4 4223
9
1 61
2 32
3 43
4 64
5 65
6 101
7 7
9 29
10 20
4
drop 6 4204
drop 6 4228
pick 6 4227
pick 8 4245
10
1 51
2 22
3 33
4 54
5 107
6 6
7 101
8 88
9 103
10 30
8
drop 5 4201
drop 7 4209
drop 7 4212
drop 7 4224
pick 5 4244
pick 7 4232
pick 7 4240
pick 9 4236
10
1 41
2 12
3 23
4 44
5 65
6 16
7 7
8 78
9 29
10 103
3
drop 10 4225
drop 10 4229
pick 10 4243
10
1 31
2 2
3 13
4 34
5 55
6 26
7 17
8 108
9 39
10 30
2
drop 8 4245
pick 8 4246
10
1 21
2 101
3 3
4 24
5 45
6 36
7 27
8 78
9 49
10 20
3
drop 2 4215
pick 2 4237
pick 2 4239
10
1 11
2 2
3 101
4 14
5 35
6 46
7 37
8 68
9 105
10 10
5
drop 3 4231
drop 3 4233
drop 9 4236
pick 3 4241
pick 3 4249
10
1 1
2 12
3 3
4 4
5 25
6 56
7 47
8 58
9 49
10 101
2
drop 10 4243
pick 10 4242
10
1 101
2 102
3 13
4 101
5 15
6 66
7 57
8 48
9 59
10 10
7
drop 1 4234
drop 2 4237
drop 2 4239
drop 4 4223
pick 1 4248
pick 2 4238
pick 4 4252
10
1 1
2 12
3 23
4 4
5 5
6 76
7 67
8 38
9 106
10 20
2
pick 9 4230
pick 9 4235
10
1 11
2 2
3 33
4 14
5 101
6 86
7 77
8 104
9 59
10 30
4
drop 5 4244
drop 8 4246
pick 5 4256
pick 8 4253
10
1 21
2 101
3 43
4 24
5 5
6 96
7 87
8 38
9 49
10 103
6
drop 2 4238
drop 10 4242
pick 2 4257
pick 10 4251
pick 10 4260
pick 10 4262
10
1 31
2 2
3 53
4 34
5 15
6 110
7 109
8 48
9 39
10 30
5
drop 6 4227
drop 7 4232
drop 7 4240
pick 6 4247
pick 6 4264
10
1 41
2 12
3 63
4 104
5 25
6 96
7 87
8 58
9 29
10 20
3
drop 4 4252
pick 4 4254
pick 4 4255
10
1 51
2 22
3 73
4 34
5 35
6 86
7 77
8 68
9 19
10 10
0
10
1 61
2 32
3 108
4 24
5 45
6 76
7 108
8 78
9 9
10 101
7
drop 3 4241
drop 3 4249
drop 10 4251
drop 10 4260
drop 10 4262
pick 7 4250
pick 10 4258
10
1 71
2 42
3 73
4 14
5 55
6 66
7 77
8 88
9 101
10 10
3
drop 9 4230
drop 9 4235
pick 9 4259
10
1 81
2 52
3 83
4 4
5 106
6 56
7 67
8 109
9 9
10 20
6
drop 5 4256
drop 8 4253
pick 5 4261
pick 5 4268
pick 5 4269
pick 5 4276
10
1 109
2 62
3 109
4 101
5 55
6 46
7 57
8 88
9 19
10 30
7
drop 1 4248
drop 4 4254
drop 4 4255
pick 3 4275
pick 4 4263
pick 4 4274
pick 4 4280
10
1 81
2 72
3 83
4 4
5 45
6 36
7 47
8 98
9 29
10 40
0
10
1 91
2 82
3 73
4 14
5 35
6 26
7 37
8 110
9 39
10 50
1
pick 8 4279
10
1 110
2 92
3 63
4 24
5 25
6 16
7 27
8 98
9 49
10 105
3
drop 10 4258
pick 1 4283
pick 10 4277
10
1 91
2 110
3 53
4 34
5 15
6 6
7 17
8 88
9 59
10 50
1
drop 2 4257
10
1 81
2 92
3 43
4 44
5 5
6 101
7 7
8 78
9 69
10 40
3
drop 6 4247
drop 6 4264
pick 6 4265
10
1 71
2 82
3 33
4 54
5 101
6 6
7 101
8 68
9 107
10 30
13
drop 5 4261
drop 5 4268
drop 5 4269
drop 5 4276
drop 7 4250
drop 9 4259
pick 5 4267
pick 5 4271
pick 5 4290
pick 7 4270
pick 7 4278
pick 7 4281
pick 9 4293
10
1 61
2 72
3 23
4 64
5 5
6 16
7 7
8 58
9 69
10 20
0
10
1 51
2 108
3 13
4 74
5 15
6 26
7 17
8 48
9 59
10 10
3
pick 2 4284
pick 2 4289
pick 2 4298
10
1 41
2 72
3 3
4 108
5 25
6 36
7 27
8 38
9 49
10 101
6
drop 4 4263
drop 4 4274
drop 4 4280
drop 10 4277
pick 4 4285
pick 10 4282
10
1 31
2 62
3 101
4 74
5 103
6 46
7 37
8 28
9 39
10 10
6
drop 3 4275
drop 5 4267
drop 5 4271
drop 5 4290
pick 3 4292
pick 5 4266
10
1 21
2 52
3 3
4 64
5 25
6 56
7 104
8 18
9 29
10 20
5
drop 7 4270
drop 7 4278
drop 7 4281
pick 7 4286
pick 7 4295
10
1 11
2 42
3 13
4 107
5 15
6 66
7 37
8 8
9 19
10 30
1
drop 4 4285
10
1 1
2 32
3 23
4 64
5 5
6 76
7 27
8 101
9 9
10 40
2
drop 8 4279
pick 8 4294
10
1 101
2 22
3 33
4 74
5 101
6 86
7 17
8 8
9 101
10 50
10
drop 1 4283
drop 5 4266
drop 9 4293
pick 1 4297
pick 1 4306
pick 1 4310
pick 5 4300
pick 5 4313
pick 9 4304
pick 9 4308
10
1 1
2 12
3 43
4 108
5 5
6 96
7 7
8 18
9 9
10 60
1
pick 4 4287
10
1 11
2 2
3 53
4 74
5 15
6 110
7 101
8 28
9 19
10 70
6
drop 6 4265
drop 7 4286
drop 7 4295
pick 6 4296
pick 7 4307
pick 7 4315
10
1 21
2 101
3 106
4 84
5 25
6 96
7 7
8 38
9 29
10 80
8
drop 2 4284
drop 2 4289
drop 2 4298
drop 3 4292
pick 2 4311
pick 2 4312
pick 3 4288
pick 3 4305
10
1 31
2 2
3 53
4 109
5 103
6 86
7 17
8 48
9 39
10 90
6
drop 4 4287
drop 5 4300
drop 5 4313
pick 4 4301
pick 4 4320
pick 5 4318
10
1 41
2 12
3 43
4 84
5 25
6 76
7 102
8 58
9 49
10 109
8
drop 7 4307
drop 7 4315
drop 10 4282
pick 7 4272
pick 7 4273
pick 7 4291
pick 7 4303
pick 10 4309
10
1 51
2 22
3 33
4 74
5 15
6 66
7 17
8 68
9 105
10 90
4
drop 9 4304
drop 9 4308
pick 9 4302
pick 9 4319
10
1 61
2 32
3 23
4 64
5 5
6 56
7 7
8 78
9 49
10 80
0
10
1 71
2 42
3 13
4 54
5 101
6 46
7 101
8 88
9 59
10 70
9
drop 5 4318
drop 7 4272
drop 7 4273
drop 7 4291
drop 7 4303
pick 5 4316
pick 5 4325
pick 7 4322
pick 7 4326
10
1 108
2 52
3 3
4 44
5 5
6 36
7 7
8 98
9 69
10 60
5
drop 1 4297
drop 1 4306
drop 1 4310
pick 1 4299
pick 1 4332
10
1 71
2 106
3 101
4 34
5 15
6 26
7 17
8 110
9 79
10 50
7
drop 2 4311
drop 2 4312
drop 3 4288
drop 3 4305
drop 8 4294
pick 2 4323
pick 3 4324
10
1 81
2 52
3 3
4 24
5 25
6 16
7 27
8 98
9 89
10 40
0
10
1 91
2 62
3 13
4 14
5 35
6 6
7 37
8 88
9 99
10 30
0
10
1 110
2 107
3 23
4 4
5 45
6 101
7 47
8 109
9 110
10 20
9
drop 1 4299
drop 1 4332
drop 2 4323
drop 6 4296
drop 9 4302
drop 9 4319
pick 2 4314
pick 6 4327
pick 8 4335
8
2 62
3 33
4 101
5 55
6 6
7 57
8 88
10 102
6
drop 4 4301
drop 4 4320
drop 10 4309
pick 1 4337
pick 4 4334
pick 10 4329
9
1 91
2 52
3 43
4 4
5 65
6 16
7 67
8 78
10 20
1
pick 9 4338
10
1 81
2 42
3 53
4 14
5 75
6 26
7 77
8 68
9 99
10 30
0
10
1 71
2 32
3 63
4 24
5 108
6 36
7 87
8 58
9 89
10 103
5
drop 5 4316
drop 5 4325
drop 10 4329
pick 5 4331
pick 10 4321
10
1 61
2 22
3 73
4 34
5 75
6 104
7 109
8 48
9 79
10 30
4
drop 6 4327
drop 7 4322
drop 7 4326
pick 6 4317
10
1 51
2 12
3 83
4 44
5 65
6 36
7 87
8 38
9 69
10 20
0
10
1 41
2 2
3 93
4 105
5 55
6 46
7 77
8 28
9 59
10 102
5
drop 4 4334
drop 10 4321
pick 4 4345
pick 10 4330
pick 10 4343
10
1 31
2 101
3 110
4 44
5 45
6 56
7 108
8 18
9 49
10 20
6
drop 2 4314
drop 3 4324
pick 2 4336
pick 3 4348
pick 7 4333
pick 7 4349
10
1 21
2 2
3 93
4 34
5 35
6 66
7 77
8 8
9 39
10 10
0
10
1 11
2 12
3 83
4 24
5 104
6 76
7 67
8 101
9 29
10 101
8
drop 5 4331
drop 8 4335
drop 10 4330
drop 10 4343
pick 5 4351
pick 8 4339
pick 8 4344
pick 10 4340
10
1 1
2 22
3 73
4 14
5 35
6 86
7 57
8 8
9 19
10 10
0
10
1 101
2 32
3 63
4 4
5 45
6 109
7 47
8 18
9 9
10 20
3
drop 1 4337
drop 6 4317
pick 1 4342
9
1 1
2 42
3 53
4 101
5 105
7 37
8 28
9 101
10 30
7
drop 4 4345
drop 5 4351
drop 9 4338
pick 4 4350
pick 5 4352
pick 6 4356
pick 9 4354
10
1 11
2 52
3 43
4 4
5 45
6 86
7 27
8 38
9 9
10 40
0
10
1 21
2 62
3 33
4 14
5 35
6 76
7 17
8 48
9 19
10 50
0
10
1 103
2 72
3 23
4 102
5 25
6 66
7 7
8 58
9 29
10 60
4
drop 1 4342
drop 4 4350
pick 1 4328
pick 4 4346
10
1 21
2 108
3 13
4 14
5 15
6 56
7 101
8 68
9 39
10 70
6
drop 2 4336
drop 7 4333
drop 7 4349
pick 2 4355
pick 2 4363
pick 7 4358
10
1 11
2 72
3 3
4 24
5 5
6 46
7 7
8 78
9 49
10 80
0
10
1 1
2 62
3 101
4 34
5 101
6 36
7 17
8 88
9 105
10 90
8
drop 3 4348
drop 5 4352
drop 9 4354
pick 3 4362
pick 5 4364
pick 5 4365
pick 9 4359
pick 9 4366
10
1 101
2 52
3 3
4 44
5 5
6 26
7 27
8 98
9 49
10 109
4
drop 1 4328
drop 10 4340
pick 1 4370
pick 10 4360
10
1 1
2 42
3 13
4 54
5 15
6 103
7 37
8 110
9 39
10 90
3
drop 6 4356
drop 8 4339
drop 8 4344
9
1 11
2 32
3 23
4 64
5 25
7 47
8 98
9 29
10 80
0
9
1 21
2 22
3 33
4 74
5 35
7 105
8 88
9 19
10 70
3
drop 7 4358
pick 6 4378
pick 7 4369
10
1 31
2 12
3 43
4 108
5 45
6 26
7 47
8 109
9 9
10 60
3
drop 4 4346
pick 4 4367
pick 8 4379
10
1 41
2 2
3 53
4 74
5 55
6 16
7 57
8 88
9 101
10 50
3
drop 9 4359
drop 9 4366
pick 9 4371
10
1 51
2 101
3 63
4 64
5 65
6 6
7 67
8 78
9 9
10 40
4
drop 2 4355
drop 2 4363
pick 2 4372
pick 2 4382
10
1 106
2 2
3 73
4 54
5 107
6 101
7 77
8 68
9 19
10 30
10
drop 1 4370
drop 5 4364
drop 5 4365
drop 6 4378
pick 1 4357
pick 1 4361
pick 1 4368
pick 5 4341
pick 5 4374
pick 6 4377
10
1 51
2 12
3 83
4 44
5 65
6 6
7 87
8 58
9 29
10 20
0
10
1 41
2 22
3 109
4 34
5 55
6 16
7 97
8 48
9 39
10 10
1
drop 3 4362
10
1 31
2 103
3 83
4 24
5 45
6 26
7 110
8 38
9 49
10 101
8
drop 2 4372
drop 2 4382
drop 7 4369
drop 10 4360
pick 2 4381
pick 2 4388
pick 7 4380
pick 10 4383
10
1 21
2 22
3 73
4 14
5 35
6 36
7 97
8 28
9 59
10 10
0
10
1 11
2 12
3 108
4 102
5 25
6 46
7 87
8 18
9 69
10 20
3
drop 4 4367
pick 3 4375
pick 4 4347
10
1 1
2 2
3 73
4 14
5 15
6 56
7 77
8 8
9 79
10 30
0
10
1 101
2 101
3 63
4 24
5 5
6 106
7 67
8 101
9 89
10 40
13
drop 1 4357
drop 1 4361
drop 1 4368
drop 2 4381
drop 2 4388
drop 6 4377
drop 8 4379
pick 1 4384
pick 1 4385
pick 2 4386
pick 6 4398
pick 8 4387
pick 8 4395
10
1 1
2 2
3 53
4 34
5 101
6 56
7 57
8 8
9 99
10 50
3
drop 5 4341
drop 5 4374
pick 5 4391
10
1 11
2 12
3 43
4 44
5 5
6 46
7 47
8 18
9 110
10 60
2
drop 9 4371
pick 9 4396
10
1 21
2 102
3 33
4 54
5 15
6 36
7 37
8 28
9 99
10 70
3
drop 2 4386
pick 2 4390
pick 2 4393
10
1 31
2 12
3 23
4 64
5 25
6 26
7 27
8 38
9 89
10 80
0
10
1 41
2 2
3 13
4 107
5 35
6 16
7 17
8 48
9 79
10 108
3
drop 4 4347
drop 10 4383
pick 10 4407
10
1 105
2 101
3 3
4 64
5 45
6 6
7 7
8 58
9 108
10 80
12
drop 1 4384
drop 1 4385
drop 2 4390
drop 2 4393
drop 9 4396
pick 1 4392
pick 1 4399
pick 1 4410
pick 2 4400
pick 2 4408
pick 2 4409
pick 2 4411
10
1 41
2 2
3 101
4 74
5 55
6 101
7 101
8 68
9 79
10 90
5
drop 3 4375
drop 6 4398
drop 7 4380
pick 3 4402
pick 6 4413
9
1 31
2 12
3 3
4 108
5 65
6 6
8 78
9 89
10 100
2
pick 4 4403
pick 7 4416
10
1 21
2 22
3 13
4 74
5 75
6 16
7 7
8 88
9 109
10 110
4
drop 10 4407
pick 9 4401
pick 10 4397
pick 10 4404
10
1 11
2 32
3 102
4 64
5 85
6 26
7 17
8 98
9 89
10 100
2
drop 3 4402
pick 3 4394
10
1 1
2 42
3 13
4 54
5 109
6 36
7 27
8 110
9 79
10 90
5
drop 5 4391
drop 8 4387
drop 8 4395
pick 5 4405
pick 8 4406
10
1 101
2 52
3 23
4 106
5 85
6 46
7 37
8 98
9 69
10 80
7
drop 1 4392
drop 1 4399
drop 1 4410
drop 4 4403
pick 1 4417
pick 1 4423
pick 4 4414
10
1 1
2 62
3 33
4 54
5 95
6 56
7 104
8 88
9 59
10 70
7
drop 7 4416
pick 7 4353
pick 7 4373
pick 7 4376
pick 7 4412
pick 7 4424
pick 7 4429
10
1 11
2 72
3 43
4 44
5 110
6 66
7 37
8 78
9 49
10 60
1
drop 5 4405
9
1 21
2 108
3 53
4 34
6 76
7 27
8 68
9 39
10 50
6
drop 2 4400
drop 2 4408
drop 2 4409
drop 2 4411
pick 2 4426
pick 5 4437
10
1 31
2 72
3 106
4 24
5 95
6 86
7 17
8 58
9 29
10 40
2
drop 3 4394
pick 3 4428
10
1 41
2 62
3 53
4 14
5 85
6 96
7 7
8 106
9 19
10 30
2
drop 8 4406
pick 8 4436
10
1 51
2 52
3 43
4 4
5 75
6 110
7 101
8 58
9 9
10 20
10
drop 6 4413
drop 7 4353
drop 7 4373
drop 7 4376
drop 7 4412
drop 7 4424
drop 7 4429
pick 7 4418
pick 7 4431
pick 7 4432
10
1 106
2 42
3 33
4 101
5 65
6 96
7 7
8 48
9 101
10 10
8
drop 1 4417
drop 1 4423
drop 4 4414
drop 9 4401
pick 4 4420
pick 4 4438
pick 9 4425
pick 9 4440
10
1 51
2 32
3 23
4 4
5 55
6 86
7 17
8 38
9 9
10 101
4
drop 10 4397
drop 10 4404
pick 10 4430
pick 10 4435
10
1 41
2 22
3 103
4 14
5 45
6 76
7 27
8 28
9 19
10 10
1
drop 3 4428
10
1 105
2 12
3 23
4 24
5 35
6 108
7 37
8 18
9 29
10 20
5
pick 1 4415
pick 1 4419
pick 1 4443
pick 6 4441
pick 6 4447
10
1 41
2 2
3 33
4 34
5 25
6 76
7 47
8 8
9 39
10 30
0
10
1 31
2 101
3 104
4 44
5 15
6 66
7 57
8 101
9 49
10 103
8
drop 2 4426
drop 8 4436
drop 10 4430
drop 10 4435
pick 2 4439
pick 2 4444
pick 3 4389
pick 8 4445
10
1 21
2 2
3 33
4 105
5 5
6 56
7 67
8 8
9 59
10 30
3
drop 4 4420
drop 4 4438
pick 4 4427
10
1 11
2 12
3 43
4 44
5 101
6 46
7 77
8 18
9 69
10 20
2
drop 5 4437
pick 5 4446
10
1 1
2 22
3 53
4 34
5 5
6 36
7 87
8 28
9 107
10 102
7
drop 9 4425
drop 9 4440
pick 9 4422
pick 9 4457
pick 10 4421
pick 10 4434
pick 10 4451
10
1 101
2 32
3 63
4 24
5 15
6 26
7 109
8 38
9 69
10 20
8
drop 1 4415
drop 1 4419
drop 1 4443
drop 7 4418
drop 7 4431
drop 7 4432
pick 1 4449
pick 1 4452
10
1 1
2 42
3 73
4 103
5 25
6 16
7 87
8 48
9 59
10 10
2
drop 4 4427
pick 4 4461
10
1 11
2 52
3 108
4 24
5 103
6 6
7 77
8 105
9 49
10 101
8
drop 3 4389
drop 5 4446
drop 8 4445
drop 10 4421
drop 10 4434
drop 10 4451
pick 3 4454
pick 10 4450
10
1 21
2 62
3 73
4 34
5 25
6 101
7 108
8 48
9 39
10 10
4
drop 6 4441
drop 6 4447
pick 6 4453
pick 7 4442
10
1 31
2 72
3 83
4 44
5 15
6 6
7 77
8 58
9 29
10 20
0
10
1 41
2 82
3 109
4 54
5 102
6 16
7 67
8 106
9 19
10 30
3
drop 3 4454
pick 5 4433
pick 8 4456
10
1 51
2 92
3 83
4 64
5 15
6 102
7 57
8 58
9 9
10 40
1
drop 6 4453
10
1 61
2 110
3 93
4 74
5 25
6 16
7 47
8 48
9 101
10 50
6
drop 2 4439
drop 2 4444
drop 9 4422
drop 9 4457
pick 2 4464
pick 9 4460
10
1 107
2 92
3 110
4 84
5 35
6 6
7 105
8 105
9 9
10 60
11
drop 1 4449
drop 1 4452
drop 7 4442
drop 8 4456
pick 1 4458
pick 3 4448
pick 3 4475
pick 7 4474
pick 7 4476
pick 7 4478
pick 7 4479
10
1 61
2 82
3 93
4 109
5 45
6 101
7 47
8 48
9 19
10 106
4
drop 4 4461
drop 10 4450
pick 6 4455
pick 6 4471
9
1 71
2 109
3 83
5 55
6 6
7 37
8 58
9 29
10 60
1
drop 2 4464
9
1 81
2 82
3 73
5 65
6 16
7 27
8 106
9 39
10 70
2
pick 4 4482
pick 8 4465
10
1 91
2 72
3 63
4 84
5 107
6 26
7 17
8 58
9 104
10 107
6
drop 5 4433
drop 9 4460
pick 5 4481
pick 9 4473
pick 10 4459
pick 10 4483
10
1 110
2 108
3 53
4 74
5 65
6 36
7 7
8 48
9 39
10 70
2
drop 1 4458
pick 2 4463
10
1 91
2 72
3 43
4 64
5 55
6 46
7 101
8 38
9 29
10 60
7
drop 7 4474
drop 7 4476
drop 7 4478
drop 7 4479
pick 7 4462
pick 7 4467
pick 7 4486
10
1 81
2 62
3 33
4 54
5 45
6 56
7 7
8 28
9 19
10 50
0
10
1 109
2 52
3 23
4 44
5 35
6 66
7 17
8 18
9 9
10 40
2
pick 1 4491
pick 1 4492
10
1 81
2 42
3 13
4 34
5 25
6 76
7 27
8 8
9 101
10 30
4
drop 9 4473
pick 9 4468
pick 9 4470
pick 9 4480
10
1 71
2 32
3 3
4 24
5 15
6 108
7 37
8 101
9 9
10 20
6
drop 6 4455
drop 6 4471
drop 8 4465
pick 6 4466
pick 6 4494
pick 8 4469
10
1 61
2 104
3 101
4 14
5 102
6 76
7 47
8 8
9 19
10 10
6
drop 2 4463
drop 3 4448
drop 3 4475
drop 5 4481
pick 3 4472
pick 5 4496
10
1 51
2 32
3 3
4 4
5 15
6 66
7 105
8 18
9 29
10 101
7
drop 7 4462
drop 7 4467
drop 7 4486
drop 10 4459
drop 10 4483
pick 10 4477
pick 10 4488
10
1 41
2 22
3 13
4 101
5 5
6 56
7 47
8 102
9 39
10 10
5
drop 4 4482
drop 8 4469
pick 4 4484
pick 4 4485
pick 8 4500
10
1 31
2 12
3 23
4 4
5 101
6 46
7 57
8 18
9 49
10 20
3
drop 5 4496
pick 5 4490
pick 5 4501
10
1 21
2 102
3 33
4 14
5 5
6 36
7 106
8 8
9 59
10 30
2
pick 2 4487
pick 7 4493
10
1 11
2 12
3 43
4 24
5 15
6 26
7 57
8 101
9 69
10 40
6
drop 8 4500
pick 8 4495
pick 8 4497
pick 8 4507
pick 8 4508
pick 8 4512
10
1 1
2 2
3 53
4 34
5 25
6 16
7 47
8 8
9 79
10 50
0
10
1 101
2 101
3 63
4 44
5 35
6 6
7 37
8 18
9 89
10 60
8
drop 1 4491
drop 1 4492
drop 2 4487
pick 1 4503
pick 1 4504
pick 1 4506
pick 1 4516
pick 2 4509
10
1 1
2 2
3 107
4 54
5 45
6 101
7 27
8 28
9 109
10 106
13
drop 3 4472
drop 6 4466
drop 6 4494
drop 9 4468
drop 9 4470
drop 9 4480
drop 10 4477
drop 10 4488
pick 3 4489
pick 6 4511
pick 6 4515
pick 6 4518
pick 10 4502
10
1 11
2 12
3 63
4 64
5 55
6 6
7 17
8 38
9 89
10 60
0
10
1 21
2 22
3 53
4 74
5 65
6 16
7 7
8 48
9 79
10 70
0
10
1 31
2 103
3 106
4 108
5 75
6 26
7 101
8 58
9 108
10 107
15
drop 2 4509
drop 3 4489
drop 4 4484
drop 4 4485
drop 7 4493
drop 10 4502
pick 2 4521
pick 2 4527
pick 3 4523
pick 4 4499
pick 7 4519
pick 7 4520
pick 9 4498
pick 9 4505
pick 9 4513
9
1 41
2 22
3 53
4 74
5 85
6 36
7 7
8 68
9 79
1
pick 10 4530
10
1 51
2 12
3 43
4 64
5 95
6 46
7 17
8 78
9 69
10 70
0
10
1 106
2 2
3 33
4 54
5 110
6 56
7 27
8 88
9 59
10 60
7
drop 1 4503
drop 1 4504
drop 1 4506
drop 1 4516
drop 5 4490
drop 5 4501
pick 1 4538
10
1 51
2 101
3 23
4 44
5 95
6 66
7 37
8 109
9 49
10 50
10
drop 2 4521
drop 2 4527
drop 8 4495
drop 8 4497
drop 8 4507
drop 8 4508
drop 8 4512
pick 2 4522
pick 2 4542
pick 8 4535
10
1 41
2 2
3 13
4 34
5 85
6 76
7 47
8 88
9 39
10 40
0
10
1 31
2 12
3 3
4 104
5 109
6 86
7 57
8 78
9 29
10 30
4
drop 4 4499
pick 4 4514
pick 4 4543
pick 5 4532
10
1 104
2 22
3 101
4 34
5 85
6 96
7 67
8 68
9 19
10 20
5
drop 1 4538
drop 3 4523
pick 3 4525
pick 3 4531
pick 3 4537
10
1 31
2 32
3 3
4 24
5 75
6 110
7 107
8 58
9 9
10 10
7
drop 6 4511
drop 6 4515
drop 6 4518
drop 7 4519
drop 7 4520
pick 6 4554
pick 7 4552
10
1 21
2 42
3 13
4 14
5 65
6 96
7 67
8 48
9 101
10 101
11
drop 9 4498
drop 9 4505
drop 9 4513
drop 10 4530
pick 9 4526
pick 9 4528
pick 10 4529
pick 10 4536
pick 10 4539
pick 10 4541
pick 10 4548
10
1 103
2 52
3 23
4 4
5 55
6 86
7 57
8 38
9 9
10 10
1
pick 1 4533
10
1 21
2 106
3 33
4 101
5 45
6 109
7 47
8 28
9 19
10 20
8
drop 2 4522
drop 2 4542
drop 4 4514
drop 4 4543
drop 6 4554
pick 4 4534
pick 4 4544
pick 6 4546
10
1 11
2 52
3 43
4 4
5 35
6 86
7 37
8 18
9 29
10 30
0
10
1 1
2 42
3 105
4 14
5 25
6 96
7 27
8 8
9 39
10 40
3
drop 3 4525
drop 3 4531
drop 3 4537
10
1 101
2 105
3 43
4 24
5 15
6 110
7 17
8 101
9 49
10 50
7
drop 1 4533
drop 6 4546
drop 8 4535
pick 1 4550
pick 2 4540
pick 8 4553
pick 8 4556
10
1 1
2 42
3 33
4 34
5 102
6 96
7 7
8 8
9 59
10 60
3
drop 5 4532
pick 5 4510
pick 5 4566
10
1 11
2 32
3 104
4 44
5 15
6 86
7 101
8 18
9 69
10 70
4
drop 7 4552
pick 3 4560
pick 7 4558
pick 7 4559
10
1 21
2 22
3 33
4 54
5 25
6 109
7 7
8 28
9 79
10 80
1
pick 6 4547
10
1 31
2 12
3 23
4 64
5 35
6 86
7 17
8 103
9 108
10 90
7
drop 8 4553
drop 8 4556
drop 9 4526
drop 9 4528
pick 9 4545
pick 9 4561
pick 9 4576
10
1 41
2 2
3 103
4 107
5 45
6 76
7 27
8 28
9 79
10 109
13
drop 3 4560
drop 4 4534
drop 4 4544
drop 10 4529
drop 10 4536
drop 10 4539
drop 10 4541
drop 10 4548
pick 4 4564
pick 10 4555
pick 10 4562
pick 10 4567
pick 10 4569
10
1 105
2 101
3 23
4 64
5 55
6 66
7 37
8 18
9 69
10 90
5
drop 1 4550
drop 2 4540
pick 1 4571
pick 1 4578
pick 2 4563
10
1 41
2 2
3 13
4 54
5 65
6 107
7 47
8 102
9 59
10 80
2
drop 6 4547
pick 8 4517
10
1 31
2 12
3 102
4 44
5 107
6 66
7 57
8 18
9 49
10 70
3
drop 5 4510
drop 5 4566
pick 3 4524
10
1 21
2 22
3 13
4 34
5 65
6 56
7 67
8 28
9 39
10 60
0
10
1 11
2 32
3 23
4 24
5 55
6 106
7 77
8 103
9 29
10 50
3
drop 8 4517
pick 6 4577
pick 8 4585
10
1 1
2 42
3 33
4 14
5 106
6 56
7 87
8 28
9 19
10 40
1
pick 5 4586
10
1 101
2 52
3 104
4 4
5 55
6 46
7 97
8 18
9 9
10 30
6
drop 1 4571
drop 1 4578
drop 3 4524
pick 1 4565
pick 1 4579
pick 3 4572
10
1 1
2 62
3 33
4 101
5 65
6 36
7 110
8 8
9 101
10 20
14
drop 4 4564
drop 7 4558
drop 7 4559
drop 9 4545
drop 9 4561
drop 9 4576
pick 4 4568
pick 4 4574
pick 7 4582
pick 7 4589
pick 7 4590
pick 9 4570
pick 9 4580
pick 9 4583
10
1 11
2 72
3 23
4 4
5 75
6 26
7 97
8 101
9 9
10 10
2
drop 8 4585
pick 8 4573
10
1 21
2 82
3 13
4 14
5 85
6 16
7 87
8 8
9 19
10 101
5
drop 10 4555
drop 10 4562
drop 10 4567
drop 10 4569
pick 10 4587
10
1 31
2 109
3 3
4 24
5 95
6 6
7 77
8 18
9 29
10 10
2
drop 2 4563
pick 2 4575
10
1 104
2 82
3 101
4 34
5 110
6 101
7 67
8 28
9 39
10 20
6
drop 1 4565
drop 1 4579
drop 3 4572
drop 5 4586
drop 6 4577
pick 5 4594
8
1 31
2 72
4 44
5 95
7 57
8 38
9 49
10 30
2
pick 3 4595
pick 6 4596
10
1 41
2 62
3 3
4 54
5 85
6 6
7 47
8 48
9 59
10 40
0
10
1 105
2 107
3 13
4 64
5 75
6 16
7 37
8 105
9 106
10 50
10
drop 2 4575
drop 8 4573
drop 9 4570
drop 9 4580
drop 9 4583
pick 1 4581
pick 1 4591
pick 2 4597
pick 2 4599
pick 9 4601
10
1 41
2 62
3 23
4 74
5 65
6 26
7 27
8 48
9 59
10 60
0
10
1 31
2 52
3 33
4 108
5 55
6 103
7 17
8 58
9 69
10 70
6
drop 4 4568
drop 4 4574
drop 6 4596
pick 4 4593
pick 6 4588
pick 6 4604
10
1 21
2 42
3 43
4 74
5 45
6 26
7 7
8 106
9 107
10 80
2
drop 9 4601
pick 8 4592
10
1 11
2 32
3 53
4 64
5 35
6 16
7 101
8 58
9 69
10 90
5
drop 7 4582
drop 7 4589
drop 7 4590
pick 7 4598
pick 7 4602
10
1 1
2 22
3 63
4 54
5 25
6 6
7 7
8 48
9 59
10 109
2
drop 10 4587
pick 10 4616
10
1 101
2 12
3 73
4 44
5 15
6 101
7 17
8 38
9 106
10 90
8
drop 1 4581
drop 1 4591
drop 6 4588
drop 6 4604
pick 1 4600
pick 1 4610
pick 6 4603
pick 9 4607
10
1 1
2 2
3 83
4 34
5 5
6 6
7 27
8 28
9 59
10 80
0
10
1 11
2 101
3 93
4 24
5 101
6 16
7 37
8 18
9 69
10 70
6
drop 2 4597
drop 2 4599
drop 5 4594
pick 2 4605
pick 2 4622
pick 5 4606
10
1 21
2 2
3 110
4 14
5 5
6 26
7 47
8 102
9 79
10 60
10
drop 3 4595
drop 8 4592
pick 3 4609
pick 3 4614
pick 3 4617
pick 8 4549
pick 8 4551
pick 8 4557
pick 8 4584
pick 8 4611
10
1 103
2 12
3 93
4 4
5 15
6 36
7 105
8 18
9 108
10 50
7
drop 1 4600
drop 1 4610
drop 7 4598
drop 7 4602
drop 9 4607
pick 1 4615
pick 9 4619
10
1 21
2 102
3 83
4 101
5 25
6 104
7 47
8 8
9 79
10 40
6
drop 2 4605
drop 2 4622
drop 4 4593
drop 6 4603
pick 2 4626
pick 4 4608
9
1 31
2 12
3 73
4 4
5 35
7 57
8 101
9 89
10 30
6
drop 8 4549
drop 8 4551
drop 8 4557
drop 8 4584
drop 8 4611
pick 8 4613
9
1 41
2 22
3 63
4 14
5 45
7 106
8 8
9 99
10 20
3
pick 6 4633
pick 7 4612
pick 7 4621
10
1 51
2 32
3 53
4 24
5 55
6 36
7 57
8 18
9 110
10 10
2
drop 9 4619
pick 9 4631
10
1 61
2 42
3 43
4 34
5 65
6 26
7 47
8 28
9 99
10 101
3
drop 10 4616
pick 10 4618
pick 10 4629
10
1 71
2 105
3 33
4 44
5 107
6 16
7 37
8 38
9 89
10 10
2
drop 2 4626
drop 5 4606
10
1 81
2 42
3 23
4 54
5 65
6 6
7 27
8 48
9 79
10 20
0
10
1 109
2 32
3 13
4 106
5 55
6 101
7 17
8 58
9 69
10 30
6
drop 1 4615
drop 4 4608
drop 6 4633
pick 1 4627
pick 6 4620
pick 6 4630
10
1 81
2 104
3 3
4 54
5 106
6 6
7 7
8 68
9 59
10 40
2
pick 2 4638
pick 5 4639
10
1 71
2 32
3 101
4 64
5 55
6 16
7 101
8 78
9 49
10 50
9
drop 3 4609
drop 3 4614
drop 3 4617
drop 7 4612
drop 7 4621
pick 3 4623
pick 7 4624
pick 7 4635
pick 7 4642
10
1 61
2 22
3 3
4 74
5 45
6 26
7 7
8 108
9 39
10 105
3
drop 8 4613
drop 10 4618
drop 10 4629
10
1 51
2 12
3 13
4 108
5 35
6 36
7 17
8 78
9 29
10 50
1
pick 4 4641
10
1 41
2 2
3 23
4 74
5 25
6 46
7 27
8 88
9 19
10 40
0
10
1 31
2 101
3 33
4 64
5 15
6 56
7 103
8 109
9 9
10 104
9
drop 2 4638
drop 7 4624
drop 7 4635
drop 7 4642
pick 2 4628
pick 2 4650
pick 7 4625
pick 8 4645
pick 10 4646
10
1 21
2 2
3 104
4 54
5 5
6 66
7 27
8 88
9 101
10 40
7
drop 3 4623
drop 9 4631
pick 9 4634
pick 9 4643
pick 9 4647
pick 9 4651
pick 9 4652
10
1 11
2 12
3 33
4 44
5 101
6 76
7 17
8 78
9 9
10 30
2
drop 5 4639
pick 5 4644
10
1 1
2 22
3 23
4 34
5 5
6 86
7 7
8 68
9 19
10 20
0
10
1 101
2 32
3 103
4 24
5 15
6 96
7 101
8 58
9 29
10 10
5
drop 1 4627
drop 7 4625
pick 1 4648
pick 3 4655
pick 3 4661
9
1 1
2 42
3 23
4 14
5 25
6 110
8 106
9 39
10 101
9
drop 6 4620
drop 6 4630
drop 8 4645
drop 10 4646
pick 6 4640
pick 6 4657
pick 6 4659
pick 7 4662
pick 8 4654
9
1 11
2 52
3 13
4 102
5 35
6 96
7 7
8 58
9 49
3
drop 4 4641
pick 4 4632
pick 10 4665
10
1 21
2 62
3 3
4 14
5 45
6 86
7 17
8 48
9 59
10 10
0
10
1 103
2 107
3 101
4 4
5 55
6 76
7 102
8 38
9 106
10 20
15
drop 1 4648
drop 2 4628
drop 2 4650
drop 3 4655
drop 3 4661
drop 7 4662
drop 9 4634
drop 9 4643
drop 9 4647
drop 9 4651
drop 9 4652
pick 1 4656
pick 2 4663
pick 3 4667
pick 7 4636
10
1 21
2 62
3 3
4 101
5 65
6 66
7 17
8 28
9 59
10 102
4
drop 4 4632
drop 10 4665
pick 4 4669
pick 10 4637
10
1 11
2 52
3 13
4 4
5 75
6 56
7 27
8 18
9 49
10 20
0
10
1 102
2 42
3 23
4 14
5 108
6 46
7 37
8 8
9 105
10 30
4
drop 1 4656
drop 5 4644
pick 5 4658
pick 9 4660
10
1 11
2 32
3 33
4 24
5 75
6 36
7 104
8 101
9 49
10 40
5
drop 7 4636
drop 8 4654
pick 7 4668
pick 8 4670
pick 8 4674
10
1 21
2 22
3 43
4 34
5 65
6 26
7 37
8 8
9 39
10 50
0
10
1 103
2 12
3 53
4 44
5 55
6 16
7 27
8 18
9 29
10 60
1
pick 1 4664
10
1 21
2 2
3 106
4 54
5 45
6 6
7 17
8 28
9 19
10 70
1
drop 3 4667
9
1 31
2 101
4 64
5 35
6 101
7 7
8 38
9 9
10 80
10
drop 2 4663
drop 6 4640
drop 6 4657
drop 6 4659
pick 2 4672
pick 2 4686
pick 3 4690
pick 6 4675
pick 6 4678
pick 6 4684
10
1 104
2 2
3 53
4 74
5 25
6 6
7 101
8 48
9 101
10 108
7
drop 1 4664
drop 7 4668
drop 9 4660
drop 10 4637
pick 7 4676
pick 9 4677
pick 10 4683
10
1 31
2 12
3 43
4 108
5 15
6 16
7 7
8 58
9 9
10 80
1
drop 4 4669
10
1 41
2 102
3 33
4 74
5 5
6 26
7 17
8 106
9 19
10 70
5
drop 2 4672
drop 2 4686
drop 8 4670
drop 8 4674
pick 2 4685
10
1 105
2 12
3 23
4 84
5 101
6 36
7 27
8 58
9 29
10 60
5
drop 5 4658
pick 1 4680
pick 5 4681
pick 5 4691
pick 5 4693
10
1 41
2 2
3 13
4 109
5 5
6 46
7 37
8 68
9 39
10 50
4
pick 4 4649
pick 4 4653
pick 4 4666
pick 4 4673
10
1 31
2 101
3 3
4 84
5 15
6 56
7 47
8 107
9 104
10 40
4
drop 2 4685
drop 9 4677
pick 2 4692
pick 8 4671
10
1 21
2 2
3 101
4 74
5 25
6 66
7 57
8 68
9 39
10 30
2
drop 3 4690
pick 3 4694
10
1 11
2 12
3 3
4 64
5 35
6 107
7 67
8 78
9 49
10 20
4
drop 6 4675
drop 6 4678
drop 6 4684
pick 6 4689
10
1 102
2 22
3 13
4 54
5 45
6 66
7 77
8 88
9 105
10 10
2
drop 1 4680
pick 9 4682
9
2 32
3 23
4 44
5 55
6 56
7 108
8 109
9 49
10 101
6
drop 7 4676
drop 8 4671
drop 10 4683
pick 1 4705
pick 8 4688
pick 10 4695
10
1 11
2 42
3 33
4 34
5 65
6 46
7 77
8 88
9 59
10 10
0
10
1 1
2 52
3 43
4 24
5 75
6 36
7 87
8 78
9 69
10 20
0
10
1 101
2 62
3 53
4 14
5 85
6 26
7 109
8 68
9 79
10 30
4
drop 1 4705
pick 1 4696
pick 1 4711
pick 7 4679
10
1 1
2 107
3 106
4 4
5 109
6 16
7 87
8 58
9 108
10 40
9
drop 2 4692
drop 3 4694
drop 5 4681
drop 5 4691
drop 5 4693
drop 9 4682
pick 2 4700
pick 3 4712
pick 5 4701
10
1 11
2 62
3 53
4 101
5 85
6 102
7 77
8 48
9 79
10 50
10
drop 4 4649
drop 4 4653
drop 4 4666
drop 4 4673
drop 6 4689
pick 4 4697
pick 4 4704
pick 4 4707
pick 4 4713
pick 6 4710
10
1 21
2 52
3 43
4 4
5 75
6 16
7 67
8 38
9 69
10 60
0
10
1 103
2 42
3 33
4 14
5 108
6 6
7 57
8 28
9 107
10 70
7
drop 1 4696
drop 1 4711
drop 5 4701
pick 1 4698
pick 1 4717
pick 5 4722
pick 9 4703
10
1 21
2 32
3 23
4 24
5 75
6 101
7 47
8 103
9 69
10 80
3
drop 6 4710
drop 8 4688
pick 6 4702
10
1 11
2 22
3 13
4 34
5 65
6 6
7 37
8 28
9 79
10 90
0
10
1 1
2 12
3 3
4 44
5 55
6 16
7 27
8 38
9 89
10 100
0
10
1 101
2 2
3 101
4 105
5 45
6 26
7 17
8 104
9 99
10 110
17
drop 1 4698
drop 1 4717
drop 3 4712
drop 4 4697
drop 4 4704
drop 4 4707
drop 4 4713
drop 10 4695
pick 1 4714
pick 3 4715
pick 3 4724
pick 4 4687
pick 4 4719
pick 8 4721
pick 8 4725
pick 10 4708
pick 10 4709
10
1 1
2 101
3 3
4 44
5 35
6 36
7 102
8 38
9 110
10 100
4
drop 2 4700
drop 7 4679
drop 9 4703
pick 2 4716
10
1 11
2 2
3 13
4 34
5 25
6 104
7 17
8 28
9 99
10 90
2
drop 6 4702
pick 6 4731
10
1 21
2 12
3 23
4 24
5 15
6 36
7 7
8 18
9 89
10 80
0
10
1 31
2 22
3 33
4 14
5 5
6 26
7 101
8 8
9 109
10 70
3
pick 7 4718
pick 7 4720
pick 9 4727
10
1 41
2 32
3 43
4 4
5 101
6 16
7 7
8 101
9 89
10 60
5
drop 5 4722
drop 8 4721
drop 8 4725
pick 5 4723
pick 8 4726
10
1 51
2 42
3 53
4 101
5 5
6 6
7 17
8 8
9 79
10 50
3
drop 4 4687
drop 4 4719
pick 4 4728
10
1 61
2 52
3 106
4 4
5 15
6 101
7 27
8 18
9 69
10 40
6
drop 3 4715
drop 3 4724
drop 6 4731
pick 3 4738
pick 6 4732
pick 6 4739
10
1 107
2 62
3 53
4 14
5 25
6 6
7 103
8 102
9 59
10 30
6
drop 1 4714
drop 7 4718
drop 7 4720
drop 8 4726
pick 1 4729
pick 1 4730
10
1 61
2 72
3 43
4 24
5 35
6 16
7 27
8 18
9 49
10 20
0
10
1 51
2 82
3 33
4 34
5 45
6 26
7 37
8 8
9 39
10 10
0
10
1 41
2 109
3 23
4 44
5 55
6 36
7 104
8 101
9 29
10 101
7
drop 2 4716
drop 10 4708
drop 10 4709
pick 7 4734
pick 8 4733
pick 10 4735
pick 10 4737
10
1 31
2 82
3 13
4 54
5 65
6 46
7 37
8 8
9 19
10 10
0
10
1 21
2 72
3 3
4 64
5 75
6 56
7 27
8 18
9 9
10 20
0
10
1 11
2 108
3 101
4 74
5 85
6 66
7 17
8 28
9 101
10 30
8
drop 3 4738
drop 9 4727
pick 2 4736
pick 2 4747
pick 3 4741
pick 3 4749
pick 9 4753
pick 9 4761
10
1 1
2 72
3 3
4 108
5 95
6 76
7 7
8 38
9 9
10 40
2
drop 4 4728
pick 4 4748
10
1 101
2 62
3 13
4 74
5 110
6 86
7 101
8 48
9 19
10 104
13
drop 1 4729
drop 1 4730
drop 5 4723
drop 7 4734
drop 10 4735
drop 10 4737
pick 1 4755
pick 5 4740
pick 5 4745
pick 5 4758
pick 5 4762
pick 7 4756
pick 10 4744
10
1 1
2 52
3 23
4 64
5 95
6 109
7 7
8 58
9 29
10 40
2
drop 6 4732
drop 6 4739
10
1 11
2 42
3 103
4 107
5 85
6 86
7 17
8 68
9 39
10 50
4
drop 3 4741
drop 3 4749
drop 4 4748
pick 3 4751
9
1 102
2 32
3 23
5 75
6 76
7 27
8 107
9 49
10 60
4
drop 1 4755
drop 8 4733
pick 1 4772
pick 4 4767
10
1 11
2 22
3 13
4 64
5 65
6 108
7 37
8 68
9 59
10 106
4
drop 10 4744
pick 6 4750
pick 10 4752
pick 10 4754
10
1 21
2 12
3 3
4 54
5 55
6 76
7 47
8 58
9 69
10 60
0
10
1 31
2 2
3 101
4 44
5 45
6 86
7 57
8 106
9 79
10 50
4
drop 3 4751
pick 3 4763
pick 3 4776
pick 8 4742
10
1 41
2 101
3 3
4 34
5 35
6 96
7 67
8 58
9 108
10 40
5
drop 2 4736
drop 2 4747
drop 9 4753
drop 9 4761
pick 2 4764
10
1 105
2 2
3 13
4 104
5 25
6 110
7 107
8 48
9 79
10 30
9
drop 1 4772
drop 4 4767
drop 6 4750
drop 7 4756
pick 1 4699
pick 4 4759
pick 4 4760
pick 4 4768
pick 6 4769
10
1 41
2 12
3 23
4 34
5 15
6 96
7 67
8 38
9 89
10 20
0
10
1 51
2 22
3 33
4 24
5 5
6 86
7 77
8 28
9 109
10 10
1
pick 9 4786
10
1 61
2 32
3 43
4 14
5 101
6 109
7 108
8 18
9 89
10 101
12
drop 5 4740
drop 5 4745
drop 5 4758
drop 5 4762
drop 6 4769
drop 10 4752
drop 10 4754
pick 5 4765
pick 5 4778
pick 6 4790
pick 7 4788
pick 10 4766
10
1 71
2 42
3 53
4 4
5 5
6 86
7 77
8 8
9 79
10 10
0
10
1 81
2 52
3 63
4 101
5 15
6 76
7 67
8 101
9 69
10 20
10
drop 4 4759
drop 4 4760
drop 4 4768
drop 8 4742
pick 4 4770
pick 8 4777
pick 8 4780
pick 8 4783
pick 8 4787
pick 8 4789
10
1 91
2 62
3 73
4 4
5 25
6 66
7 57
8 8
9 59
10 102
2
drop 10 4766
pick 10 4791
10
1 110
2 72
3 108
4 14
5 35
6 56
7 47
8 18
9 49
10 20
5
drop 1 4699
drop 3 4763
drop 3 4776
pick 1 4771
pick 1 4775
10
1 91
2 82
3 73
4 24
5 45
6 46
7 37
8 28
9 39
10 10
0
10
1 81
2 92
3 83
4 34
5 55
6 36
7 27
8 103
9 29
10 101
10
drop 8 4777
drop 8 4780
drop 8 4783
drop 8 4787
drop 8 4789
drop 10 4791
pick 8 4781
pick 8 4797
pick 10 4779
pick 10 4785
10
1 71
2 110
3 109
4 44
5 65
6 26
7 17
8 28
9 19
10 10
3
drop 2 4764
pick 2 4773
pick 3 4800
10
1 61
2 92
3 83
4 54
5 107
6 16
7 7
8 18
9 9
10 20
2
drop 5 4765
drop 5 4778
9
1 51
2 82
3 73
4 106
6 6
7 101
8 8
9 101
10 30
7
drop 4 4770
drop 7 4788
drop 9 4786
pick 5 4802
pick 7 4784
pick 7 4799
pick 9 4792
10
1 41
2 72
3 63
4 54
5 65
6 101
7 7
8 101
9 9
10 40
7
drop 6 4790
drop 8 4781
drop 8 4797
pick 6 4793
pick 6 4795
pick 8 4794
pick 8 4798
10
1 31
2 62
3 53
4 44
5 55
6 6
7 17
8 8
9 19
10 50
0
10
1 21
2 52
3 43
4 105
5 45
6 16
7 27
8 18
9 29
10 60
1
pick 4 4706
10
1 11
2 42
3 33
4 44
5 35
6 102
7 37
8 28
9 39
10 70
3
drop 6 4793
drop 6 4795
pick 6 4805
10
1 1
2 32
3 23
4 54
5 25
6 16
7 47
8 38
9 104
10 80
2
drop 9 4792
pick 9 4774
10
1 101
2 104
3 13
4 64
5 15
6 26
7 105
8 48
9 39
10 90
11
drop 1 4771
drop 1 4775
drop 2 4773
drop 7 4784
drop 7 4799
pick 1 4796
pick 2 4807
pick 7 4743
pick 7 4746
pick 7 4757
pick 7 4782
10
1 1
2 32
3 3
4 74
5 5
6 36
7 47
8 58
9 29
10 109
3
drop 10 4779
drop 10 4785
pick 10 4806
10
1 11
2 22
3 101
4 108
5 101
6 46
7 37
8 68
9 19
10 90
8
drop 3 4800
drop 4 4706
drop 5 4802
pick 3 4803
pick 3 4808
pick 3 4814
pick 4 4801
pick 5 4809
10
1 21
2 12
3 3
4 74
5 5
6 56
7 27
8 78
9 102
10 80
2
drop 9 4774
pick 9 4812
10
1 31
2 2
3 13
4 64
5 15
6 66
7 17
8 88
9 19
10 70
0
10
1 41
2 101
3 23
4 54
5 25
6 76
7 7
8 98
9 9
10 60
3
drop 2 4807
pick 2 4810
pick 2 4818
10
1 51
2 2
3 33
4 44
5 35
6 86
7 101
8 110
9 101
10 50
11
drop 7 4743
drop 7 4746
drop 7 4757
drop 7 4782
drop 8 4794
drop 8 4798
drop 9 4812
pick 7 4811
pick 7 4813
pick 8 4823
pick 9 4816
10
1 61
2 12
3 43
4 34
5 45
6 109
7 7
8 98
9 9
10 40
1
drop 6 4805
10
1 107
2 22
3 105
4 24
5 55
6 86
7 17
8 88
9 19
10 30
8
drop 1 4796
drop 3 4803
drop 3 4808
drop 3 4814
pick 1 4804
pick 3 4819
pick 3 4822
pick 3 4827
10
1 61
2 32
3 43
4 14
5 65
6 76
7 27
8 78
9 102
10 20
2
drop 9 4816
pick 9 4826
10
1 51
2 42
3 33
4 4
5 75
6 108
7 37
8 68
9 19
10 10
1
pick 6 4817
10
1 41
2 52
3 23
4 101
5 85
6 76
7 47
8 58
9 29
10 101
6
drop 4 4801
drop 10 4806
pick 4 4820
pick 10 4825
pick 10 4829
pick 10 4833
10
1 31
2 62
3 13
4 4
5 109
6 66
7 57
8 48
9 39
10 10
1
drop 5 4809
9
1 21
2 72
3 3
4 14
6 56
7 67
8 38
9 49
10 20
1
pick 5 4842
10
1 11
2 82
3 101
4 24
5 85
6 46
7 77
8 28
9 105
10 30
6
drop 3 4819
drop 3 4822
drop 3 4827
drop 9 4826
pick 3 4832
pick 9 4837
10
1 1
2 92
3 3
4 34
5 75
6 36
7 108
8 18
9 49
10 40
3
drop 7 4811
drop 7 4813
pick 7 4843
10
1 101
2 110
3 13
4 44
5 65
6 26
7 77
8 8
9 39
10 104
14
drop 1 4804
drop 2 4810
drop 2 4818
drop 10 4825
drop 10 4829
drop 10 4833
pick 1 4834
pick 2 4830
pick 2 4836
pick 2 4851
pick 10 4815
pick 10 4824
pick 10 4828
pick 10 4853
10
1 1
2 92
3 102
4 54
5 55
6 103
7 87
8 101
9 29
10 40
8
drop 3 4832
drop 6 4817
drop 8 4823
pick 3 4841
pick 3 4846
pick 6 4835
pick 6 4844
pick 8 4838
10
1 11
2 82
3 13
4 64
5 45
6 26
7 109
8 8
9 19
10 30
4
drop 7 4843
pick 7 4849
pick 7 4850
pick 7 4852
10
1 21
2 72
3 3
4 74
5 105
6 16
7 87
8 18
9 9
10 20
2
drop 5 4842
pick 5 4847
10
1 31
2 62
3 101
4 84
5 45
6 6
7 77
8 28
9 101
10 10
6
drop 3 4841
drop 3 4846
drop 9 4837
pick 3 4839
pick 3 4845
pick 9 4840
10
1 41
2 52
3 3
4 109
5 35
6 101
7 67
8 38
9 9
10 101
10
drop 4 4820
drop 6 4835
drop 6 4844
drop 10 4815
drop 10 4824
drop 10 4828
drop 10 4853
pick 6 4855
pick 6 4862
pick 10 4856
10
1 51
2 42
3 13
4 84
5 25
6 6
7 57
8 48
9 19
10 10
0
10
1 61
2 32
3 23
4 74
5 15
6 16
7 47
8 58
9 29
10 20
0
10
1 107
2 22
3 33
4 108
5 5
6 26
7 37
8 68
9 103
10 30
8
drop 1 4834
drop 9 4840
pick 1 4860
pick 4 4848
pick 4 4857
pick 9 4858
pick 9 4859
pick 9 4866
10
1 61
2 12
3 43
4 74
5 101
6 36
7 27
8 78
9 29
10 40
2
drop 5 4847
pick 5 4864
10
1 51
2 2
3 53
4 64
5 5
6 46
7 17
8 88
9 19
10 50
0
10
1 41
2 101
3 106
4 54
5 15
6 56
7 7
8 98
9 9
10 105
8
drop 2 4830
drop 2 4836
drop 2 4851
drop 3 4839
drop 3 4845
drop 10 4856
pick 2 4871
pick 3 4821
10
1 31
2 2
3 53
4 44
5 25
6 66
7 101
8 110
9 101
10 50
11
drop 7 4849
drop 7 4850
drop 7 4852
drop 8 4838
drop 9 4858
drop 9 4859
drop 9 4866
pick 7 4873
pick 7 4875
pick 8 4869
pick 9 4874
10
1 21
2 12
3 43
4 34
5 35
6 76
7 7
8 98
9 9
10 60
0
10
1 11
2 22
3 33
4 24
5 45
6 86
7 17
8 88
9 19
10 106
1
pick 10 4831
10
1 1
2 32
3 23
4 14
5 55
6 109
7 27
8 78
9 29
10 60
2
drop 6 4855
drop 6 4862
10
1 101
2 104
3 13
4 4
5 65
6 86
7 37
8 68
9 39
10 70
4
drop 1 4860
drop 2 4871
pick 1 4878
pick 2 4854
10
1 1
2 32
3 3
4 101
5 75
6 76
7 47
8 58
9 49
10 80
4
drop 4 4848
drop 4 4857
pick 4 4879
pick 4 4880
10
1 11
2 22
3 101
4 4
5 85
6 108
7 105
8 48
9 59
10 108
8
drop 3 4821
drop 7 4873
drop 7 4875
drop 10 4831
pick 3 4881
pick 6 4861
pick 7 4888
pick 10 4876
10
1 21
2 103
3 3
4 14
5 109
6 76
7 47
8 38
9 69
10 80
3
drop 2 4854
drop 5 4864
pick 2 4868
10
1 31
2 22
3 13
4 24
5 85
6 66
7 37
8 28
9 79
10 70
0
10
1 41
2 12
3 23
4 34
5 75
6 56
7 27
8 18
9 89
10 107
1
drop 10 4876
10
1 51
2 102
3 33
4 44
5 108
6 46
7 17
8 8
9 99
10 70
4
drop 2 4868
pick 2 4865
pick 2 4882
pick 5 4891
10
1 61
2 12
3 43
4 54
5 75
6 36
7 7
8 101
9 110
10 60
4
drop 8 4869
drop 9 4874
pick 8 4883
pick 8 4889
10
1 71
2 22
3 105
4 64
5 65
6 26
7 101
8 8
9 99
10 106
8
drop 3 4881
drop 7 4888
pick 3 4897
pick 3 4898
pick 7 4885
pick 7 4896
pick 10 4890
pick 10 4899
10
1 108
2 32
3 43
4 107
5 55
6 16
7 7
8 18
9 89
10 60
3
drop 1 4878
drop 4 4879
drop 4 4880
9
2 42
3 33
4 64
5 45
6 102
7 17
8 28
9 79
10 50
5
drop 6 4861
pick 6 4877
pick 6 4886
pick 6 4895
pick 6 4902
9
2 52
3 23
4 54
5 35
6 16
7 27
8 38
9 108
10 40
1
pick 9 4903
9
2 62
3 13
4 44
5 25
6 6
7 37
8 48
9 79
10 30
1
pick 1 4904
10
1 71
2 72
3 3
4 105
5 15
6 101
7 104
8 58
9 69
10 20
13
drop 6 4877
drop 6 4886
drop 6 4895
drop 6 4902
drop 7 4885
drop 7 4896
pick 4 4905
pick 4 4906
pick 6 4887
pick 7 4863
pick 7 4867
pick 7 4872
pick 7 4884
10
1 61
2 82
3 101
4 44
5 5
6 6
7 37
8 68
9 59
10 10
3
drop 3 4897
drop 3 4898
pick 3 4892
10
1 51
2 109
3 3
4 34
5 101
6 16
7 27
8 78
9 49
10 101
9
drop 2 4865
drop 2 4882
drop 5 4891
drop 10 4890
drop 10 4899
pick 2 4907
pick 2 4909
pick 5 4893
pick 10 4894
10
1 41
2 82
3 13
4 24
5 5
6 26
7 17
8 88
9 39
10 10
0
10
1 31
2 72
3 23
4 14
5 15
6 36
7 7
8 98
9 29
10 20
0
10
1 21
2 62
3 33
4 4
5 25
6 46
7 101
8 110
9 19
10 30
10
drop 7 4863
drop 7 4867
drop 7 4872
drop 7 4884
drop 8 4883
drop 8 4889
pick 7 4900
pick 7 4910
pick 7 4912
pick 8 4913
10
1 11
2 52
3 43
4 101
5 103
6 56
7 7
8 98
9 9
10 40
5
drop 4 4905
drop 4 4906
drop 5 4893
pick 4 4901
pick 5 4915
10
1 1
2 42
3 53
4 4
5 25
6 106
7 17
8 88
9 101
10 50
4
drop 6 4887
drop 9 4903
pick 9 4916
pick 9 4919
10
1 101
2 32
3 63
4 14
5 15
6 56
7 102
8 78
9 9
10 60
6
drop 1 4904
drop 7 4900
drop 7 4910
drop 7 4912
pick 1 4921
pick 7 4917
10
1 1
2 22
3 73
4 24
5 5
6 66
7 17
8 68
9 19
10 70
0
10
1 11
2 12
3 83
4 34
5 101
6 107
7 27
8 58
9 29
10 80
5
drop 5 4915
pick 5 4923
pick 6 4911
pick 6 4922
pick 6 4928
10
1 21
2 2
3 109
4 44
5 5
6 66
7 37
8 48
9 39
10 108
5
drop 3 4892
drop 10 4894
pick 3 4927
pick 10 4929
pick 10 4931
10
1 31
2 101
3 83
4 54
5 15
6 56
7 47
8 38
9 49
10 80
3
drop 2 4907
drop 2 4909
pick 2 4925
10
1 41
2 2
3 73
4 64
5 25
6 46
7 105
8 28
9 59
10 70
4
drop 7 4917
pick 7 4920
pick 7 4932
pick 7 4934
10
1 51
2 12
3 63
4 74
5 35
6 36
7 47
8 18
9 106
10 60
2
drop 9 4916
drop 9 4919
9
1 61
2 22
3 53
4 84
5 45
6 26
7 37
8 8
10 50
0
9
1 107
2 103
3 43
4 94
5 55
6 16
7 27
8 101
10 40
11
drop 1 4921
drop 2 4925
drop 8 4913
pick 1 4918
pick 2 4926
pick 2 4942
pick 2 4947
pick 8 4930
pick 8 4945
pick 8 4954
pick 9 4953
10
1 61
2 22
3 33
4 110
5 65
6 6
7 17
8 8
9 59
10 30
2
drop 4 4901
pick 4 4924
10
1 51
2 12
3 23
4 94
5 75
6 101
7 7
8 18
9 49
10 20
6
drop 6 4911
drop 6 4922
drop 6 4928
pick 6 4935
pick 6 4941
pick 6 4956
10
1 106
2 2
3 13
4 84
5 85
6 6
7 101
8 28
9 39
10 10
8
drop 1 4918
drop 7 4920
drop 7 4932
drop 7 4934
pick 1 4958
pick 7 4943
pick 7 4949
pick 7 4955
10
1 51
2 101
3 3
4 74
5 109
6 16
7 7
8 38
9 29
10 101
12
drop 2 4926
drop 2 4942
drop 2 4947
drop 5 4923
drop 10 4929
drop 10 4931
pick 2 4944
pick 2 4948
pick 5 4936
pick 5 4937
pick 5 4938
pick 10 4946
10
1 41
2 2
3 101
4 64
5 85
6 26
7 17
8 48
9 19
10 10
2
drop 3 4927
pick 3 4959
10
1 31
2 12
3 3
4 54
5 75
6 36
7 27
8 58
9 9
10 20
0
10
1 21
2 22
3 13
4 44
5 65
6 104
7 37
8 68
9 101
10 30
6
drop 6 4935
drop 6 4941
drop 6 4956
drop 9 4953
pick 6 4870
pick 9 4961
10
1 11
2 32
3 23
4 34
5 55
6 36
7 47
8 107
9 9
10 40
4
drop 8 4930
drop 8 4945
drop 8 4954
pick 8 4965
10
1 1
2 42
3 33
4 24
5 45
6 46
7 57
8 68
9 19
10 50
0
10
1 101
2 52
3 104
4 14
5 35
6 56
7 67
8 58
9 29
10 60
6
drop 1 4958
drop 3 4959
pick 1 4962
pick 1 4966
pick 1 4974
pick 3 4908
10
1 1
2 106
3 33
4 4
5 25
6 66
7 77
8 48
9 39
10 70
3
drop 2 4944
drop 2 4948
pick 2 4972
10
1 11
2 52
3 43
4 101
5 15
6 76
7 108
8 38
9 49
10 80
6
drop 4 4924
drop 7 4943
drop 7 4949
drop 7 4955
pick 4 4964
pick 7 4960
10
1 21
2 42
3 53
4 4
5 5
6 108
7 77
8 28
9 59
10 90
1
drop 6 4870
10
1 31
2 32
3 63
4 14
5 101
6 76
7 67
8 18
9 69
10 100
5
drop 5 4936
drop 5 4937
drop 5 4938
pick 5 4968
pick 5 4978
10
1 41
2 22
3 73
4 24
5 5
6 86
7 57
8 8
9 79
10 110
2
drop 10 4946
pick 10 4973
10
1 51
2 12
3 83
4 34
5 15
6 109
7 47
8 101
9 108
10 100
5
drop 8 4965
drop 9 4961
pick 6 4975
pick 8 4969
pick 8 4979
10
1 106
2 2
3 93
4 44
5 25
6 86
7 37
8 8
9 79
10 90
4
drop 1 4962
drop 1 4966
drop 1 4974
pick 1 4982
10
1 51
2 101
3 110
4 54
5 103
6 76
7 27
8 18
9 69
10 80
9
drop 2 4972
drop 3 4908
drop 5 4968
drop 5 4978
pick 2 4983
pick 3 4992
pick 5 4971
pick 5 4984
pick 5 4985
10
1 41
2 2
3 93
4 64
5 25
6 66
7 17
8 28
9 107
10 70
1
pick 9 4977
10
1 31
2 12
3 83
4 107
5 15
6 56
7 7
8 38
9 69
10 60
5
drop 4 4964
pick 4 4980
pick 4 4990
pick 4 4991
pick 4 4994
10
1 21
2 22
3 73
4 64
5 5
6 46
7 101
8 104
9 59
10 106
11
drop 7 4960
drop 8 4969
drop 8 4979
drop 10 4973
pick 7 4986
pick 7 4989
pick 7 4996
pick 7 5003
pick 7 5004
pick 8 4914
pick 10 4987
10
1 11
2 32
3 63
4 54
5 101
6 36
7 7
8 38
9 49
10 60
4
drop 5 4971
drop 5 4984
drop 5 4985
pick 5 4993
10
1 1
2 42
3 53
4 44
5 5
6 26
7 17
8 48
9 39
10 50
0
10
1 101
2 105
3 43
4 34
5 15
6 16
7 27
8 58
9 104
10 105
11
drop 1 4982
drop 2 4983
drop 9 4977
drop 10 4987
pick 1 4998
pick 2 4957
pick 2 5008
pick 9 4939
pick 9 4950
pick 9 4951
pick 9 4999
10
1 1
2 42
3 33
4 24
5 25
6 6
7 37
8 68
9 39
10 50
0
10
1 11
2 32
3 23
4 14
5 35
6 101
7 47
8 78
9 29
10 40
3
drop 6 4975
pick 6 5002
pick 6 5011
10
1 21
2 22
3 13
4 4
5 45
6 6
7 57
8 88
9 19
10 104
2
pick 10 4940
pick 10 4952
10
1 31
2 12
3 3
4 101
5 55
6 16
7 106
8 109
9 9
10 40
14
drop 4 4980
drop 4 4990
drop 4 4991
drop 4 4994
drop 7 4986
drop 7 4989
drop 7 4996
drop 7 5003
drop 7 5004
drop 8 4914
pick 4 5005
pick 7 4997
pick 7 5020
pick 8 5016
10
1 41
2 2
3 101
4 4
5 65
6 102
7 57
8 88
9 101
10 30
15
drop 3 4992
drop 6 5002
drop 6 5011
drop 9 4939
drop 9 4950
drop 9 4951
drop 9 4999
pick 3 5015
pick 6 4933
pick 6 4963
pick 6 4967
pick 6 4981
pick 6 4988
pick 6 4995
pick 6 5021
10
1 51
2 101
3 3
4 14
5 75
6 16
7 47
8 78
9 9
10 103
5
drop 2 4957
drop 2 5008
drop 10 4940
drop 10 4952
pick 10 5001
9
1 61
3 13
4 24
5 108
6 6
7 37
8 68
9 19
10 30
1
drop 5 4993
9
1 71
3 23
4 34
5 75
6 101
7 27
8 58
9 102
10 40
10
drop 6 4933
drop 6 4963
drop 6 4967
drop 6 4981
drop 6 4988
drop 6 4995
drop 6 5021
pick 2 5026
pick 6 5028
pick 9 4970
10
1 81
2 2
3 33
4 44
5 65
6 6
7 17
8 48
9 19
10 50
0
10
1 109
2 12
3 43
4 54
5 107
6 16
7 7
8 38
9 29
10 60
5
drop 1 4998
pick 5 5007
pick 5 5009
pick 5 5014
pick 5 5025
10
1 81
2 102
3 53
4 64
5 65
6 26
7 101
8 28
9 39
10 70
5
drop 2 5026
drop 7 4997
drop 7 5020
pick 2 4976
pick 7 5029
10
1 91
2 12
3 63
4 107
5 55
6 36
7 7
8 18
9 49
10 80
2
drop 4 5005
pick 4 5035
10
1 110
2 22
3 73
4 64
5 45
6 46
7 17
8 8
9 105
10 90
2
drop 9 4970
pick 1 5000
9
1 91
2 32
3 108
4 54
5 35
6 56
7 27
8 101
10 109
5
drop 3 5015
drop 8 5016
drop 10 5001
pick 8 5030
pick 10 5042
8
1 81
2 42
4 44
5 25
6 66
7 37
8 8
10 90
2
pick 3 5045
pick 9 5046
10
1 71
2 52
3 73
4 34
5 15
6 76
7 47
8 18
9 49
10 80
0
10
1 108
2 62
3 63
4 24
5 5
6 108
7 57
8 28
9 39
10 70
2
drop 1 5000
drop 6 5028
10
1 71
2 72
3 53
4 14
5 101
6 76
7 67
8 38
9 29
10 60
6
drop 5 5007
drop 5 5009
drop 5 5014
drop 5 5025
pick 5 5032
pick 5 5047
10
1 61
2 108
3 106
4 4
5 5
6 86
7 77
8 104
9 19
10 50
4
drop 2 4976
drop 3 5045
drop 8 5030
pick 8 5012
9
1 107
3 53
4 101
5 15
6 96
7 108
8 38
9 9
10 40
6
drop 4 5035
drop 7 5029
pick 1 5051
pick 4 5037
pick 4 5041
pick 4 5052
9
1 61
3 43
4 4
5 25
6 110
7 77
8 48
9 101
10 104
10
drop 9 5046
drop 10 5042
pick 2 5057
pick 6 5006
pick 6 5027
pick 9 5038
pick 9 5048
pick 10 5013
pick 10 5017
pick 10 5031
10
1 51
2 72
3 105
4 14
5 35
6 96
7 87
8 58
9 9
10 40
2
pick 3 5050
pick 3 5056
10
1 41
2 62
3 43
4 102
5 45
6 86
7 97
8 68
9 19
10 30
5
drop 4 5037
drop 4 5041
drop 4 5052
pick 4 5024
pick 4 5039
10
1 31
2 52
3 33
4 14
5 55
6 76
7 110
8 78
9 29
10 20
1
pick 7 5022
10
1 21
2 42
3 23
4 4
5 65
6 66
7 97
8 88
9 39
10 10
0
10
1 11
2 32
3 13
4 101
5 75
6 56
7 87
8 98
9 49
10 101
8
drop 4 5024
drop 4 5039
drop 10 5013
drop 10 5017
drop 10 5031
pick 4 5040
pick 4 5063
pick 10 5053
10
1 1
2 22
3 3
4 4
5 85
6 46
7 77
8 110
9 59
10 10
2
drop 8 5012
pick 8 5023
10
1 101
2 12
3 101
4 14
5 109
6 36
7 67
8 98
9 69
10 20
12
drop 1 5051
drop 3 5050
drop 3 5056
drop 5 5032
drop 5 5047
pick 1 5055
pick 1 5064
pick 1 5068
pick 3 5059
pick 3 5062
pick 3 5067
pick 5 5071
10
1 1
2 2
3 3
4 24
5 85
6 26
7 57
8 88
9 79
10 30
0
10
1 11
2 101
3 13
4 103
5 75
6 16
7 47
8 109
9 89
10 40
14
drop 2 5057
drop 4 5040
drop 4 5063
drop 8 5023
pick 2 5060
pick 2 5072
pick 4 5010
pick 4 5018
pick 4 5033
pick 4 5034
pick 4 5043
pick 4 5049
pick 4 5054
pick 8 5073
10
1 21
2 2
3 23
4 24
5 65
6 6
7 37
8 88
9 99
10 104
2
drop 10 5053
pick 10 5019
10
1 31
2 12
3 33
4 14
5 55
6 101
7 104
8 78
9 110
10 40
7
drop 6 5006
drop 6 5027
drop 7 5022
drop 9 5038
drop 9 5048
pick 6 5061
pick 7 5075
10
1 41
2 22
3 43
4 4
5 45
6 6
7 37
8 68
9 99
10 50
0
10
1 51
2 32
3 105
4 101
5 35
6 16
7 27
8 58
9 89
10 60
14
drop 3 5059
drop 3 5062
drop 3 5067
drop 4 5010
drop 4 5018
drop 4 5033
drop 4 5034
drop 4 5043
drop 4 5049
drop 4 5054
pick 3 5076
pick 4 5074
pick 4 5081
pick 4 5082
10
1 106
2 42
3 43
4 4
5 25
6 26
7 17
8 48
9 79
10 106
6
drop 1 5055
drop 1 5064
drop 1 5068
drop 10 5019
pick 1 5066
pick 1 5069
10
1 51
2 52
3 33
4 14
5 15
6 36
7 102
8 38
9 69
10 60
2
drop 7 5075
pick 7 5044
10
1 41
2 62
3 23
4 24
5 5
6 46
7 17
8 28
9 107
10 70
1
pick 9 5065
10
1 31
2 72
3 13
4 34
5 101
6 56
7 27
8 18
9 69
10 107
3
drop 5 5071
pick 5 5077
pick 10 5070
10
1 21
2 108
3 3
4 44
5 5
6 66
7 37
8 8
9 79
10 70
2
drop 2 5060
drop 2 5072
10
1 11
2 72
3 101
4 54
5 15
6 76
7 47
8 101
9 89
10 60
6
drop 3 5076
drop 8 5073
pick 3 5078
pick 3 5095
pick 3 5097
pick 8 5079
10
1 1
2 62
3 3
4 64
5 25
6 86
7 105
8 8
9 109
10 50
3
drop 7 5044
drop 9 5065
pick 7 5080
9
1 101
2 107
3 13
4 107
5 35
6 109
7 47
8 18
10 40
9
drop 1 5066
drop 1 5069
drop 4 5074
drop 4 5081
drop 4 5082
drop 6 5061
pick 1 5084
pick 2 5088
pick 9 5101
10
1 1
2 62
3 102
4 64
5 104
6 86
7 37
8 28
9 89
10 104
8
drop 3 5078
drop 3 5095
drop 3 5097
drop 5 5077
drop 10 5070
pick 3 5098
pick 5 5083
pick 10 5087
10
1 11
2 72
3 13
4 54
5 35
6 96
7 104
8 38
9 79
10 40
1
drop 7 5080
10
1 21
2 82
3 3
4 106
5 45
6 110
7 37
8 48
9 69
10 30
2
pick 4 5089
pick 6 5093
10
1 31
2 92
3 101
4 54
5 55
6 96
7 27
8 58
9 59
10 20
3
drop 3 5098
pick 3 5085
pick 3 5090
10
1 41
2 110
3 3
4 64
5 65
6 86
7 103
8 106
9 49
10 10
5
drop 2 5088
drop 8 5079
pick 2 5100
pick 7 5036
pick 8 5092
10
1 51
2 92
3 13
4 74
5 107
6 76
7 27
8 58
9 39
10 101
3
drop 5 5083
drop 10 5087
pick 10 5091
10
1 61
2 82
3 23
4 108
5 65
6 66
7 37
8 48
9 29
10 10
1
drop 4 5089
10
1 71
2 72
3 33
4 74
5 75
6 56
7 47
8 38
9 19
10 20
0
10
1 81
2 108
3 43
4 84
5 108
6 106
7 57
8 28
9 9
10 30
4
drop 2 5100
drop 6 5093
pick 5 5109
pick 6 5112
10
1 91
2 72
3 105
4 109
5 75
6 56
7 67
8 18
9 101
10 40
8
drop 3 5085
drop 3 5090
drop 9 5101
pick 3 5086
pick 3 5099
pick 3 5117
pick 4 5105
pick 9 5096
10
1 110
2 62
3 43
4 84
5 65
6 46
7 77
8 8
9 9
10 50
2
drop 1 5084
pick 1 5115
10
1 91
2 107
3 33
4 74
5 55
6 36
7 87
8 101
9 19
10 60
3
drop 8 5092
pick 2 5118
pick 8 5103
10
1 81
2 62
3 23
4 64
5 45
6 26
7 97
8 8
9 29
10 70
0
10
1 71
2 72
3 13
4 54
5 35
6 16
7 110
8 18
9 39
10 80
1
drop 7 5036
9
1 61
2 82
3 3
4 44
5 25
6 6
8 28
9 104
10 90
3
drop 9 5096
pick 7 5128
pick 9 5122
10
1 51
2 92
3 101
4 34
5 15
6 101
7 97
8 38
9 39
10 109
8
drop 3 5086
drop 3 5099
drop 3 5117
drop 6 5112
drop 10 5091
pick 3 5104
pick 6 5107
pick 6 5124
10
1 41
2 110
3 3
4 24
5 5
6 6
7 87
8 48
9 29
10 90
1
drop 2 5118
10
1 31
2 92
3 13
4 14
5 101
6 16
7 77
8 58
9 19
10 80
4
drop 5 5109
pick 5 5110
pick 5 5127
pick 5 5130
10
1 21
2 82
3 23
4 4
5 5
6 26
7 67
8 68
9 9
10 70
0
10
1 11
2 72
3 103
4 101
5 15
6 36
7 57
8 107
9 101
10 107
10
drop 3 5104
drop 4 5105
drop 8 5103
drop 9 5122
pick 3 5058
pick 3 5132
pick 4 5111
pick 9 5113
pick 9 5121
pick 10 5125
10
1 1
2 62
3 23
4 4
5 25
6 46
7 47
8 68
9 9
10 70
0
10
1 101
2 107
3 33
4 14
5 35
6 56
7 37
8 58
9 19
10 60
3
drop 1 5115
pick 1 5120
pick 2 5139
10
1 1
2 62
3 43
4 24
5 45
6 66
7 27
8 106
9 29
10 50
1
pick 8 5126
10
1 11
2 52
3 53
4 34
5 55
6 76
7 17
8 58
9 39
10 40
0
10
1 21
2 42
3 106
4 44
5 65
6 108
7 102
8 48
9 49
10 30
11
drop 3 5058
drop 3 5132
drop 6 5107
drop 6 5124
drop 7 5128
pick 7 5102
pick 7 5108
pick 7 5134
pick 7 5140
pick 7 5143
pick 7 5144
10
1 31
2 32
3 53
4 105
5 75
6 76
7 17
8 38
9 59
10 20
1
drop 4 5111
10
1 41
2 22
3 63
4 44
5 85
6 86
7 7
8 104
9 69
10 10
1
drop 8 5126
10
1 51
2 12
3 107
4 34
5 95
6 109
7 101
8 38
9 79
10 101
12
drop 7 5102
drop 7 5108
drop 7 5134
drop 7 5140
drop 7 5143
drop 7 5144
drop 10 5125
pick 3 5146
pick 6 5148
pick 7 5133
pick 10 5135
pick 10 5147
10
1 106
2 2
3 63
4 104
5 110
6 86
7 7
8 28
9 89
10 10
5
drop 1 5120
drop 5 5110
drop 5 5127
drop 5 5130
pick 4 5129
9
2 101
3 53
4 34
5 95
6 76
7 17
8 103
9 109
10 20
12
drop 2 5139
drop 9 5113
drop 9 5121
pick 2 5136
pick 2 5145
pick 8 5094
pick 8 5114
pick 8 5116
pick 8 5119
pick 8 5123
pick 8 5131
pick 8 5154
9
2 2
3 43
4 24
5 85
6 66
7 102
8 28
9 89
10 30
3
drop 7 5133
pick 7 5149
pick 7 5153
9
2 12
3 33
4 103
5 109
6 56
7 17
8 18
9 79
10 40
5
drop 4 5129
pick 1 5158
pick 4 5106
pick 4 5141
pick 5 5150
10
1 51
2 22
3 23
4 24
5 85
6 106
7 7
8 8
9 69
10 50
1
drop 6 5148
10
1 61
2 32
3 13
4 14
5 75
6 56
7 101
8 101
9 59
10 60
13
drop 7 5149
drop 7 5153
drop 8 5094
drop 8 5114
drop 8 5116
drop 8 5119
drop 8 5123
drop 8 5131
drop 8 5154
pick 7 5137
pick 7 5155
pick 8 5138
pick 8 5151
10
1 71
2 42
3 3
4 102
5 65
6 46
7 7
8 8
9 106
10 70
3
drop 4 5106
drop 4 5141
pick 9 5162
9
1 81
2 52
3 101
5 55
6 36
7 17
8 18
9 59
10 80
3
drop 3 5146
pick 3 5142
pick 4 5165
10
1 91
2 62
3 3
4 14
5 45
6 104
7 27
8 28
9 49
10 108
6
drop 10 5135
drop 10 5147
pick 6 5157
pick 10 5164
pick 10 5169
pick 10 5171
10
1 110
2 72
3 13
4 24
5 35
6 36
7 37
8 38
9 39
10 80
1
drop 1 5158
10
1 91
2 82
3 23
4 34
5 25
6 26
7 47
8 48
9 29
10 70
0
10
1 81
2 92
3 103
4 44
5 15
6 16
7 57
8 105
9 19
10 60
5
drop 3 5142
drop 8 5138
drop 8 5151
pick 3 5152
pick 8 5168
10
1 109
2 110
3 23
4 54
5 5
6 6
7 67
8 48
9 9
10 50
3
drop 2 5136
drop 2 5145
pick 1 5179
10
1 81
2 92
3 33
4 64
5 101
6 101
7 107
8 38
9 101
10 40
12
drop 5 5150
drop 6 5157
drop 7 5137
drop 7 5155
drop 9 5162
pick 5 5156
pick 5 5163
pick 5 5181
pick 6 5160
pick 6 5172
pick 7 5176
pick 9 5167
10
1 71
2 82
3 43
4 107
5 5
6 6
7 67
8 28
9 9
10 30
1
drop 4 5165
9
1 61
2 72
3 53
5 15
6 16
7 77
8 18
9 19
10 20
2
pick 4 5188
pick 4 5189
10
1 51
2 108
3 106
4 64
5 25
6 26
7 87
8 8
9 29
10 10
3
drop 3 5152
pick 2 5180
pick 3 5170
10
1 41
2 72
3 53
4 54
5 35
6 36
7 109
8 101
9 39
10 101
9
drop 7 5176
drop 8 5168
drop 10 5164
drop 10 5169
drop 10 5171
pick 8 5177
pick 8 5185
pick 8 5191
pick 10 5182
10
1 31
2 62
3 43
4 44
5 45
6 104
7 87
8 8
9 49
10 10
4
drop 6 5160
drop 6 5172
pick 6 5175
pick 6 5178
10
1 21
2 52
3 33
4 34
5 55
6 36
7 77
8 18
9 105
10 20
2
drop 9 5167
pick 9 5174
10
1 11
2 42
3 23
4 24
5 106
6 26
7 108
8 28
9 49
10 30
8
drop 5 5156
drop 5 5163
drop 5 5181
pick 5 5184
pick 5 5197
pick 5 5200
pick 7 5193
pick 7 5198
10
1 1
2 32
3 13
4 14
5 55
6 16
7 77
8 38
9 59
10 40
0
10
1 101
2 22
3 102
4 4
5 45
6 6
7 67
8 48
9 69
10 50
5
drop 1 5179
drop 3 5170
pick 1 5186
pick 3 5192
pick 3 5195
10
1 1
2 12
3 13
4 101
5 35
6 101
7 57
8 58
9 79
10 60
8
drop 4 5188
drop 4 5189
drop 6 5175
drop 6 5178
pick 4 5187
pick 4 5190
pick 4 5194
pick 4 5199
10
1 11
2 2
3 3
4 4
5 25
6 6
7 47
8 68
9 89
10 70
0
10
1 21
2 101
3 101
4 14
5 15
6 16
7 37
8 78
9 109
10 107
5
drop 2 5180
drop 3 5192
drop 3 5195
drop 9 5174
drop 10 5182
9
1 31
2 2
3 3
4 24
5 5
6 102
7 27
8 88
9 89
2
pick 6 5201
pick 10 5203
10
1 41
2 12
3 13
4 103
5 101
6 16
7 17
8 109
9 99
10 70
12
drop 4 5187
drop 4 5190
drop 4 5194
drop 4 5199
drop 5 5184
drop 5 5197
drop 5 5200
drop 8 5177
drop 8 5185
drop 8 5191
pick 4 5166
pick 4 5173
9
1 51
2 22
3 23
4 24
5 5
6 26
7 7
9 110
10 60
1
pick 9 5196
9
1 106
2 103
3 103
4 14
5 15
6 36
7 101
9 99
10 50
7
drop 1 5186
drop 7 5193
drop 7 5198
pick 1 5204
pick 2 5159
pick 3 5161
pick 8 5207
9
1 51
2 22
3 23
4 4
5 102
6 46
8 88
9 89
10 40
1
pick 5 5208
9
1 61
2 12
3 13
4 101
5 15
6 56
8 78
9 79
10 30
4
drop 4 5166
drop 4 5173
pick 4 5210
pick 7 5209
10
1 71
2 2
3 3
4 4
5 5
6 106
7 7
8 108
9 69
10 20
2
drop 6 5201
drop 8 5207
10
1 81
2 101
3 101
4 14
5 101
6 56
7 17
8 78
9 59
10 10
4
drop 2 5159
drop 3 5161
drop 5 5208
pick 2 5214
8
1 91
2 2
4 24
6 46
7 27
8 68
9 49
10 101
1
drop 10 5203
7
1 110
2 12
4 34
6 105
7 37
8 107
9 39
8
drop 1 5204
pick 1 5205
pick 3 5219
pick 5 5220
pick 6 5183
pick 8 5211
pick 8 5216
pick 10 5221
10
1 91
2 22
3 3
4 44
5 5
6 46
7 47
8 68
9 29
10 10
0
10
1 81
2 32
3 13
4 54
5 15
6 36
7 105
8 58
9 19
10 20
2
drop 7 5209
pick 7 5206
10
1 71
2 42
3 23
4 64
5 25
6 26
7 47
8 48
9 9
10 30
0
10
1 61
2 52
3 33
4 107
5 35
6 16
7 57
8 38
9 101
10 40
4
drop 4 5210
drop 9 5196
pick 4 5212
pick 9 5223
10
1 51
2 106
3 43
4 64
5 104
6 6
7 67
8 28
9 9
10 50
3
drop 2 5214
drop 5 5220
pick 5 5202
10
1 41
2 52
3 53
4 54
5 35
6 101
7 77
8 18
9 19
10 60
2
drop 6 5183
pick 6 5230
10
1 31
2 62
3 63
4 44
5 25
6 6
7 87
8 8
9 29
10 70
0
10
1 21
2 107
3 107
4 34
5 103
6 16
7 97
8 101
9 39
10 80
9
drop 3 5219
drop 5 5202
drop 8 5211
drop 8 5216
pick 2 5215
pick 3 5228
pick 5 5213
pick 5 5224
pick 8 5231
10
1 103
2 62
3 63
4 24
5 25
6 26
7 110
8 8
9 49
10 108
5
drop 1 5205
drop 7 5206
drop 10 5221
pick 1 5217
pick 7 5218
10
1 21
2 52
3 53
4 103
5 15
6 36
7 97
8 18
9 59
10 80
3
drop 4 5212
pick 4 5234
pick 4 5237
10
1 31
2 42
3 43
4 24
5 5
6 46
7 87
8 102
9 106
10 90
4
drop 8 5231
drop 9 5223
pick 8 5222
pick 9 5239
10
1 41
2 32
3 33
4 14
5 101
6 56
7 77
8 18
9 59
10 109
4
drop 5 5213
drop 5 5224
pick 5 5232
pick 10 5226
10
1 51
2 104
3 23
4 102
5 5
6 66
7 67
8 28
9 49
10 90
5
drop 2 5215
drop 4 5234
drop 4 5237
pick 2 5244
pick 4 5227
10
1 61
2 32
3 13
4 14
5 15
6 76
7 57
8 38
9 39
10 80
0
10
1 71
2 22
3 3
4 24
5 25
6 86
7 47
8 104
9 29
10 70
1
drop 8 5222
10
1 108
2 12
3 101
4 34
5 103
6 109
7 37
8 38
9 19
10 107
14
drop 1 5217
drop 3 5228
drop 5 5232
drop 6 5230
drop 10 5226
pick 1 5241
pick 1 5245
pick 3 5235
pick 3 5243
pick 3 5252
pick 5 5242
pick 6 5233
pick 10 5247
pick 10 5256
10
1 71
2 2
3 3
4 44
5 25
6 86
7 27
8 48
9 9
10 70
0
10
1 61
2 101
3 13
4 105
5 15
6 76
7 17
8 105
9 101
10 60
10
drop 2 5244
drop 4 5227
drop 9 5239
pick 2 5236
pick 2 5249
pick 4 5251
pick 8 5225
pick 9 5240
pick 9 5248
pick 9 5253
10
1 51
2 2
3 23
4 44
5 5
6 66
7 7
8 48
9 9
10 50
0
10
1 41
2 12
3 33
4 34
5 101
6 56
7 101
8 38
9 19
10 40
5
drop 5 5242
drop 7 5218
pick 5 5246
pick 7 5250
pick 7 5255
10
1 31
2 22
3 43
4 24
5 5
6 46
7 7
8 28
9 29
10 30
0
10
1 21
2 32
3 53
4 14
5 15
6 36
7 17
8 18
9 39
10 20
0
10
1 11
2 42
3 63
4 4
5 25
6 26
7 27
8 8
9 49
10 10
0
10
1 1
2 52
3 73
4 101
5 35
6 16
7 37
8 101
9 59
10 101
8
drop 4 5251
drop 8 5225
drop 10 5247
drop 10 5256
pick 4 5254
pick 4 5266
pick 8 5264
pick 10 5267
10
1 101
2 62
3 83
4 4
5 104
6 6
7 47
8 8
9 69
10 10
5
drop 1 5241
drop 1 5245
drop 5 5246
pick 1 5268
pick 5 5270
10
1 1
2 107
3 93
4 14
5 35
6 101
7 57
8 18
9 79
10 20
5
drop 2 5236
drop 2 5249
drop 6 5233
pick 2 5260
pick 6 5269
10
1 11
2 62
3 110
4 24
5 25
6 6
7 67
8 102
9 89
10 30
8
drop 3 5235
drop 3 5243
drop 3 5252
drop 8 5264
pick 3 5238
pick 3 5259
pick 8 5229
pick 8 5265
10
1 21
2 72
3 93
4 34
5 15
6 16
7 77
8 18
9 109
10 103
7
drop 9 5240
drop 9 5248
drop 9 5253
drop 10 5267
pick 9 5262
pick 10 5257
pick 10 5274
10
1 31
2 82
3 83
4 44
5 5
6 26
7 108
8 8
9 89
10 30
4
drop 7 5250
drop 7 5255
pick 7 5271
pick 7 5280
10
1 41
2 109
3 73
4 105
5 101
6 36
7 77
8 101
9 79
10 40
8
drop 2 5260
drop 4 5254
drop 4 5266
drop 5 5270
drop 8 5229
drop 8 5265
pick 5 5273
pick 8 5275
9
1 51
3 63
4 44
5 5
6 46
7 67
8 8
9 69
10 50
0
9
1 61
3 53
4 54
5 15
6 56
7 57
8 18
9 59
10 60
1
pick 2 5283
10
1 71
2 82
3 43
4 106
5 25
6 106
7 47
8 28
9 49
10 70
5
drop 6 5269
pick 4 5261
pick 4 5263
pick 4 5272
pick 4 5279
9
1 108
2 72
3 33
4 54
5 35
7 37
8 38
9 39
10 80
2
drop 1 5268
pick 6 5285
10
1 71
2 62
3 23
4 44
5 45
6 56
7 27
8 48
9 29
10 90
0
10
1 61
2 52
3 13
4 34
5 55
6 46
7 17
8 58
9 19
10 109
2
drop 10 5257
drop 10 5274
10
1 107
2 42
3 3
4 24
5 65
6 36
7 7
8 68
9 9
10 90
1
pick 1 5278
10
1 61
2 32
3 101
4 14
5 107
6 26
7 101
8 78
9 101
10 100
11
drop 3 5238
drop 3 5259
drop 5 5273
drop 7 5271
drop 7 5280
drop 9 5262
pick 3 5277
pick 3 5284
pick 3 5289
pick 7 5281
pick 9 5291
10
1 51
2 104
3 3
4 4
5 65
6 16
7 7
8 88
9 9
10 110
2
drop 2 5283
pick 10 5276
10
1 41
2 32
3 13
4 101
5 55
6 6
7 17
8 109
9 19
10 100
7
drop 4 5261
drop 4 5263
drop 4 5272
drop 4 5279
drop 8 5275
pick 4 5296
pick 8 5295
10
1 31
2 22
3 23
4 4
5 106
6 101
7 27
8 88
9 102
10 90
5
drop 6 5285
drop 9 5291
pick 5 5287
pick 6 5297
pick 9 5286
10
1 104
2 103
3 103
4 14
5 55
6 6
7 37
8 78
9 19
10 80
6
drop 1 5278
drop 3 5277
drop 3 5284
drop 3 5289
pick 2 5258
pick 3 5292
10
1 31
2 22
3 23
4 24
5 65
6 16
7 47
8 68
9 9
10 70
0
10
1 21
2 32
3 13
4 103
5 75
6 26
7 57
8 58
9 101
10 107
4
drop 4 5296
drop 9 5286
drop 10 5276
pick 9 5302
9
1 103
2 42
3 3
4 24
5 85
6 103
7 106
8 48
9 9
5
drop 6 5297
drop 7 5281
pick 1 5282
pick 7 5298
pick 10 5306
10
1 21
2 52
3 101
4 14
5 109
6 26
7 57
8 38
9 19
10 70
5
drop 3 5292
drop 5 5287
pick 3 5304
pick 5 5299
pick 5 5301
10
1 31
2 106
3 3
4 102
5 85
6 16
7 47
8 28
9 29
10 60
2
drop 2 5258
pick 4 5288
9
1 41
3 13
4 14
5 75
6 102
7 37
8 18
9 39
10 50
1
pick 6 5290
9
1 51
3 23
4 24
5 65
6 16
7 27
8 8
9 49
10 40
1
pick 2 5310
10
1 61
2 52
3 33
4 34
5 55
6 26
7 17
8 101
9 59
10 104
4
drop 8 5295
drop 10 5306
pick 8 5307
pick 10 5313
10
1 71
2 42
3 43
4 104
5 45
6 103
7 7
8 8
9 69
10 40
2
drop 4 5288
drop 6 5290
9
1 108
2 32
3 53
5 35
6 26
7 101
8 18
9 79
10 30
4
drop 1 5282
drop 7 5298
pick 1 5305
pick 7 5308
9
1 71
2 22
3 63
5 25
6 16
7 7
8 28
9 89
10 20
1
pick 4 5320
10
1 61
2 12
3 73
4 34
5 15
6 102
7 17
8 38
9 99
10 10
2
pick 6 5309
pick 6 5311
10
1 51
2 2
3 108
4 24
5 5
6 16
7 27
8 48
9 110
10 101
7
drop 3 5304
drop 9 5302
drop 10 5313
pick 3 5317
pick 9 5300
pick 10 5312
pick 10 5321
10
1 41
2 101
3 73
4 14
5 101
6 6
7 37
8 105
9 99
10 10
10
drop 2 5310
drop 5 5299
drop 5 5301
drop 8 5307
pick 2 5314
pick 2 5316
pick 2 5319
pick 2 5323
pick 5 5324
pick 8 5293
10
1 105
2 2
3 63
4 4
5 5
6 101
7 47
8 48
9 89
10 20
6
drop 1 5305
drop 6 5309
drop 6 5311
pick 1 5294
pick 1 5315
pick 6 5326
10
1 41
2 12
3 53
4 101
5 15
6 6
7 57
8 58
9 79
10 30
2
drop 4 5320
pick 4 5327
10
1 31
2 22
3 43
4 4
5 25
6 16
7 67
8 68
9 69
10 40
0
10
1 21
2 32
3 33
4 14
5 35
6 26
7 77
8 78
9 59
10 104
5
drop 10 5312
drop 10 5321
pick 10 5325
pick 10 5331
pick 10 5336
10
1 11
2 42
3 23
4 24
5 45
6 36
7 87
8 88
9 49
10 40
0
10
1 1
2 52
3 13
4 34
5 55
6 104
7 97
8 98
9 39
10 30
2
drop 6 5326
pick 6 5338
10
1 101
2 106
3 3
4 44
5 65
6 36
7 110
8 110
9 104
10 20
13
drop 1 5294
drop 1 5315
drop 2 5314
drop 2 5316
drop 2 5319
drop 2 5323
drop 7 5308
drop 8 5293
drop 9 5300
pick 1 5329
pick 1 5339
pick 2 5332
pick 7 5303
10
1 1
2 52
3 101
4 54
5 75
6 26
7 97
8 98
9 39
10 10
2
drop 3 5317
pick 3 5330
10
1 11
2 42
3 3
4 106
5 108
6 16
7 87
8 88
9 29
10 101
7
drop 4 5327
drop 5 5324
drop 10 5325
drop 10 5331
drop 10 5336
pick 5 5322
pick 10 5333
10
1 21
2 32
3 13
4 54
5 75
6 6
7 77
8 109
9 19
10 10
1
pick 8 5343
10
1 31
2 22
3 23
4 64
5 85
6 101
7 67
8 88
9 102
10 20
4
drop 6 5338
pick 6 5335
pick 9 5342
pick 9 5346
10
1 104
2 103
3 33
4 107
5 95
6 6
7 57
8 78
9 19
10 30
5
drop 1 5329
drop 1 5339
drop 2 5332
pick 4 5318
pick 4 5345
10
1 31
2 22
3 43
4 64
5 110
6 16
7 47
8 68
9 9
10 103
2
drop 5 5322
drop 10 5333
9
1 41
2 12
3 53
4 54
6 26
7 37
8 58
9 101
10 30
3
drop 9 5342
drop 9 5346
pick 9 5341
9
1 105
2 2
3 63
4 44
6 36
7 27
8 48
9 9
10 20
1
pick 5 5352
9
2 101
3 73
4 34
5 95
6 46
7 17
8 38
9 19
10 10
2
pick 1 5353
pick 2 5337
10
1 41
2 2
3 83
4 24
5 85
6 56
7 7
8 104
9 29
10 101
3
drop 8 5343
pick 10 5340
pick 10 5356
10
1 51
2 12
3 93
4 14
5 75
6 66
7 101
8 38
9 39
10 10
2
drop 7 5303
pick 7 5348
10
1 106
2 22
3 110
4 4
5 65
6 76
7 7
8 28
9 49
10 20
2
drop 1 5353
drop 3 5330
9
1 51
2 32
4 101
5 55
6 86
7 17
8 18
9 105
10 30
5
drop 4 5318
drop 4 5345
drop 9 5341
pick 3 5361
pick 4 5351
10
1 61
2 42
3 93
4 4
5 45
6 109
7 27
8 8
9 49
10 40
4
drop 6 5335
pick 6 5344
pick 6 5350
pick 6 5359
10
1 71
2 52
3 83
4 14
5 35
6 86
7 37
8 101
9 39
10 50
1
pick 8 5347
10
1 108
2 106
3 73
4 24
5 25
6 76
7 47
8 8
9 29
10 60
4
drop 2 5337
pick 1 5328
pick 1 5334
pick 1 5355
10
1 71
2 52
3 63
4 34
5 15
6 66
7 57
8 18
9 103
10 70
1
pick 9 5365
10
1 61
2 62
3 53
4 44
5 5
6 56
7 67
8 102
9 29
10 80
2
drop 8 5347
pick 8 5364
10
1 51
2 107
3 43
4 105
5 101
6 46
7 107
8 18
9 19
10 108
8
drop 4 5351
drop 5 5352
drop 7 5348
drop 10 5340
drop 10 5356
pick 2 5370
pick 5 5354
pick 10 5349
9
1 41
2 62
3 33
4 44
5 5
6 36
8 28
9 102
10 80
3
drop 9 5365
pick 7 5373
pick 9 5372
10
1 31
2 52
3 23
4 34
5 15
6 26
7 67
8 38
9 19
10 70
0
10
1 21
2 42
3 103
4 104
5 25
6 16
7 57
8 48
9 9
10 60
3
drop 3 5361
pick 3 5371
pick 4 5374
10
1 11
2 32
3 23
4 34
5 35
6 6
7 47
8 58
9 101
10 50
3
drop 9 5372
pick 9 5357
pick 9 5360
10
1 1
2 22
3 13
4 44
5 104
6 101
7 37
8 68
9 9
10 105
8
drop 5 5354
drop 6 5344
drop 6 5350
drop 6 5359
drop 10 5349
pick 6 5358
pick 6 5363
pick 6 5366
10
1 101
2 12
3 3
4 105
5 35
6 6
7 27
8 78
9 19
10 50
6
drop 1 5328
drop 1 5334
drop 1 5355
drop 4 5374
pick 1 5362
pick 1 5383
10
1 1
2 2
3 101
4 44
5 25
6 16
7 17
8 88
9 29
10 60
3
drop 3 5371
pick 3 5369
pick 3 5379
10
1 11
2 101
3 3
4 54
5 103
6 26
7 7
8 109
9 39
10 106
7
drop 2 5370
drop 8 5364
pick 2 5375
pick 5 5389
pick 8 5376
pick 8 5385
pick 10 5386
10
1 21
2 2
3 13
4 106
5 25
6 103
7 101
8 88
9 49
10 60
7
drop 6 5358
drop 6 5363
drop 6 5366
drop 7 5373
pick 4 5392
pick 6 5391
pick 7 5378
10
1 31
2 12
3 23
4 54
5 15
6 26
7 7
8 78
9 59
10 50
0
10
1 41
2 22
3 33
4 44
5 5
6 16
7 17
8 68
9 106
10 40
2
drop 9 5357
drop 9 5360
10
1 105
2 32
3 43
4 34
5 101
6 6
7 27
8 58
9 59
10 30
5
drop 1 5362
drop 1 5383
drop 5 5389
pick 5 5382
pick 5 5395
10
1 41
2 42
3 53
4 24
5 5
6 101
7 37
8 48
9 69
10 20
4
drop 6 5391
pick 6 5384
pick 6 5396
pick 6 5398
10
1 51
2 52
3 63
4 14
5 15
6 6
7 47
8 38
9 107
10 10
1
pick 9 5377
10
1 106
2 62
3 73
4 4
5 25
6 16
7 57
8 28
9 69
10 101
3
drop 10 5386
pick 1 5402
pick 10 5387
10
1 51
2 72
3 108
4 101
5 35
6 26
7 67
8 18
9 59
10 10
7
drop 3 5369
drop 3 5379
drop 4 5392
pick 3 5367
pick 3 5368
pick 3 5390
pick 4 5388
10
1 41
2 82
3 73
4 4
5 104
6 36
7 77
8 8
9 49
10 20
2
drop 5 5382
drop 5 5395
10
1 31
2 92
3 63
4 14
5 35
6 46
7 87
8 101
9 105
10 30
5
drop 8 5376
drop 8 5385
drop 9 5377
pick 8 5393
pick 8 5407
9
1 21
2 110
3 53
4 102
5 25
6 56
7 109
8 8
10 40
9
drop 2 5375
drop 4 5388
drop 7 5378
pick 2 5397
pick 2 5401
pick 2 5403
pick 2 5404
pick 4 5380
pick 9 5413
10
1 11
2 92
3 43
4 14
5 103
6 106
7 87
8 18
9 49
10 50
6
drop 6 5384
drop 6 5396
drop 6 5398
pick 5 5411
pick 5 5419
pick 6 5410
10
1 1
2 82
3 33
4 24
5 25
6 56
7 77
8 28
9 39
10 60
0
10
1 101
2 72
3 23
4 34
5 15
6 66
7 108
8 38
9 104
10 70
4
drop 1 5402
drop 9 5413
pick 1 5400
pick 7 5420
9
1 1
2 62
3 13
4 104
5 5
6 76
7 77
8 48
10 80
1
drop 4 5380
9
1 11
2 52
3 3
4 34
5 101
6 108
7 67
8 105
10 108
11
drop 5 5411
drop 5 5419
drop 6 5410
drop 8 5393
drop 8 5407
drop 10 5387
pick 5 5405
pick 5 5408
pick 5 5412
pick 8 5418
pick 9 5426
10
1 21
2 42
3 101
4 44
5 5
6 76
7 57
8 48
9 39
10 80
6
drop 3 5367
drop 3 5368
drop 3 5390
pick 3 5406
pick 3 5429
pick 3 5431
10
1 31
2 32
3 3
4 105
5 15
6 66
7 47
8 58
9 29
10 70
2
pick 4 5417
pick 4 5427
10
1 41
2 22
3 13
4 44
5 25
6 107
7 37
8 68
9 103
10 107
4
drop 9 5426
pick 6 5409
pick 9 5434
pick 10 5425
10
1 51
2 12
3 23
4 34
5 35
6 66
7 27
8 78
9 29
10 70
0
10
1 61
2 2
3 33
4 24
5 45
6 76
7 17
8 88
9 19
10 60
0
10
1 107
2 101
3 43
4 14
5 55
6 86
7 7
8 109
9 9
10 50
7
drop 1 5400
drop 2 5397
drop 2 5401
drop 2 5403
drop 2 5404
drop 8 5418
pick 2 5414
9
1 61
2 2
3 53
4 4
5 65
6 109
7 101
9 101
10 40
8
drop 6 5409
drop 7 5420
drop 9 5434
pick 7 5421
pick 7 5433
pick 9 5422
pick 9 5428
pick 9 5437
9
1 51
2 12
3 106
4 101
5 75
6 86
7 7
9 9
10 30
10
drop 3 5406
drop 3 5429
drop 3 5431
drop 4 5417
drop 4 5427
pick 3 5416
pick 3 5424
pick 4 5432
pick 4 5438
pick 8 5445
10
1 106
2 22
3 53
4 4
5 85
6 96
7 17
8 88
9 19
10 20
1
pick 1 5415
10
1 51
2 32
3 43
4 14
5 109
6 110
7 27
8 78
9 102
10 10
8
drop 5 5405
drop 5 5408
drop 5 5412
drop 9 5422
drop 9 5428
drop 9 5437
pick 6 5430
pick 9 5381
10
1 41
2 104
3 33
4 24
5 85
6 96
7 37
8 68
9 19
10 101
5
drop 2 5414
drop 10 5425
pick 2 5447
pick 10 5435
pick 10 5436
10
1 31
2 32
3 23
4 103
5 75
6 86
7 47
8 107
9 29
10 10
3
drop 4 5432
drop 4 5438
drop 8 5445
10
1 21
2 22
3 13
4 24
5 108
6 76
7 57
8 68
9 39
10 20
1
pick 5 5439
10
1 11
2 12
3 3
4 14
5 75
6 66
7 67
8 78
9 49
10 30
0
10
1 1
2 2
3 101
4 102
5 65
6 56
7 77
8 108
9 59
10 40
8
drop 3 5416
drop 3 5424
pick 3 5440
pick 3 5442
pick 4 5394
pick 4 5423
pick 4 5444
pick 8 5443
10
1 101
2 101
3 3
4 14
5 55
6 46
7 87
8 78
9 69
10 50
9
drop 1 5415
drop 2 5447
pick 1 5441
pick 1 5457
pick 1 5464
pick 2 5446
pick 2 5456
pick 2 5463
pick 2 5470
10
1 1
2 2
3 13
4 4
5 45
6 36
7 97
8 68
9 107
10 60
1
drop 9 5381
10
1 11
2 12
3 23
4 101
5 35
6 26
7 110
8 58
9 69
10 70
9
drop 4 5394
drop 4 5423
drop 4 5444
drop 7 5421
drop 7 5433
pick 4 5449
pick 4 5454
pick 4 5455
pick 4 5472
10
1 21
2 102
3 33
4 4
5 25
6 16
7 97
8 48
9 59
10 107
7
drop 2 5446
drop 2 5456
drop 2 5463
drop 2 5470
drop 10 5435
drop 10 5436
pick 2 5399
9
1 31
2 12
3 43
4 14
5 15
6 6
7 87
8 38
9 106
4
pick 9 5448
pick 9 5460
pick 9 5478
pick 10 5480
10
1 104
2 22
3 53
4 24
5 5
6 101
7 109
8 28
9 59
10 70
9
drop 1 5441
drop 1 5457
drop 1 5464
drop 6 5430
pick 1 5452
pick 6 5451
pick 6 5459
pick 6 5484
pick 7 5458
10
1 31
2 32
3 106
4 34
5 101
6 6
7 87
8 18
9 49
10 80
5
drop 3 5440
drop 3 5442
drop 5 5439
pick 5 5453
pick 5 5465
10
1 41
2 42
3 53
4 44
5 5
6 16
7 77
8 8
9 39
10 90
0
10
1 51
2 52
3 43
4 54
5 15
6 26
7 67
8 101
9 29
10 109
5
drop 8 5443
drop 10 5480
pick 8 5461
pick 8 5474
pick 10 5481
10
1 61
2 62
3 105
4 64
5 25
6 36
7 57
8 8
9 19
10 90
2
pick 3 5466
pick 3 5488
10
1 107
2 72
3 43
4 74
5 35
6 46
7 47
8 18
9 9
10 80
2
drop 1 5452
pick 1 5486
10
1 61
2 108
3 33
4 84
5 45
6 105
7 37
8 28
9 101
10 70
13
drop 2 5399
drop 6 5451
drop 6 5459
drop 6 5484
drop 9 5448
drop 9 5460
drop 9 5478
pick 2 5450
pick 9 5462
pick 9 5476
pick 9 5489
pick 9 5491
pick 9 5494
10
1 51
2 72
3 23
4 109
5 55
6 46
7 27
8 38
9 9
10 60
4
drop 4 5449
drop 4 5454
drop 4 5455
drop 4 5472
10
1 41
2 82
3 13
4 84
5 65
6 36
7 17
8 48
9 19
10 50
0
10
1 31
2 92
3 3
4 74
5 75
6 104
7 7
8 58
9 29
10 105
4
drop 10 5481
pick 6 5467
pick 6 5487
pick 6 5496
10
1 21
2 110
3 101
4 108
5 108
6 36
7 101
8 68
9 103
10 50
19
drop 2 5450
drop 3 5466
drop 3 5488
drop 5 5453
drop 5 5465
drop 7 5458
drop 9 5462
drop 9 5476
drop 9 5489
drop 9 5491
drop 9 5494
pick 3 5468
pick 3 5471
pick 4 5479
pick 4 5482
pick 4 5495
pick 7 5473
pick 7 5493
pick 9 5469
9
1 11
3 3
4 74
5 75
6 26
7 7
8 78
9 29
10 60
0
9
1 1
3 13
4 64
5 65
6 16
7 17
8 88
9 19
10 106
2
pick 2 5503
pick 10 5497
10
1 101
2 92
3 23
4 54
5 107
6 6
7 27
8 98
9 9
10 60
6
drop 1 5486
pick 1 5475
pick 1 5477
pick 1 5485
pick 1 5490
pick 5 5500
10
1 1
2 82
3 33
4 44
5 65
6 101
7 37
8 110
9 101
10 50
9
drop 6 5467
drop 6 5487
drop 6 5496
drop 8 5461
drop 8 5474
drop 9 5469
pick 6 5501
pick 9 5505
pick 9 5506
10
1 11
2 72
3 43
4 34
5 75
6 6
7 104
8 98
9 9
10 40
3
drop 7 5473
drop 7 5493
pick 7 5499
10
1 102
2 62
3 53
4 24
5 85
6 16
7 37
8 88
9 19
10 104
7
drop 1 5475
drop 1 5477
drop 1 5485
drop 1 5490
drop 10 5497
pick 1 5483
pick 1 5508
10
1 11
2 52
3 63
4 14
5 95
6 26
7 27
8 78
9 29
10 40
0
10
1 1
2 42
3 107
4 4
5 110
6 36
7 17
8 108
9 39
10 30
5
drop 3 5468
drop 3 5471
drop 5 5500
pick 3 5502
pick 8 5513
10
1 101
2 32
3 63
4 101
5 95
6 104
7 7
8 78
9 49
10 103
11
drop 1 5483
drop 1 5508
drop 4 5479
drop 4 5482
drop 4 5495
drop 6 5501
pick 1 5507
pick 1 5511
pick 4 5509
pick 6 5517
pick 10 5498
10
1 1
2 22
3 53
4 4
5 85
6 36
7 101
8 68
9 59
10 30
2
drop 7 5499
pick 7 5510
10
1 11
2 12
3 43
4 14
5 75
6 26
7 7
8 107
9 69
10 40
2
drop 8 5513
pick 8 5504
10
1 102
2 2
3 33
4 24
5 108
6 16
7 17
8 68
9 79
10 50
4
drop 1 5507
drop 1 5511
pick 1 5492
pick 5 5516
10
1 11
2 101
3 23
4 34
5 75
6 6
7 27
8 58
9 89
10 105
5
drop 2 5503
drop 10 5498
pick 2 5512
pick 2 5523
pick 10 5521
10
1 21
2 2
3 13
4 44
5 65
6 101
7 37
8 48
9 99
10 50
3
drop 6 5517
pick 6 5514
pick 6 5522
10
1 31
2 12
3 102
4 54
5 55
6 6
7 47
8 105
9 110
10 40
5
drop 3 5502
drop 8 5504
drop 9 5505
drop 9 5506
pick 3 5524
9
1 41
2 22
3 13
4 106
5 45
6 16
7 57
8 48
10 30
2
drop 4 5509
pick 4 5529
9
1 51
2 32
3 23
4 54
5 35
6 26
7 67
8 58
10 20
1
pick 9 5536
10
1 61
2 104
3 33
4 44
5 25
6 36
7 77
8 106
9 99
10 10
3
drop 2 5512
drop 2 5523
pick 8 5528
10
1 107
2 32
3 43
4 34
5 15
6 46
7 108
8 58
9 89
10 101
7
drop 1 5492
drop 7 5510
drop 10 5521
pick 1 5515
pick 1 5537
pick 10 5518
pick 10 5526
9
1 61
2 22
3 53
4 104
5 5
6 56
8 68
9 79
10 10
1
drop 4 5529
8
1 51
2 103
3 63
5 101
6 66
8 78
9 69
10 20
8
drop 5 5516
pick 2 5519
pick 2 5538
pick 2 5543
pick 4 5544
pick 5 5520
pick 5 5535
pick 7 5545
10
1 41
2 22
3 73
4 34
5 5
6 76
7 77
8 108
9 59
10 30
2
drop 8 5528
pick 8 5548
10
1 31
2 12
3 108
4 24
5 15
6 86
7 67
8 78
9 106
10 40
3
drop 3 5524
drop 9 5536
pick 9 5541
10
1 21
2 2
3 73
4 14
5 102
6 96
7 57
8 68
9 59
10 50
3
drop 5 5520
drop 5 5535
pick 5 5533
10
1 11
2 101
3 83
4 4
5 15
6 110
7 106
8 58
9 49
10 60
8
drop 2 5519
drop 2 5538
drop 2 5543
drop 6 5514
drop 6 5522
drop 7 5545
pick 2 5525
pick 2 5534
10
1 1
2 2
3 109
4 101
5 5
6 96
7 57
8 48
9 39
10 70
5
drop 4 5544
pick 3 5530
pick 4 5527
pick 4 5532
pick 4 5539
10
1 101
2 12
3 83
4 4
5 101
6 86
7 47
8 38
9 29
10 80
6
drop 1 5515
drop 1 5537
drop 5 5533
pick 1 5540
pick 1 5555
pick 5 5542
10
1 1
2 22
3 73
4 14
5 5
6 76
7 105
8 28
9 19
10 90
1
pick 7 5550
10
1 11
2 32
3 63
4 24
5 15
6 108
7 47
8 18
9 9
10 109
3
drop 10 5518
drop 10 5526
pick 6 5554
9
1 21
2 42
3 53
4 103
5 25
6 76
7 37
8 8
9 101
7
drop 4 5527
drop 4 5532
drop 4 5539
drop 9 5541
pick 4 5531
pick 9 5553
pick 10 5559
10
1 31
2 52
3 43
4 24
5 35
6 66
7 27
8 101
9 9
10 90
1
drop 8 5548
9
1 41
2 62
3 33
4 34
5 45
6 56
7 17
9 19
10 80
0
9
1 51
2 107
3 23
4 104
5 55
6 46
7 7
9 29
10 70
5
drop 2 5525
drop 2 5534
drop 4 5531
pick 4 5549
pick 8 5564
10
1 61
2 62
3 13
4 34
5 106
6 36
7 101
8 8
9 39
10 60
3
drop 5 5542
drop 7 5550
pick 7 5565
10
1 71
2 52
3 3
4 44
5 55
6 26
7 7
8 18
9 104
10 50
1
drop 9 5553
10
1 81
2 106
3 101
4 54
5 45
6 16
7 17
8 28
9 39
10 40
3
drop 3 5530
pick 2 5561
pick 3 5566
10
1 91
2 52
3 3
4 64
5 105
6 6
7 27
8 38
9 29
10 30
2
pick 5 5570
pick 5 5577
10
1 110
2 62
3 13
4 74
5 45
6 101
7 103
8 48
9 103
10 20
13
drop 1 5540
drop 1 5555
drop 6 5554
drop 7 5565
pick 1 5557
pick 1 5569
pick 1 5571
pick 1 5584
pick 6 5567
pick 6 5580
pick 7 5547
pick 7 5552
pick 9 5546
10
1 91
2 72
3 23
4 84
5 35
6 6
7 27
8 58
9 29
10 10
0
10
1 81
2 82
3 33
4 109
5 25
6 16
7 17
8 68
9 19
10 101
5
drop 4 5549
drop 10 5559
pick 4 5568
pick 10 5575
pick 10 5585
10
1 71
2 92
3 43
4 84
5 15
6 102
7 7
8 107
9 9
10 10
4
drop 6 5567
drop 6 5580
drop 8 5564
pick 6 5551
10
1 61
2 110
3 53
4 74
5 5
6 16
7 101
8 68
9 101
10 20
9
drop 2 5561
drop 7 5547
drop 7 5552
drop 9 5546
pick 7 5576
pick 7 5588
pick 9 5578
pick 9 5589
pick 9 5591
10
1 51
2 92
3 63
4 64
5 101
6 26
7 7
8 78
9 9
10 30
4
drop 5 5570
drop 5 5577
pick 5 5579
pick 5 5583
10
1 41
2 82
3 73
4 54
5 5
6 36
7 17
8 108
9 19
10 40
1
pick 8 5573
10
1 31
2 109
3 83
4 44
5 15
6 46
7 27
8 78
9 29
10 50
1
pick 2 5572
10
1 21
2 82
3 93
4 34
5 25
6 56
7 37
8 68
9 39
10 60
0
10
1 11
2 72
3 110
4 24
5 35
6 66
7 104
8 58
9 49
10 70
4
drop 3 5566
drop 7 5576
drop 7 5588
pick 3 5601
9
1 1
2 62
3 93
4 14
5 45
6 76
8 48
9 59
10 80
0
9
1 101
2 107
3 83
4 4
5 55
6 86
8 38
9 69
10 90
10
drop 1 5557
drop 1 5569
drop 1 5571
drop 1 5584
drop 2 5572
pick 1 5581
pick 1 5595
pick 1 5596
pick 2 5605
pick 7 5607
10
1 1
2 62
3 73
4 101
5 106
6 109
7 37
8 28
9 79
10 109
12
drop 4 5568
drop 5 5579
drop 5 5583
drop 6 5551
drop 10 5575
drop 10 5585
pick 4 5582
pick 4 5603
pick 5 5574
pick 5 5598
pick 6 5593
pick 10 5602
10
1 11
2 52
3 63
4 4
5 55
6 86
7 27
8 18
9 89
10 90
0
10
1 21
2 106
3 53
4 14
5 45
6 76
7 17
8 8
9 99
10 80
1
drop 2 5605
10
1 103
2 52
3 43
4 24
5 35
6 66
7 7
8 101
9 110
10 70
12
drop 1 5581
drop 1 5595
drop 1 5596
drop 8 5573
drop 9 5578
drop 9 5589
drop 9 5591
pick 1 5556
pick 8 5590
pick 9 5608
pick 9 5610
pick 9 5611
10
1 21
2 42
3 33
4 34
5 25
6 56
7 101
8 8
9 99
10 60
3
drop 7 5607
pick 7 5594
pick 7 5606
10
1 31
2 105
3 23
4 44
5 15
6 46
7 7
8 18
9 89
10 50
4
pick 2 5587
pick 2 5592
pick 2 5612
pick 2 5616
10
1 41
2 42
3 13
4 105
5 5
6 36
7 17
8 102
9 79
10 40
7
drop 4 5582
drop 4 5603
drop 8 5590
pick 8 5560
pick 8 5562
pick 8 5563
pick 8 5619
10
1 51
2 32
3 3
4 44
5 101
6 26
7 27
8 18
9 69
10 30
4
drop 5 5574
drop 5 5598
pick 5 5599
pick 5 5615
10
1 61
2 22
3 101
4 34
5 5
6 16
7 37
8 8
9 59
10 20
2
drop 3 5601
pick 3 5600
10
1 107
2 12
3 3
4 104
5 15
6 102
7 47
8 101
9 49
10 10
10
drop 1 5556
drop 6 5593
drop 8 5560
drop 8 5562
drop 8 5563
drop 8 5619
pick 1 5618
pick 4 5620
pick 6 5597
pick 8 5609
10
1 61
2 2
3 13
4 34
5 25
6 16
7 57
8 8
9 39
10 101
2
drop 10 5602
pick 10 5614
10
1 51
2 101
3 23
4 24
5 35
6 26
7 67
8 18
9 29
10 10
5
drop 2 5587
drop 2 5592
drop 2 5612
drop 2 5616
pick 2 5617
10
1 41
2 2
3 33
4 14
5 45
6 36
7 77
8 28
9 19
10 20
0
10
1 31
2 12
3 43
4 4
5 55
6 46
7 108
8 38
9 9
10 30
3
drop 7 5594
drop 7 5606
pick 7 5604
10
1 21
2 22
3 53
4 101
5 106
6 56
7 77
8 48
9 101
10 40
11
drop 4 5620
drop 5 5599
drop 5 5615
drop 9 5608
drop 9 5610
drop 9 5611
pick 4 5623
pick 4 5629
pick 9 5624
pick 9 5627
pick 9 5628
10
1 11
2 32
3 63
4 4
5 55
6 66
7 67
8 58
9 9
10 50
0
10
1 1
2 42
3 73
4 14
5 45
6 76
7 107
8 68
9 19
10 105
2
drop 7 5604
drop 10 5614
10
1 101
2 52
3 83
4 24
5 35
6 86
7 67
8 78
9 29
10 50
2
drop 1 5618
pick 1 5630
10
1 1
2 62
3 93
4 34
5 104
6 109
7 57
8 88
9 39
10 40
3
drop 6 5597
pick 5 5621
pick 6 5622
10
1 11
2 72
3 110
4 44
5 35
6 86
7 106
8 109
9 49
10 104
6
drop 3 5600
drop 8 5609
pick 3 5613
pick 3 5626
pick 7 5632
pick 10 5634
10
1 21
2 108
3 93
4 54
5 45
6 76
7 57
8 88
9 59
10 40
1
drop 2 5617
10
1 31
2 72
3 83
4 106
5 105
6 66
7 47
8 98
9 69
10 30
3
drop 4 5623
drop 4 5629
drop 5 5621
10
1 41
2 62
3 73
4 54
5 45
6 56
7 37
8 110
9 79
10 20
1
pick 8 5631
10
1 51
2 107
3 63
4 44
5 35
6 46
7 27
8 98
9 89
10 10
1
pick 2 5636
10
1 61
2 62
3 53
4 34
5 25
6 36
7 17
8 88
9 109
10 101
8
drop 9 5624
drop 9 5627
drop 9 5628
drop 10 5634
pick 9 5640
pick 9 5646
pick 10 5637
pick 10 5643
10
1 71
2 52
3 43
4 24
5 103
6 26
7 7
8 78
9 89
10 10
3
pick 5 5586
pick 5 5625
pick 5 5635
10
1 81
2 106
3 33
4 103
5 25
6 16
7 101
8 68
9 79
10 20
4
drop 2 5636
drop 7 5632
pick 4 5558
pick 7 5638
10
1 109
2 52
3 23
4 24
5 15
6 6
7 7
8 58
9 69
10 30
1
drop 1 5630
9
2 62
3 13
4 34
5 5
6 101
7 17
8 48
9 59
10 40
3
drop 6 5622
pick 6 5639
pick 6 5647
9
2 72
3 3
4 44
5 101
6 6
7 27
8 105
9 49
10 50
6
drop 5 5586
drop 5 5625
drop 5 5635
drop 8 5631
pick 1 5660
pick 5 5641
10
1 81
2 108
3 101
4 105
5 5
6 16
7 37
8 48
9 39
10 60
5
drop 3 5613
drop 3 5626
drop 4 5558
pick 2 5654
pick 3 5645
9
1 71
2 72
3 3
5 15
6 26
7 47
8 38
9 29
10 70
0
9
1 61
2 62
3 13
5 25
6 36
7 105
8 28
9 19
10 107
5
drop 7 5638
drop 10 5637
drop 10 5643
pick 10 5661
pick 10 5663
8
1 51
2 107
3 23
5 35
6 46
8 103
9 9
10 70
5
drop 2 5654
pick 4 5664
pick 8 5648
pick 8 5649
pick 8 5650
9
1 41
2 62
3 103
4 44
5 45
6 56
8 28
9 101
10 60
6
drop 3 5645
drop 9 5640
drop 9 5646
pick 3 5658
pick 7 5667
pick 9 5651
10
1 31
2 72
3 23
4 34
5 55
6 66
7 47
8 18
9 9
10 50
0
10
1 21
2 108
3 33
4 24
5 65
6 76
7 37
8 8
9 19
10 40
1
pick 2 5655
10
1 103
2 72
3 104
4 14
5 75
6 86
7 27
8 101
9 29
10 30
10
drop 1 5660
drop 3 5658
drop 8 5648
drop 8 5649
drop 8 5650
pick 1 5672
pick 3 5669
pick 8 5652
pick 8 5659
pick 8 5662
10
1 21
2 62
3 33
4 4
5 108
6 96
7 17
8 8
9 39
10 20
2
drop 5 5641
pick 5 5668
10
1 11
2 52
3 23
4 101
5 75
6 110
7 7
8 18
9 49
10 10
6
drop 4 5664
drop 6 5639
drop 6 5647
pick 4 5657
pick 6 5633
pick 6 5644
10
1 1
2 42
3 13
4 4
5 65
6 96
7 101
8 28
9 59
10 101
5
drop 7 5667
drop 10 5661
drop 10 5663
pick 7 5666
pick 10 5670
10
1 101
2 32
3 3
4 14
5 55
6 86
7 7
8 38
9 69
10 10
2
drop 1 5672
pick 1 5674
10
1 1
2 22
3 101
4 24
5 45
6 109
7 17
8 48
9 107
10 20
8
drop 3 5669
drop 6 5633
drop 6 5644
drop 9 5651
pick 3 5680
pick 6 5675
pick 9 5671
pick 9 5678
10
1 11
2 12
3 3
4 34
5 35
6 86
7 27
8 58
9 69
10 30
0
10
1 21
2 2
3 13
4 44
5 25
6 76
7 103
8 68
9 59
10 40
2
drop 7 5666
pick 7 5687
10
1 31
2 101
3 23
4 54
5 15
6 66
7 27
8 78
9 49
10 50
2
drop 2 5655
pick 2 5683
10
1 41
2 2
3 33
4 106
5 102
6 56
7 17
8 88
9 39
10 105
7
drop 4 5657
drop 5 5668
drop 10 5670
pick 4 5676
pick 4 5677
pick 5 5642
pick 10 5688
10
1 51
2 12
3 43
4 54
5 15
6 46
7 7
8 109
9 29
10 50
3
drop 8 5652
drop 8 5659
drop 8 5662
9
1 61
2 22
3 53
4 44
5 25
6 36
7 101
9 19
10 40
2
drop 7 5687
pick 7 5685
9
1 107
2 32
3 106
4 34
5 35
6 26
7 7
9 9
10 30
3
drop 1 5674
drop 3 5680
pick 8 5694
9
1 61
2 42
4 24
5 45
6 16
7 17
8 88
9 101
10 20
5
drop 9 5671
drop 9 5678
pick 3 5695
pick 9 5686
pick 9 5689
10
1 71
2 105
3 53
4 14
5 55
6 6
7 27
8 78
9 9
10 10
1
drop 2 5683
10
1 108
2 42
3 43
4 4
5 65
6 101
7 37
8 68
9 19
10 101
5
drop 6 5675
drop 10 5688
pick 1 5673
pick 6 5692
pick 10 5696
10
1 71
2 32
3 33
4 101
5 107
6 6
7 47
8 58
9 29
10 10
5
drop 4 5676
drop 4 5677
drop 5 5642
pick 4 5699
pick 4 5700
10
1 81
2 104
3 23
4 4
5 65
6 16
7 57
8 48
9 39
10 20
2
pick 2 5679
pick 2 5690
10
1 91
2 32
3 13
4 14
5 75
6 26
7 67
8 38
9 49
10 30
0
10
1 110
2 22
3 3
4 24
5 108
6 36
7 107
8 28
9 59
10 40
7
drop 1 5673
drop 7 5685
pick 1 5656
pick 1 5684
pick 1 5691
pick 5 5698
pick 7 5704
10
1 91
2 12
3 101
4 34
5 75
6 46
7 67
8 18
9 69
10 50
2
drop 3 5695
pick 3 5701
10
1 81
2 2
3 3
4 44
5 85
6 56
7 57
8 8
9 79
10 60
0
10
1 71
2 101
3 13
4 105
5 109
6 66
7 47
8 101
9 108
10 70
11
drop 2 5679
drop 2 5690
drop 4 5699
drop 4 5700
drop 5 5698
drop 8 5694
drop 9 5686
drop 9 5689
pick 2 5702
pick 5 5697
pick 8 5703
9
1 61
2 2
3 23
5 85
6 76
7 37
8 8
9 79
10 107
2
drop 10 5696
pick 4 5710
10
1 51
2 12
3 33
4 44
5 75
6 86
7 27
8 18
9 69
10 70
0
10
1 41
2 22
3 43
4 34
5 65
6 109
7 17
8 102
9 107
10 80
8
drop 6 5692
drop 8 5703
pick 8 5653
pick 8 5681
pick 8 5682
pick 8 5693
pick 8 5712
pick 9 5713
10
1 31
2 32
3 53
4 24
5 55
6 86
7 7
8 18
9 69
10 90
0
10
1 21
2 42
3 63
4 14
5 45
6 96
7 101
8 8
9 59
10 100
5
drop 7 5704
pick 7 5705
pick 7 5706
pick 7 5711
pick 7 5716
10
1 11
2 105
3 73
4 4
5 35
6 110
7 7
8 101
9 49
10 110
8
drop 2 5702
drop 8 5653
drop 8 5681
drop 8 5682
drop 8 5693
drop 8 5712
pick 8 5709
pick 10 5665
9
1 1
2 42
3 108
4 101
5 25
7 17
8 8
9 39
10 100
4
drop 3 5701
drop 4 5710
pick 4 5714
pick 6 5717
9
1 101
2 32
4 4
5 15
6 96
7 27
8 18
9 29
10 90
4
drop 1 5656
drop 1 5684
drop 1 5691
pick 1 5715
9
1 1
2 104
4 14
5 5
6 86
7 37
8 28
9 19
10 80
1
pick 2 5708
9
1 11
2 32
4 24
5 101
6 76
7 104
8 103
9 9
10 70
8
drop 5 5697
drop 7 5705
drop 7 5706
drop 7 5711
drop 7 5716
drop 8 5709
pick 3 5723
pick 5 5718
10
1 21
2 22
3 73
4 34
5 5
6 66
7 37
8 28
9 101
10 60
2
drop 9 5713
pick 9 5725
10
1 31
2 12
3 63
4 44
5 15
6 56
7 27
8 18
9 9
10 50
0
10
1 41
2 2
3 53
4 54
5 25
6 46
7 103
8 102
9 19
10 40
5
pick 7 5707
pick 7 5727
pick 8 5719
pick 8 5720
pick 8 5721
10
1 105
2 101
3 43
4 64
5 35
6 36
7 27
8 18
9 29
10 30
4
drop 1 5715
drop 2 5708
pick 1 5731
pick 2 5729
10
1 41
2 2
3 33
4 74
5 45
6 26
7 17
8 8
9 39
10 20
0
10
1 31
2 12
3 23
4 108
5 55
6 16
7 7
8 101
9 49
10 102
8
drop 4 5714
drop 8 5719
drop 8 5720
drop 8 5721
drop 10 5665
pick 4 5733
pick 8 5730
pick 10 5722
10
1 21
2 22
3 13
4 74
5 65
6 6
7 101
8 8
9 59
10 20
3
drop 7 5707
drop 7 5727
pick 7 5732
10
1 11
2 32
3 3
4 64
5 75
6 101
7 7
8 18
9 69
10 30
2
drop 6 5717
pick 6 5735
10
1 1
2 42
3 101
4 54
5 85
6 6
7 17
8 28
9 79
10 40
2
drop 3 5723
pick 3 5736
10
1 101
2 52
3 3
4 44
5 109
6 16
7 27
8 38
9 89
10 50
5
drop 1 5731
drop 5 5718
pick 1 5739
pick 5 5728
pick 5 5734
10
1 1
2 62
3 13
4 34
5 85
6 26
7 37
8 104
9 99
10 60
2
drop 8 5730
pick 8 5743
10
1 11
2 72
3 23
4 24
5 75
6 36
7 47
8 38
9 110
10 70
2
drop 9 5725
pick 9 5724
10
1 21
2 82
3 33
4 14
5 65
6 46
7 57
8 48
9 99
10 80
0
10
1 31
2 109
3 104
4 4
5 55
6 105
7 67
8 58
9 89
10 90
5
drop 2 5729
drop 3 5736
drop 6 5735
pick 2 5747
pick 6 5745
10
1 41
2 82
3 33
4 101
5 45
6 46
7 77
8 68
9 79
10 109
3
drop 4 5733
drop 10 5722
pick 4 5741
9
1 51
2 72
3 43
4 4
5 35
6 36
7 108
8 78
9 69
3
drop 7 5732
pick 7 5737
pick 10 5751
10
1 61
2 62
3 105
4 14
5 25
6 26
7 77
8 88
9 59
10 90
1
pick 3 5744
10
1 71
2 52
3 43
4 24
5 15
6 16
7 67
8 109
9 49
10 80
1
drop 8 5743
10
1 108
2 42
3 53
4 34
5 5
6 102
7 57
8 88
9 39
10 108
4
drop 1 5739
drop 6 5745
drop 10 5751
pick 6 5738
10
1 71
2 32
3 63
4 44
5 101
6 16
7 47
8 98
9 29
10 80
4
drop 5 5728
drop 5 5734
pick 5 5746
pick 5 5753
10
1 61
2 22
3 73
4 54
5 5
6 26
7 37
8 110
9 19
10 70
1
pick 8 5757
10
1 107
2 12
3 83
4 64
5 15
6 36
7 27
8 98
9 9
10 107
2
pick 1 5740
pick 10 5750
10
1 61
2 2
3 109
4 74
5 25
6 104
7 17
8 88
9 101
10 70
5
drop 3 5744
drop 6 5738
drop 9 5724
pick 9 5752
pick 9 5758
10
1 51
2 101
3 83
4 84
5 103
6 36
7 7
8 78
9 9
10 60
7
drop 2 5747
drop 5 5746
drop 5 5753
pick 2 5754
pick 2 5755
pick 2 5761
pick 5 5749
10
1 41
2 2
3 73
4 109
5 25
6 46
7 101
8 68
9 19
10 50
3
drop 4 5741
drop 7 5737
pick 7 5756
9
1 31
2 12
3 63
5 15
6 105
7 7
8 58
9 29
10 40
2
pick 6 5748
pick 6 5760
9
1 21
2 22
3 53
5 5
6 46
7 17
8 48
9 39
10 30
0
9
1 11
2 32
3 106
5 101
6 36
7 27
8 38
9 49
10 20
3
drop 5 5749
pick 3 5726
pick 5 5762
9
1 1
2 104
3 53
5 5
6 26
7 37
8 28
9 59
10 10
4
drop 2 5754
drop 2 5755
drop 2 5761
pick 4 5768
10
1 101
2 32
3 43
4 84
5 15
6 16
7 47
8 18
9 69
10 101
4
drop 1 5740
drop 10 5750
pick 1 5763
pick 10 5764
10
1 1
2 42
3 33
4 74
5 25
6 6
7 57
8 8
9 107
10 10
2
drop 9 5752
drop 9 5758
10
1 11
2 105
3 23
4 64
5 103
6 101
7 67
8 101
9 69
10 20
8
drop 5 5762
drop 6 5748
drop 6 5760
drop 8 5757
pick 2 5759
pick 5 5770
pick 6 5766
pick 8 5767
10
1 102
2 42
3 13
4 54
5 25
6 6
7 77
8 8
9 59
10 30
2
drop 1 5763
pick 1 5742
10
1 11
2 32
3 3
4 44
5 15
6 16
7 108
8 18
9 106
10 40
4
drop 7 5756
pick 7 5772
pick 7 5774
pick 9 5765
10
1 1
2 22
3 101
4 34
5 5
6 26
7 77
8 28
9 59
10 50
2
drop 3 5726
pick 3 5769
10
1 101
2 103
3 3
4 24
5 101
6 36
7 67
8 38
9 69
10 60
5
drop 1 5742
drop 2 5759
drop 5 5770
pick 1 5775
pick 5 5778
9
1 1
3 13
4 14
5 5
6 46
7 57
8 48
9 107
10 70
1
drop 9 5765
9
1 11
3 23
4 4
5 15
6 56
7 47
8 58
9 69
10 80
1
pick 2 5786
10
1 21
2 22
3 103
4 101
5 25
6 66
7 37
8 68
9 79
10 90
3
drop 3 5769
drop 4 5768
pick 4 5780
10
1 31
2 12
3 23
4 4
5 35
6 76
7 27
8 107
9 108
10 109
6
drop 8 5767
drop 10 5764
pick 8 5792
pick 9 5776
pick 10 5773
pick 10 5788
10
1 41
2 2
3 33
4 14
5 45
6 108
7 17
8 68
9 79
10 90
2
drop 6 5766
pick 6 5789
10
1 51
2 101
3 104
4 102
5 55
6 76
7 7
8 58
9 69
10 80
6
drop 2 5786
drop 4 5780
pick 2 5783
pick 3 5779
pick 4 5781
pick 4 5797
10
1 61
2 2
3 33
4 14
5 65
6 66
7 101
8 48
9 59
10 70
4
drop 7 5772
drop 7 5774
pick 7 5785
pick 7 5787
10
1 71
2 12
3 23
4 24
5 75
6 56
7 7
8 38
9 106
10 60
1
drop 9 5776
10
1 81
2 22
3 13
4 34
5 85
6 46
7 17
8 28
9 59
10 50
0
10
1 109
2 103
3 3
4 44
5 95
6 36
7 27
8 18
9 49
10 40
4
drop 1 5775
drop 2 5783
pick 1 5782
pick 2 5803
10
1 81
2 22
3 101
4 54
5 110
6 26
7 37
8 8
9 105
10 30
8
drop 3 5779
drop 5 5778
pick 3 5793
pick 5 5777
pick 9 5771
pick 9 5802
pick 9 5804
pick 9 5805
10
1 71
2 12
3 3
4 106
5 95
6 16
7 47
8 101
9 49
10 20
4
drop 4 5781
drop 4 5797
drop 8 5792
pick 8 5806
10
1 61
2 2
3 13
4 54
5 85
6 6
7 57
8 8
9 39
10 10
0
10
1 51
2 101
3 23
4 64
5 75
6 101
7 67
8 18
9 29
10 101
6
drop 2 5803
drop 6 5789
drop 10 5773
drop 10 5788
pick 2 5807
pick 6 5810
9
1 106
2 2
3 33
4 107
5 65
6 6
7 107
8 28
9 19
5
drop 1 5782
drop 7 5785
drop 7 5787
pick 4 5801
pick 10 5811
10
1 51
2 12
3 43
4 64
5 55
6 16
7 67
8 38
9 9
10 10
0
10
1 61
2 22
3 53
4 54
5 45
6 26
7 77
8 104
9 101
10 20
8
drop 8 5806
drop 9 5771
drop 9 5802
drop 9 5804
drop 9 5805
pick 8 5795
pick 9 5813
pick 9 5816
10
1 107
2 32
3 63
4 44
5 105
6 36
7 108
8 38
9 9
10 30
3
drop 5 5777
pick 1 5808
pick 7 5791
10
1 61
2 42
3 73
4 34
5 45
6 46
7 77
8 48
9 19
10 40
0
10
1 51
2 52
3 108
4 24
5 35
6 56
7 67
8 58
9 29
10 50
3
drop 3 5793
pick 3 5796
pick 3 5800
10
1 41
2 62
3 73
4 103
5 104
6 106
7 57
8 106
9 39
10 60
5
drop 4 5801
drop 6 5810
drop 8 5795
pick 5 5809
pick 6 5819
9
1 31
2 107
3 63
5 35
6 56
7 47
8 58
9 49
10 70
2
drop 2 5807
pick 4 5823
10
1 21
2 62
3 53
4 24
5 25
6 66
7 37
8 68
9 59
10 80
0
10
1 11
2 72
3 43
4 14
5 15
6 76
7 27
8 78
9 69
10 90
0
10
1 1
2 82
3 33
4 4
5 102
6 86
7 17
8 108
9 107
10 100
6
drop 5 5809
drop 9 5813
drop 9 5816
pick 5 5799
pick 5 5812
pick 8 5825
10
1 101
2 109
3 23
4 101
5 15
6 109
7 102
8 78
9 69
10 110
14
drop 1 5808
drop 4 5823
drop 6 5819
drop 7 5791
drop 10 5811
pick 1 5815
pick 1 5828
pick 2 5794
pick 4 5817
pick 4 5818
pick 4 5821
pick 10 5790
pick 10 5798
pick 10 5814
9
1 1
2 82
3 13
4 4
5 5
6 86
8 68
9 59
10 100
1
pick 7 5832
10
1 11
2 72
3 3
4 14
5 101
6 96
7 17
8 58
9 49
10 90
4
drop 5 5799
drop 5 5812
pick 5 5820
pick 5 5831
10
1 21
2 62
3 101
4 24
5 5
6 110
7 7
8 48
9 105
10 80
5
drop 3 5796
drop 3 5800
pick 3 5822
pick 6 5784
pick 9 5830
10
1 31
2 52
3 3
4 34
5 15
6 96
7 101
8 38
9 49
10 70
2
drop 7 5832
pick 7 5824
10
1 104
2 42
3 13
4 44
5 25
6 86
7 7
8 28
9 39
10 60
2
drop 1 5815
drop 1 5828
9
2 32
3 23
4 54
5 35
6 76
7 17
8 18
9 29
10 50
0
9
2 22
3 33
4 64
5 45
6 66
7 27
8 8
9 19
10 40
1
pick 1 5839
10
1 31
2 12
3 43
4 74
5 55
6 56
7 103
8 101
9 9
10 30
5
drop 7 5824
drop 8 5825
pick 7 5829
pick 8 5826
pick 8 5833
10
1 41
2 102
3 53
4 108
5 65
6 46
7 27
8 8
9 101
10 20
7
drop 2 5794
drop 4 5817
drop 4 5818
drop 4 5821
drop 9 5830
pick 4 5836
pick 9 5835
10
1 51
2 12
3 63
4 74
5 75
6 36
7 17
8 18
9 9
10 10
0
10
1 61
2 2
3 73
4 64
5 85
6 26
7 7
8 28
9 19
10 101
5
drop 10 5790
drop 10 5798
drop 10 5814
pick 10 5837
pick 10 5841
10
1 71
2 101
3 83
4 54
5 95
6 16
7 101
8 38
9 29
10 10
4
drop 7 5829
pick 2 5834
pick 2 5843
pick 7 5840
10
1 81
2 2
3 109
4 44
5 110
6 6
7 7
8 48
9 39
10 20
5
drop 3 5822
drop 5 5820
drop 5 5831
pick 3 5842
pick 5 5827
10
1 91
2 12
3 83
4 34
5 95
6 101
7 17
8 58
9 49
10 30
2
drop 6 5784
pick 6 5844
10
1 110
2 22
3 73
4 24
5 85
6 6
7 102
8 106
9 105
10 40
7
drop 1 5839
drop 7 5840
drop 8 5826
drop 8 5833
drop 9 5835
pick 8 5846
pick 9 5838
9
2 32
3 63
4 14
5 75
6 16
7 17
8 58
9 49
10 50
0
9
2 42
3 53
4 4
5 65
6 26
7 7
8 48
9 39
10 60
1
pick 1 5857
10
1 91
2 52
3 106
4 101
5 55
6 36
7 101
8 38
9 29
10 70
6
drop 3 5842
drop 4 5836
pick 3 5852
pick 4 5848
pick 4 5851
pick 7 5847
10
1 81
2 62
3 53
4 4
5 45
6 46
7 7
8 28
9 19
10 80
0
10
1 71
2 72
3 43
4 14
5 105
6 56
7 17
8 18
9 9
10 108
4
drop 5 5827
drop 10 5837
drop 10 5841
pick 10 5862
9
1 61
2 82
3 105
4 24
6 106
7 27
8 8
9 101
10 80
7
drop 3 5852
drop 6 5844
drop 9 5838
pick 5 5868
pick 9 5849
pick 9 5856
pick 9 5859
10
1 51
2 109
3 43
4 34
5 45
6 56
7 103
8 101
9 9
10 90
6
drop 2 5834
drop 2 5843
drop 7 5847
drop 8 5846
pick 7 5863
pick 8 5853
9
1 41
3 33
4 44
5 35
6 66
7 27
8 8
9 19
10 109
2
drop 10 5862
pick 2 5870
10
1 31
2 82
3 104
4 54
5 25
6 107
7 37
8 18
9 29
10 90
4
pick 3 5854
pick 3 5873
pick 6 5845
pick 6 5850
10
1 21
2 72
3 33
4 64
5 15
6 66
7 47
8 102
9 39
10 100
2
drop 8 5853
pick 8 5864
10
1 11
2 62
3 23
4 74
5 5
6 56
7 57
8 18
9 49
10 110
2
pick 10 5865
pick 10 5872
10
1 1
2 52
3 13
4 84
5 101
6 46
7 106
8 8
9 59
10 100
3
drop 5 5868
drop 7 5863
pick 5 5858
9
1 101
2 42
3 3
4 94
5 5
6 36
8 101
9 69
10 90
7
drop 1 5857
drop 8 5864
pick 1 5860
pick 1 5871
pick 7 5879
pick 8 5861
pick 8 5878
10
1 1
2 32
3 101
4 110
5 15
6 26
7 57
8 8
9 107
10 80
10
drop 3 5854
drop 3 5873
drop 4 5848
drop 4 5851
drop 9 5849
drop 9 5856
drop 9 5859
pick 3 5866
pick 3 5869
pick 9 5867
10
1 11
2 104
3 3
4 94
5 25
6 16
7 47
8 18
9 69
10 70
2
drop 2 5870
pick 2 5855
10
1 21
2 32
3 13
4 84
5 35
6 6
7 37
8 28
9 59
10 60
0
10
1 31
2 22
3 23
4 109
5 104
6 101
7 27
8 38
9 49
10 50
7
drop 5 5858
drop 6 5845
drop 6 5850
pick 4 5876
pick 4 5882
pick 6 5875
pick 6 5884
10
1 41
2 103
3 103
4 84
5 35
6 6
7 17
8 48
9 39
10 40
3
drop 2 5855
drop 3 5866
drop 3 5869
10
1 51
2 22
3 23
4 74
5 45
6 16
7 7
8 105
9 29
10 30
3
drop 8 5861
drop 8 5878
pick 8 5889
10
1 106
2 12
3 13
4 64
5 105
6 26
7 101
8 48
9 103
10 20
9
drop 1 5860
drop 1 5871
drop 7 5879
drop 9 5867
pick 1 5883
pick 1 5892
pick 5 5874
pick 7 5885
pick 7 5891
10
1 51
2 102
3 3
4 54
5 45
6 36
7 7
8 38
9 29
10 10
1
pick 2 5880
10
1 41
2 12
3 101
4 44
5 35
6 46
7 17
8 28
9 19
10 101
4
drop 10 5865
drop 10 5872
pick 3 5881
pick 10 5888
10
1 31
2 2
3 3
4 34
5 25
6 56
7 102
8 18
9 9
10 10
2
drop 7 5885
drop 7 5891
10
1 21
2 101
3 13
4 24
5 15
6 66
7 17
8 8
9 101
10 20
3
drop 2 5880
pick 2 5894
pick 9 5887
10
1 11
2 2
3 102
4 14
5 5
6 76
7 7
8 101
9 9
10 30
2
drop 3 5881
drop 8 5889
9
1 1
2 12
3 13
4 4
5 101
6 86
7 101
9 19
10 40
4
drop 5 5874
pick 5 5900
pick 7 5890
pick 8 5898
10
1 101
2 22
3 3
4 101
5 5
6 96
7 7
8 8
9 29
10 50
4
drop 1 5883
drop 1 5892
drop 4 5876
drop 4 5882
9
2 32
3 101
4 4
5 15
6 110
7 17
8 18
9 39
10 60
4
drop 6 5875
drop 6 5884
pick 3 5897
pick 6 5886
9
2 42
3 3
4 14
5 25
6 96
7 27
8 28
9 49
10 70
0
9
2 52
3 13
4 24
5 103
6 86
7 37
8 38
9 59
10 80
2
drop 5 5900
pick 1 5910
10
1 1
2 106
3 23
4 34
5 25
6 76
7 47
8 48
9 69
10 90
2
drop 2 5894
pick 2 5895
10
1 11
2 52
3 33
4 104
5 15
6 66
7 57
8 58
9 107
10 109
6
drop 9 5887
drop 10 5888
pick 4 5901
pick 9 5905
pick 9 5909
pick 9 5911
10
1 21
2 42
3 43
4 34
5 102
6 56
7 67
8 106
9 69
10 90
4
drop 8 5898
pick 5 5912
pick 5 5915
pick 8 5899
10
1 31
2 32
3 105
4 24
5 15
6 46
7 77
8 58
9 59
10 80
2
drop 3 5897
pick 3 5902
10
1 41
2 104
3 43
4 14
5 5
6 36
7 87
8 48
9 49
10 108
2
drop 2 5895
pick 10 5877
9
1 105
3 33
4 102
5 101
6 26
7 97
8 38
9 39
10 80
6
drop 1 5910
drop 4 5901
drop 5 5912
drop 5 5915
pick 1 5903
pick 5 5913
8
1 41
3 23
5 5
6 103
7 110
8 28
9 29
10 70
6
drop 6 5886
drop 7 5890
pick 2 5923
pick 4 5925
pick 7 5907
pick 7 5919
10
1 31
2 32
3 13
4 14
5 15
6 26
7 97
8 18
9 19
10 60
0
10
1 21
2 22
3 102
4 4
5 25
6 36
7 87
8 8
9 9
10 50
2
drop 3 5902
pick 3 5929
10
1 11
2 12
3 13
4 101
5 35
6 104
7 77
8 101
9 101
10 40
11
drop 4 5925
drop 8 5899
drop 9 5905
drop 9 5909
drop 9 5911
pick 4 5914
pick 4 5922
pick 4 5924
pick 6 5927
pick 8 5916
pick 9 5917
10
1 1
2 2
3 3
4 4
5 45
6 36
7 67
8 8
9 9
10 104
1
drop 10 5877
9
1 101
2 101
3 101
4 14
5 55
6 46
7 57
8 18
9 19
7
drop 1 5903
drop 2 5923
drop 3 5929
pick 1 5918
pick 1 5931
pick 2 5920
pick 3 5921
9
1 1
2 2
3 3
4 24
5 65
6 56
7 47
8 28
9 29
1
pick 10 5938
10
1 11
2 12
3 13
4 34
5 107
6 66
7 37
8 103
9 39
10 40
2
drop 5 5913
drop 8 5916
10
1 21
2 22
3 102
4 44
5 65
6 76
7 27
8 28
9 49
10 30
1
drop 3 5921
9
1 31
2 32
4 54
5 75
6 86
7 17
8 18
9 59
10 20
0
9
1 41
2 42
4 64
5 108
6 109
7 7
8 102
9 106
10 10
11
drop 6 5927
drop 9 5917
pick 3 5944
pick 5 5893
pick 5 5896
pick 5 5906
pick 5 5908
pick 5 5932
pick 5 5933
pick 8 5930
pick 9 5941
10
1 51
2 105
3 13
4 74
5 75
6 86
7 101
8 18
9 59
10 101
8
drop 2 5920
drop 7 5907
drop 7 5919
drop 10 5938
pick 2 5926
pick 2 5928
pick 7 5934
pick 10 5937
10
1 61
2 42
3 3
4 84
5 65
6 76
7 7
8 28
9 49
10 10
0
10
1 71
2 32
3 101
4 109
5 55
6 108
7 17
8 38
9 39
10 20
7
drop 3 5944
drop 4 5914
drop 4 5922
drop 4 5924
pick 3 5943
pick 3 5947
pick 6 5904
10
1 108
2 22
3 3
4 84
5 45
6 76
7 27
8 48
9 29
10 30
3
drop 1 5918
drop 1 5931
pick 1 5936
10
1 71
2 12
3 13
4 94
5 35
6 66
7 37
8 58
9 19
10 40
0
10
1 81
2 2
3 23
4 110
5 25
6 56
7 47
8 68
9 9
10 104
3
drop 10 5937
pick 4 5935
pick 10 5940
10
1 109
2 101
3 103
4 94
5 15
6 46
7 57
8 78
9 101
10 40
10
drop 1 5936
drop 2 5926
drop 2 5928
drop 3 5943
drop 3 5947
drop 9 5941
pick 2 5945
pick 9 5949
pick 9 5950
pick 9 5959
10
1 81
2 2
3 23
4 84
5 5
6 105
7 106
8 88
9 9
10 30
6
drop 6 5904
drop 7 5934
pick 6 5939
pick 7 5946
pick 7 5953
pick 7 5956
10
1 91
2 12
3 33
4 74
5 101
6 46
7 57
8 98
9 19
10 20
7
drop 5 5893
drop 5 5896
drop 5 5906
drop 5 5908
drop 5 5932
drop 5 5933
pick 5 5957
10
1 110
2 22
3 104
4 64
5 5
6 56
7 47
8 110
9 29
10 10
4
drop 8 5930
pick 1 5942
pick 3 5948
pick 8 5952
10
1 91
2 32
3 33
4 54
5 15
6 66
7 37
8 98
9 39
10 101
1
drop 10 5940
10
1 81
2 42
3 43
4 44
5 25
6 76
7 27
8 88
9 49
10 10
0
10
1 71
2 105
3 53
4 34
5 103
6 86
7 17
8 78
9 59
10 20
4
drop 2 5945
drop 5 5957
pick 2 5951
pick 5 5964
10
1 61
2 42
3 63
4 24
5 25
6 96
7 7
8 68
9 69
10 102
1
pick 10 5954
10
1 51
2 32
3 107
4 103
5 15
6 110
7 101
8 58
9 79
10 20
8
drop 3 5948
drop 4 5935
drop 6 5939
drop 7 5946
drop 7 5953
drop 7 5956
pick 3 5961
pick 6 5958
9
1 41
2 22
3 63
4 24
5 5
6 96
8 48
9 89
10 10
0
9
1 31
2 12
3 53
4 34
5 101
6 86
8 38
9 109
10 101
7
drop 5 5964
drop 9 5949
drop 9 5950
drop 9 5959
drop 10 5954
pick 7 5970
pick 9 5968
9
1 21
2 102
3 43
4 104
6 76
7 7
8 28
9 89
10 10
2
drop 2 5951
pick 4 5963
9
1 11
2 12
3 33
4 34
6 66
7 17
8 18
9 79
10 20
1
pick 5 5971
10
1 102
2 22
3 23
4 24
5 5
6 56
7 27
8 8
9 69
10 102
2
drop 1 5942
pick 10 5966
10
1 11
2 103
3 13
4 14
5 15
6 46
7 37
8 101
9 59
10 20
2
drop 8 5952
pick 2 5974
9
1 1
2 22
3 3
4 4
5 25
6 105
7 104
9 49
10 30
4
drop 6 5958
drop 7 5970
pick 7 5979
pick 8 5977
10
1 101
2 12
3 101
4 101
5 35
6 46
7 37
8 8
9 39
10 103
6
drop 3 5961
drop 4 5963
drop 10 5966
pick 1 5976
pick 3 5981
pick 10 5982
9
1 1
2 102
3 3
5 45
6 56
7 47
8 18
9 29
10 30
1
drop 2 5974
9
1 11
2 12
3 13
5 55
6 106
7 57
8 28
9 19
10 40
2
pick 4 5985
pick 6 5965
10
1 21
2 2
3 23
4 4
5 65
6 56
7 67
8 38
9 9
10 50
0
10
1 103
2 101
3 33
4 14
5 75
6 46
7 77
8 48
9 101
10 60
4
drop 1 5976
drop 9 5968
pick 2 5989
pick 9 5992
10
1 21
2 2
3 43
4 24
5 108
6 36
7 108
8 58
9 9
10 70
10
drop 5 5971
drop 7 5979
pick 5 5955
pick 5 5960
pick 5 5962
pick 5 5975
pick 5 5980
pick 5 5984
pick 5 5988
pick 7 5987
10
1 31
2 12
3 53
4 34
5 75
6 26
7 77
8 68
9 19
10 80
0
10
1 104
2 22
3 63
4 44
5 65
6 16
7 67
8 78
9 29
10 90
1
pick 1 5986
10
1 31
2 32
3 73
4 54
5 55
6 6
7 57
8 108
9 103
10 109
5
drop 8 5977
drop 9 5992
drop 10 5982
pick 10 5978
pick 10 5993
10
1 21
2 42
3 83
4 106
5 45
6 101
7 47
8 78
9 29
10 90
4
drop 4 5985
drop 6 5965
pick 4 5967
pick 6 5994
10
1 11
2 52
3 93
4 54
5 35
6 6
7 105
8 68
9 19
10 80
2
drop 7 5987
pick 7 6001
10
1 1
2 62
3 110
4 44
5 25
6 16
7 47
8 107
9 102
10 70
7
drop 3 5981
pick 3 5969
pick 3 5997
pick 8 5972
pick 8 5990
pick 8 6003
pick 9 5998
10
1 101
2 72
3 93
4 105
5 15
6 26
7 37
8 68
9 19
10 60
4
drop 1 5986
drop 4 5967
pick 1 5995
pick 1 6004
10
1 1
2 82
3 83
4 44
5 5
6 36
7 27
8 58
9 9
10 50
0
10
1 11
2 92
3 73
4 54
5 101
6 104
7 17
8 48
9 101
10 40
12
drop 5 5955
drop 5 5960
drop 5 5962
drop 5 5975
drop 5 5980
drop 5 5984
drop 5 5988
drop 6 5994
drop 9 5998
pick 5 5996
pick 5 6000
pick 9 6002
10
1 21
2 110
3 63
4 106
5 5
6 36
7 7
8 38
9 9
10 30
2
drop 2 5989
pick 4 6006
10
1 31
2 92
3 53
4 54
5 15
6 26
7 101
8 28
9 19
10 20
1
drop 7 6001
9
1 41
2 82
3 43
4 44
5 25
6 103
8 18
9 29
10 10
2
pick 6 6008
pick 7 6014
10
1 105
2 109
3 33
4 34
5 35
6 26
7 7
8 8
9 39
10 101
6
drop 1 5995
drop 1 6004
drop 10 5978
drop 10 5993
pick 2 5991
pick 10 6015
10
1 41
2 82
3 23
4 24
5 45
6 16
7 17
8 101
9 49
10 10
4
drop 8 5972
drop 8 5990
drop 8 6003
pick 8 6018
10
1 51
2 72
3 13
4 14
5 55
6 6
7 27
8 8
9 59
10 20
0
10
1 106
2 62
3 3
4 4
5 106
6 101
7 37
8 18
9 69
10 30
6
drop 5 5996
drop 5 6000
drop 6 6008
pick 1 6011
pick 5 6013
pick 6 6022
10
1 51
2 52
3 101
4 101
5 55
6 6
7 47
8 28
9 79
10 40
5
drop 3 5969
drop 3 5997
drop 4 6006
pick 3 6023
pick 4 6025
10
1 41
2 106
3 3
4 4
5 65
6 16
7 57
8 103
9 89
10 50
3
drop 2 5991
drop 8 6018
pick 8 6019
10
1 31
2 52
3 13
4 14
5 75
6 26
7 67
8 28
9 99
10 60
0
10
1 21
2 62
3 23
4 24
5 85
6 103
7 77
8 18
9 110
10 106
3
drop 6 6022
drop 9 6002
drop 10 6015
9
1 11
2 107
3 33
4 34
5 109
6 26
7 108
8 8
10 60
5
drop 5 6013
drop 7 6014
pick 2 5973
pick 5 5999
pick 7 6020
9
1 1
2 62
3 43
4 44
5 85
6 16
7 77
8 101
10 70
3
drop 8 6019
pick 8 6032
pick 9 6035
10
1 101
2 52
3 105
4 54
5 75
6 102
7 67
8 8
9 99
10 107
9
drop 1 6011
drop 3 6023
pick 1 6036
pick 3 6033
pick 3 6034
pick 6 6009
pick 6 6012
pick 6 6021
pick 10 5983
10
1 1
2 106
3 43
4 64
5 108
6 16
7 57
8 18
9 89
10 70
4
drop 2 5973
drop 5 5999
pick 2 6038
pick 5 6024
10
1 11
2 52
3 33
4 107
5 75
6 6
7 47
8 28
9 79
10 80
2
drop 4 6025
pick 4 6005
10
1 21
2 42
3 23
4 64
5 85
6 101
7 37
8 103
9 69
10 90
6
drop 6 6009
drop 6 6012
drop 6 6021
drop 8 6032
pick 6 6037
pick 8 6040
10
1 31
2 32
3 13
4 54
5 95
6 6
7 104
8 28
9 59
10 100
3
drop 7 6020
pick 7 6016
pick 7 6026
10
1 41
2 22
3 3
4 44
5 110
6 16
7 37
8 38
9 49
10 110
3
drop 5 6024
drop 10 5983
pick 5 6050
10
1 51
2 12
3 101
4 34
5 95
6 26
7 27
8 104
9 39
10 100
5
drop 3 6033
drop 3 6034
drop 8 6040
pick 3 6042
pick 3 6044
10
1 106
2 2
3 3
4 24
5 85
6 36
7 17
8 38
9 29
10 90
1
drop 1 6036
10
1 51
2 101
3 13
4 14
5 75
6 104
7 7
8 48
9 19
10 109
8
drop 2 6038
drop 6 6037
pick 2 6045
pick 10 6007
pick 10 6010
pick 10 6028
pick 10 6030
pick 10 6053
10
1 41
2 2
3 23
4 102
5 65
6 36
7 101
8 105
9 9
10 90
6
drop 4 6005
drop 7 6016
drop 7 6026
pick 4 6017
pick 7 6046
pick 8 6041
10
1 105
2 12
3 33
4 14
5 55
6 26
7 7
8 48
9 101
10 80
3
drop 9 6035
pick 1 6052
pick 9 6048
10
1 41
2 22
3 43
4 24
5 45
6 103
7 17
8 38
9 9
10 70
1
pick 6 6049
10
1 31
2 32
3 53
4 34
5 35
6 26
7 27
8 28
9 19
10 60
0
10
1 21
2 42
3 63
4 44
5 25
6 36
7 37
8 18
9 29
10 50
0
10
1 11
2 52
3 73
4 54
5 15
6 46
7 47
8 8
9 39
10 40
0
10
1 1
2 62
3 83
4 64
5 5
6 105
7 57
8 101
9 49
10 30
6
drop 6 6049
drop 8 6041
pick 6 6058
pick 6 6063
pick 8 6056
pick 8 6060
10
1 101
2 72
3 93
4 74
5 101
6 46
7 106
8 8
9 59
10 20
5
drop 1 6052
drop 5 6050
drop 7 6046
pick 1 6059
pick 5 6061
9
1 1
2 108
3 110
4 84
5 5
6 36
8 18
9 69
10 10
5
drop 2 6045
drop 3 6042
drop 3 6044
pick 2 6027
pick 7 6067
10
1 11
2 72
3 93
4 94
5 15
6 26
7 57
8 28
9 107
10 101
10
drop 9 6048
drop 10 6007
drop 10 6010
drop 10 6028
drop 10 6030
drop 10 6053
pick 9 6054
pick 9 6055
pick 10 6064
pick 10 6065
10
1 21
2 82
3 83
4 110
5 25
6 16
7 47
8 38
9 69
10 10
1
drop 4 6017
9
1 31
2 109
3 109
5 35
6 6
7 37
8 48
9 59
10 20
3
drop 2 6027
pick 3 6066
pick 4 6073
9
1 41
3 83
4 94
5 45
6 101
7 27
8 58
9 49
10 30
5
drop 6 6058
drop 6 6063
pick 2 6076
pick 6 6069
pick 6 6077
10
1 51
2 82
3 73
4 84
5 55
6 6
7 17
8 68
9 39
10 40
0
10
1 61
2 72
3 63
4 74
5 65
6 16
7 7
8 78
9 29
10 50
0
10
1 71
2 62
3 53
4 64
5 107
6 26
7 101
8 88
9 19
10 60
4
drop 5 6061
drop 7 6067
pick 5 6078
pick 7 6072
10
1 108
2 52
3 43
4 54
5 65
6 36
7 7
8 109
9 9
10 70
9
drop 1 6059
drop 8 6056
drop 8 6060
pick 1 6029
pick 1 6031
pick 1 6039
pick 1 6043
pick 1 6051
pick 8 6081
10
1 71
2 42
3 33
4 44
5 55
6 46
7 17
8 88
9 101
10 80
3
drop 9 6054
drop 9 6055
pick 9 6074
10
1 61
2 32
3 23
4 34
5 45
6 56
7 27
8 78
9 9
10 90
0
10
1 51
2 22
3 13
4 24
5 35
6 106
7 37
8 68
9 19
10 109
5
drop 6 6069
drop 6 6077
drop 10 6064
drop 10 6065
pick 6 6070
9
1 41
2 12
3 3
4 14
5 25
6 56
7 47
8 58
9 29
1
pick 10 6091
10
1 31
2 2
3 101
4 4
5 15
6 46
7 57
8 106
9 103
10 90
7
drop 3 6066
drop 8 6081
drop 9 6074
pick 3 6079
pick 3 6080
pick 9 6075
pick 9 6093
9
1 21
2 101
3 3
4 101
5 5
6 36
7 67
9 29
10 80
7
drop 2 6076
drop 4 6073
pick 2 6083
pick 2 6087
pick 2 6095
pick 2 6096
pick 4 6084
9
1 11
2 2
3 13
4 4
5 101
6 26
7 77
9 19
10 70
3
drop 5 6078
pick 5 6086
pick 8 6098
10
1 1
2 12
3 23
4 14
5 5
6 16
7 87
8 58
9 9
10 107
2
drop 10 6091
pick 10 6082
10
1 101
2 22
3 33
4 24
5 15
6 6
7 109
8 48
9 101
10 70
10
drop 1 6029
drop 1 6031
drop 1 6039
drop 1 6043
drop 1 6051
drop 7 6072
drop 9 6075
drop 9 6093
pick 1 6092
pick 9 6104
9
1 1
2 32
3 43
4 34
5 25
6 101
8 105
9 9
10 60
6
drop 6 6070
drop 8 6098
pick 6 6105
pick 7 6109
pick 8 6068
pick 8 6106
10
1 11
2 42
3 105
4 44
5 35
6 6
7 87
8 48
9 19
10 50
3
drop 3 6079
drop 3 6080
pick 3 6088
10
1 21
2 52
3 43
4 54
5 45
6 16
7 77
8 38
9 29
10 40
0
10
1 31
2 62
3 53
4 64
5 55
6 26
7 67
8 28
9 39
10 104
3
drop 10 6082
pick 10 6071
pick 10 6107
10
1 41
2 107
3 63
4 74
5 65
6 103
7 57
8 18
9 49
10 40
9
drop 2 6083
drop 2 6087
drop 2 6095
drop 2 6096
drop 6 6105
pick 2 6089
pick 2 6090
pick 2 6113
pick 6 6101
10
1 51
2 62
3 107
4 84
5 75
6 26
7 47
8 8
9 59
10 30
2
drop 3 6088
pick 3 6119
10
1 106
2 52
3 63
4 94
5 108
6 16
7 37
8 101
9 69
10 20
7
drop 1 6092
drop 5 6086
drop 8 6068
drop 8 6106
pick 1 6118
pick 5 6062
pick 8 6108
10
1 51
2 42
3 53
4 110
5 75
6 6
7 27
8 8
9 79
10 10
3
drop 4 6084
pick 4 6099
pick 4 6114
10
1 41
2 32
3 43
4 94
5 65
6 101
7 103
8 18
9 89
10 101
10
drop 6 6101
drop 7 6109
drop 10 6071
drop 10 6107
pick 6 6111
pick 6 6120
pick 6 6126
pick 7 6102
pick 10 6112
pick 10 6127
10
1 31
2 22
3 105
4 84
5 55
6 6
7 27
8 28
9 99
10 10
1
drop 3 6119
9
1 21
2 12
4 74
5 45
6 16
7 37
8 38
9 110
10 20
1
drop 9 6104
9
1 11
2 2
4 64
5 105
6 26
7 47
8 48
9 99
10 30
2
drop 5 6062
pick 3 6139
9
1 102
2 101
3 43
4 54
6 36
7 105
8 58
9 89
10 40
14
drop 1 6118
drop 2 6089
drop 2 6090
drop 2 6113
drop 7 6102
pick 1 6047
pick 1 6057
pick 1 6094
pick 1 6100
pick 1 6117
pick 1 6122
pick 2 6116
pick 2 6143
pick 5 6144
10
1 11
2 2
3 33
4 44
5 45
6 46
7 47
8 68
9 109
10 104
5
drop 10 6112
drop 10 6127
pick 9 6110
pick 10 6135
pick 10 6147
10
1 1
2 12
3 23
4 34
5 35
6 56
7 57
8 78
9 89
10 40
0
10
1 101
2 22
3 13
4 24
5 25
6 66
7 106
8 108
9 99
10 30
15
drop 1 6047
drop 1 6057
drop 1 6094
drop 1 6100
drop 1 6117
drop 1 6122
drop 8 6108
pick 1 6123
pick 1 6148
pick 7 6121
pick 8 6085
pick 8 6115
pick 8 6131
pick 8 6137
pick 8 6146
10
1 1
2 32
3 3
4 14
5 15
6 107
7 57
8 78
9 110
10 20
6
drop 6 6111
drop 6 6120
drop 6 6126
drop 9 6110
pick 6 6140
pick 6 6145
10
1 11
2 42
3 101
4 4
5 5
6 66
7 47
8 68
9 99
10 10
4
drop 3 6139
pick 3 6124
pick 3 6138
pick 3 6153
10
1 21
2 52
3 3
4 101
5 101
6 56
7 37
8 58
9 89
10 101
13
drop 4 6099
drop 4 6114
drop 5 6144
drop 10 6135
drop 10 6147
pick 4 6128
pick 4 6130
pick 4 6136
pick 5 6129
pick 5 6149
pick 5 6150
pick 10 6132
pick 10 6151
10
1 103
2 62
3 13
4 4
5 5
6 46
7 104
8 48
9 109
10 10
5
drop 1 6123
drop 1 6148
drop 7 6121
pick 1 6141
pick 9 6125
10
1 21
2 72
3 23
4 14
5 15
6 36
7 37
8 38
9 89
10 20
0
10
1 11
2 82
3 33
4 24
5 25
6 26
7 47
8 28
9 79
10 102
3
drop 10 6132
drop 10 6151
pick 10 6160
10
1 1
2 109
3 43
4 34
5 35
6 16
7 105
8 18
9 69
10 20
3
drop 2 6116
drop 2 6143
pick 7 6152
10
1 101
2 82
3 53
4 44
5 45
6 6
7 47
8 8
9 59
10 30
2
drop 1 6141
pick 1 6134
10
1 1
2 72
3 106
4 54
5 55
6 101
7 37
8 101
9 49
10 40
16
drop 3 6124
drop 3 6138
drop 3 6153
drop 6 6140
drop 6 6145
drop 8 6085
drop 8 6115
drop 8 6131
drop 8 6137
drop 8 6146
pick 3 6133
pick 3 6165
pick 6 6154
pick 6 6155
pick 8 6156
pick 8 6157
10
1 11
2 108
3 53
4 64
5 65
6 6
7 27
8 8
9 39
10 50
1
pick 2 6097
10
1 21
2 72
3 43
4 74
5 75
6 16
7 17
8 18
9 29
10 60
0
10
1 31
2 82
3 33
4 84
5 108
6 26
7 7
8 28
9 19
10 70
5
drop 5 6129
drop 5 6149
drop 5 6150
pick 5 6103
pick 5 6168
10
1 41
2 109
3 23
4 94
5 75
6 36
7 101
8 38
9 9
10 80
4
drop 2 6097
drop 7 6152
pick 7 6158
pick 7 6169
10
1 105
2 82
3 13
4 110
5 65
6 104
7 7
8 48
9 101
10 90
10
drop 1 6134
drop 4 6128
drop 4 6130
drop 4 6136
drop 6 6154
drop 6 6155
drop 9 6125
pick 1 6166
pick 6 6174
pick 9 6161
10
1 41
2 72
3 3
4 94
5 107
6 36
7 17
8 58
9 9
10 100
4
drop 5 6103
drop 5 6168
pick 5 6163
pick 5 6164
10
1 31
2 108
3 101
4 84
5 65
6 26
7 102
8 106
9 19
10 110
10
drop 3 6133
drop 3 6165
drop 7 6158
drop 7 6169
drop 8 6156
drop 8 6157
drop 10 6160
pick 2 6142
pick 3 6167
pick 7 6162
10
1 21
2 72
3 3
4 74
5 55
6 16
7 17
8 58
9 29
10 100
0
10
1 11
2 82
3 13
4 108
5 45
6 6
7 27
8 48
9 39
10 90
1
pick 4 6181
10
1 1
2 92
3 23
4 74
5 35
6 101
7 37
8 105
9 49
10 80
4
drop 6 6174
pick 6 6171
pick 6 6183
pick 8 6170
10
1 101
2 110
3 103
4 64
5 25
6 6
7 47
8 48
9 59
10 70
6
drop 1 6166
drop 2 6142
drop 3 6167
pick 1 6172
pick 1 6173
pick 3 6159
10
1 1
2 92
3 23
4 54
5 15
6 16
7 57
8 58
9 69
10 107
1
pick 10 6185
10
1 11
2 82
3 13
4 44
5 5
6 26
7 67
8 68
9 107
10 70
1
drop 9 6161
10
1 21
2 72
3 3
4 34
5 101
6 36
7 77
8 78
9 69
10 80
4
drop 5 6163
drop 5 6164
pick 5 6175
pick 5 6184
10
1 31
2 108
3 101
4 24
5 5
6 104
7 87
8 88
9 59
10 108
10
drop 3 6159
drop 6 6171
drop 6 6183
drop 10 6185
pick 2 6194
pick 3 6176
pick 3 6186
pick 3 6191
pick 6 6187
pick 6 6196
9
1 41
2 72
3 3
4 14
5 15
6 36
7 97
8 98
9 106
1
pick 9 6192
9
1 51
2 62
3 13
4 4
5 25
6 26
7 110
8 110
9 59
3
drop 7 6162
drop 8 6170
pick 10 6203
9
1 61
2 52
3 23
4 101
5 35
6 16
8 98
9 69
10 80
3
drop 4 6181
pick 4 6177
pick 4 6199
9
1 71
2 42
3 33
4 4
5 45
6 6
8 88
9 107
10 70
1
drop 9 6192
8
1 81
2 32
3 43
4 14
5 55
6 101
8 78
10 60
6
drop 6 6187
drop 6 6196
pick 6 6178
pick 6 6193
pick 6 6195
pick 7 6208
9
1 109
2 22
3 53
4 24
5 106
6 6
7 97
8 108
10 50
7
drop 1 6172
drop 1 6173
drop 5 6175
drop 5 6184
pick 5 6202
pick 8 6205
pick 9 6210
10
1 81
2 12
3 63
4 34
5 55
6 16
7 87
8 78
9 69
10 40
0
10
1 71
2 2
3 107
4 44
5 65
6 26
7 77
8 68
9 79
10 30
3
drop 3 6176
drop 3 6186
drop 3 6191
10
1 108
2 101
3 63
4 54
5 75
6 103
7 67
8 58
9 108
10 20
9
drop 2 6194
drop 6 6178
drop 6 6193
drop 6 6195
drop 9 6210
pick 1 6206
pick 2 6180
pick 2 6209
pick 6 6189
10
1 71
2 2
3 53
4 64
5 108
6 26
7 57
8 48
9 79
10 10
1
drop 5 6202
10
1 61
2 12
3 43
4 74
5 75
6 16
7 47
8 38
9 89
10 101
4
drop 10 6203
pick 10 6188
pick 10 6213
pick 10 6219
10
1 51
2 22
3 105
4 108
5 85
6 6
7 37
8 28
9 109
10 10
4
drop 4 6177
drop 4 6199
pick 3 6214
pick 9 6218
10
1 41
2 32
3 43
4 74
5 109
6 101
7 27
8 18
9 89
10 20
3
drop 6 6189
pick 5 6220
pick 6 6197
10
1 31
2 42
3 33
4 64
5 85
6 6
7 17
8 8
9 79
10 30
0
10
1 21
2 52
3 23
4 54
5 75
6 16
7 7
8 101
9 69
10 40
4
drop 8 6205
pick 8 6200
pick 8 6201
pick 8 6207
10
1 11
2 62
3 13
4 106
5 65
6 102
7 101
8 8
9 59
10 50
8
drop 6 6197
drop 7 6208
pick 4 6223
pick 6 6179
pick 6 6182
pick 6 6190
pick 6 6198
pick 7 6204
10
1 1
2 72
3 3
4 54
5 55
6 16
7 7
8 18
9 49
10 60
0
10
1 101
2 82
3 101
4 64
5 45
6 6
7 17
8 28
9 39
10 70
7
drop 1 6206
drop 3 6214
pick 1 6212
pick 1 6215
pick 1 6216
pick 1 6224
pick 3 6217
10
1 1
2 92
3 3
4 74
5 35
6 101
7 27
8 38
9 29
10 80
6
drop 6 6179
drop 6 6182
drop 6 6190
drop 6 6198
pick 6 6226
pick 6 6227
10
1 11
2 110
3 13
4 84
5 25
6 6
7 37
8 48
9 19
10 90
3
drop 2 6180
drop 2 6209
pick 2 6225
10
1 21
2 92
3 23
4 94
5 15
6 16
7 104
8 105
9 9
10 109
10
drop 7 6204
drop 8 6200
drop 8 6201
drop 8 6207
drop 10 6188
drop 10 6213
drop 10 6219
pick 7 6211
pick 7 6222
pick 10 6229
10
1 31
2 82
3 33
4 110
5 5
6 26
7 37
8 48
9 101
10 90
3
drop 4 6223
drop 9 6218
pick 9 6231
10
1 41
2 72
3 43
4 94
5 101
6 36
7 27
8 58
9 9
10 80
2
drop 5 6220
pick 5 6236
10
1 51
2 62
3 53
4 84
5 5
6 46
7 17
8 106
9 19
10 70
1
pick 8 6232
10
1 61
2 52
3 106
4 74
5 15
6 56
7 7
8 58
9 29
10 60
1
drop 3 6217
10
1 71
2 42
3 53
4 108
5 25
6 66
7 101
8 48
9 39
10 50
6
drop 7 6211
drop 7 6222
pick 4 6228
pick 4 6230
pick 4 6235
pick 7 6241
10
1 108
2 32
3 63
4 74
5 35
6 107
7 7
8 38
9 49
10 40
8
drop 1 6212
drop 1 6215
drop 1 6216
drop 1 6224
drop 6 6226
drop 6 6227
pick 6 6237
pick 6 6240
9
2 22
3 107
4 64
5 45
6 66
7 17
8 28
9 59
10 30
3
pick 1 6250
pick 3 6233
pick 3 6249
10
1 71
2 12
3 63
4 54
5 55
6 56
7 27
8 18
9 69
10 103
2
drop 10 6229
pick 10 6221
10
1 61
2 2
3 53
4 44
5 106
6 46
7 103
8 8
9 79
10 30
2
drop 5 6236
drop 7 6241
9
1 51
2 101
3 43
4 34
5 55
6 36
8 101
9 108
10 40
8
drop 2 6225
drop 8 6232
drop 9 6231
pick 2 6242
pick 2 6244
pick 7 6258
pick 8 6251
pick 9 6253
10
1 41
2 2
3 33
4 24
5 45
6 26
7 27
8 8
9 79
10 50
0
10
1 31
2 12
3 23
4 14
5 105
6 16
7 17
8 18
9 69
10 105
2
drop 10 6221
pick 5 6248
10
1 21
2 22
3 13
4 4
5 45
6 6
7 7
8 28
9 59
10 50
0
10
1 11
2 32
3 3
4 101
5 55
6 101
7 101
8 38
9 49
10 40
9
drop 4 6228
drop 4 6230
drop 4 6235
drop 6 6237
drop 6 6240
drop 7 6258
pick 4 6254
pick 6 6255
pick 7 6257
10
1 1
2 42
3 101
4 4
5 65
6 6
7 7
8 48
9 39
10 104
5
drop 3 6233
drop 3 6249
pick 3 6259
pick 10 6234
pick 10 6239
10
1 101
2 52
3 3
4 14
5 107
6 16
7 17
8 58
9 29
10 40
5
drop 1 6250
drop 5 6248
pick 1 6260
pick 1 6261
pick 1 6265
10
1 1
2 62
3 13
4 24
5 65
6 26
7 27
8 68
9 19
10 30
0
10
1 11
2 72
3 23
4 34
5 75
6 36
7 37
8 107
9 9
10 20
1
drop 8 6251
10
1 21
2 82
3 103
4 44
5 85
6 104
7 47
8 68
9 101
10 10
9
drop 3 6259
drop 6 6255
drop 9 6253
pick 3 6262
pick 3 6269
pick 6 6274
pick 9 6263
pick 9 6264
pick 9 6267
10
1 31
2 109
3 23
4 54
5 109
6 36
7 57
8 78
9 9
10 101
9
drop 2 6242
drop 2 6244
drop 10 6234
drop 10 6239
pick 2 6252
pick 5 6245
pick 5 6268
pick 10 6266
pick 10 6272
10
1 41
2 82
3 13
4 106
5 85
6 26
7 67
8 108
9 19
10 10
2
drop 4 6254
pick 8 6278
10
1 51
2 72
3 3
4 54
5 75
6 16
7 77
8 78
9 29
10 20
0
10
1 61
2 62
3 101
4 64
5 65
6 6
7 108
8 68
9 39
10 30
4
drop 3 6262
drop 3 6269
drop 7 6257
pick 3 6270
10
1 71
2 52
3 3
4 107
5 55
6 101
7 77
8 58
9 49
10 40
4
drop 6 6274
pick 4 6281
pick 6 6271
pick 6 6273
10
1 81
2 106
3 13
4 64
5 45
6 6
7 87
8 48
9 59
10 50
1
drop 2 6252
10
1 109
2 52
3 23
4 54
5 35
6 16
7 109
8 38
9 69
10 105
7
drop 1 6260
drop 1 6261
drop 1 6265
drop 10 6266
drop 10 6272
pick 1 6279
pick 7 6256
10
1 81
2 42
3 103
4 44
5 25
6 26
7 87
8 28
9 79
10 50
1
drop 3 6270
10
1 71
2 105
3 23
4 34
5 15
6 36
7 77
8 18
9 89
10 40
1
pick 2 6285
10
1 61
2 42
3 13
4 104
5 5
6 46
7 67
8 8
9 99
10 104
2
drop 4 6281
pick 10 6276
9
1 51
2 32
3 102
5 101
6 56
7 57
8 101
9 110
10 40
14
drop 5 6245
drop 5 6268
drop 8 6278
drop 9 6263
drop 9 6264
drop 9 6267
pick 3 6238
pick 3 6280
pick 3 6284
pick 5 6275
pick 5 6277
pick 8 6282
pick 8 6283
pick 9 6243
9
1 41
2 22
3 13
5 5
6 66
7 47
8 8
9 99
10 50
1
pick 4 6294
10
1 31
2 12
3 3
4 34
5 15
6 76
7 37
8 18
9 89
10 60
0
10
1 21
2 2
3 101
4 24
5 25
6 108
7 27
8 28
9 79
10 70
8
drop 3 6238
drop 3 6280
drop 3 6284
drop 6 6271
drop 6 6273
pick 3 6287
pick 3 6289
pick 6 6286
10
1 11
2 101
3 3
4 14
5 35
6 76
7 17
8 38
9 69
10 80
3
drop 2 6285
pick 2 6288
pick 2 6292
10
1 1
2 2
3 13
4 4
5 45
6 66
7 102
8 48
9 59
10 90
2
drop 7 6256
pick 7 6298
10
1 101
2 12
3 23
4 101
5 55
6 56
7 17
8 58
9 49
10 100
7
drop 1 6279
drop 4 6294
pick 1 6291
pick 1 6293
pick 1 6297
pick 1 6301
pick 4 6300
10
1 1
2 102
3 33
4 4
5 106
6 46
7 7
8 68
9 39
10 110
7
drop 2 6288
drop 2 6292
drop 5 6275
drop 5 6277
drop 10 6276
pick 2 6305
pick 10 6246
10
1 11
2 12
3 43
4 14
5 55
6 36
7 101
8 78
9 29
10 100
3
drop 7 6298
pick 7 6302
pick 7 6309
10
1 21
2 2
3 53
4 24
5 65
6 26
7 7
8 88
9 19
10 90
0
10
1 103
2 101
3 63
4 34
5 107
6 16
7 17
8 109
9 9
10 80
14
drop 1 6291
drop 1 6293
drop 1 6297
drop 1 6301
drop 2 6305
drop 8 6282
drop 8 6283
pick 2 6303
pick 5 6290
pick 5 6307
pick 5 6310
pick 8 6295
pick 8 6296
pick 8 6299
10
1 21
2 2
3 73
4 44
5 65
6 6
7 27
8 88
9 101
10 70
3
drop 9 6243
pick 9 6306
pick 9 6312
10
1 31
2 12
3 83
4 105
5 55
6 101
7 37
8 78
9 9
10 107
5
drop 4 6300
drop 6 6286
drop 10 6246
pick 4 6316
pick 6 6308
9
1 104
2 22
3 93
4 44
5 45
6 6
7 47
8 68
9 19
2
pick 1 6314
pick 1 6315
9
1 31
2 32
3 110
4 34
5 35
6 16
7 57
8 58
9 29
4
drop 3 6287
drop 3 6289
pick 3 6247
pick 10 6322
10
1 21
2 42
3 93
4 24
5 25
6 26
7 106
8 48
9 39
10 70
2
drop 7 6302
drop 7 6309
10
1 11
2 52
3 83
4 14
5 15
6 36
7 57
8 38
9 49
10 60
0
10
1 1
2 62
3 109
4 4
5 5
6 104
7 67
8 28
9 59
10 50
2
drop 3 6247
drop 6 6308
10
1 101
2 72
3 83
4 101
5 101
6 36
7 77
8 18
9 69
10 40
9
drop 1 6314
drop 1 6315
drop 4 6316
drop 5 6290
drop 5 6307
drop 5 6310
pick 1 6311
pick 4 6318
pick 5 6319
10
1 1
2 108
3 93
4 4
5 5
6 26
7 108
8 8
9 79
10 30
3
drop 2 6303
pick 2 6317
pick 7 6313
10
1 11
2 72
3 110
4 14
5 15
6 103
7 77
8 101
9 89
10 20
8
drop 8 6295
drop 8 6296
drop 8 6299
pick 3 6304
pick 3 6323
pick 6 6320
pick 8 6321
pick 8 6327
10
1 21
2 62
3 93
4 24
5 25
6 26
7 67
8 8
9 99
10 10
0
10
1 31
2 52
3 83
4 103
5 35
6 16
7 57
8 18
9 110
10 101
6
drop 4 6318
drop 9 6306
drop 9 6312
drop 10 6322
pick 4 6330
pick 10 6324
10
1 41
2 42
3 73
4 24
5 45
6 6
7 47
8 28
9 99
10 10
0
10
1 51
2 32
3 63
4 14
5 105
6 101
7 37
8 38
9 89
10 20
4
drop 5 6319
drop 6 6320
pick 6 6325
pick 6 6336
10
1 61
2 22
3 53
4 4
5 45
6 6
7 27
8 48
9 79
10 102
5
drop 10 6324
pick 10 6326
pick 10 6335
pick 10 6338
pick 10 6339
10
1 71
2 12
3 43
4 101
5 55
6 16
7 17
8 58
9 108
10 20
4
drop 4 6330
pick 4 6328
pick 4 6340
pick 9 6337
10
1 81
2 2
3 33
4 4
5 106
6 26
7 7
8 68
9 79
10 10
1
pick 5 6329
10
1 109
2 101
3 23
4 14
5 55
6 36
7 101
8 78
9 69
10 101
12
drop 1 6311
drop 2 6317
drop 7 6313
drop 10 6326
drop 10 6335
drop 10 6338
drop 10 6339
pick 1 6346
pick 2 6331
pick 7 6332
pick 7 6333
pick 10 6341
10
1 81
2 2
3 13
4 24
5 45
6 104
7 7
8 88
9 59
10 10
2
drop 6 6325
drop 6 6336
10
1 71
2 12
3 3
4 34
5 35
6 36
7 17
8 98
9 49
10 20
0
10
1 61
2 22
3 101
4 44
5 25
6 26
7 27
8 110
9 39
10 30
6
drop 3 6304
drop 3 6323
drop 8 6321
drop 8 6327
pick 3 6342
pick 8 6350
10
1 51
2 103
3 3
4 105
5 15
6 103
7 37
8 98
9 29
10 40
6
drop 2 6331
drop 4 6328
drop 4 6340
pick 2 6352
pick 4 6351
pick 6 6347
10
1 41
2 22
3 13
4 44
5 5
6 26
7 47
8 88
9 19
10 50
0
10
1 31
2 12
3 23
4 34
5 101
6 16
7 57
8 78
9 9
10 60
4
drop 5 6329
pick 5 6343
pick 5 6348
pick 5 6353
10
1 21
2 2
3 33
4 24
5 5
6 6
7 67
8 68
9 101
10 106
4
drop 9 6337
drop 10 6341
pick 9 6344
pick 10 6363
10
1 11
2 101
3 43
4 14
5 15
6 101
7 77
8 58
9 9
10 60
7
drop 2 6352
drop 6 6347
pick 2 6345
pick 2 6349
pick 2 6355
pick 2 6361
pick 6 6356
10
1 1
2 2
3 53
4 4
5 25
6 6
7 87
8 48
9 19
10 50
0
10
1 101
2 12
3 63
4 101
5 35
6 16
7 97
8 38
9 102
10 40
9
drop 1 6346
drop 4 6351
drop 9 6344
pick 1 6362
pick 4 6368
pick 9 6359
pick 9 6369
pick 9 6370
pick 9 6371
10
1 1
2 22
3 107
4 4
5 45
6 26
7 110
8 28
9 19
10 30
5
drop 3 6342
drop 7 6332
drop 7 6333
pick 3 6334
pick 7 6358
10
1 11
2 32
3 63
4 14
5 55
6 36
7 97
8 18
9 9
10 20
0
10
1 21
2 42
3 53
4 24
5 65
6 46
7 87
8 8
9 101
10 10
5
drop 9 6359
drop 9 6369
drop 9 6370
drop 9 6371
pick 9 6373
10
1 31
2 52
3 43
4 103
5 75
6 56
7 77
8 101
9 9
10 101
6
drop 4 6368
drop 8 6350
drop 10 6363
pick 4 6354
pick 8 6374
pick 10 6375
10
1 104
2 62
3 33
4 24
5 108
6 66
7 67
8 8
9 19
10 10
8
drop 1 6362
drop 5 6343
drop 5 6348
drop 5 6353
pick 1 6357
pick 1 6367
pick 1 6372
pick 5 6365
10
1 31
2 72
3 23
4 34
5 75
6 76
7 57
8 18
9 29
10 20
0
10
1 21
2 82
3 13
4 44
5 65
6 86
7 47
8 28
9 103
10 30
1
drop 9 6373
9
1 11
2 109
3 3
4 54
5 55
6 96
7 37
8 38
10 40
6
drop 2 6345
drop 2 6349
drop 2 6355
drop 2 6361
pick 2 6389
pick 9 6387
10
1 1
2 82
3 101
4 64
5 45
6 110
7 27
8 48
9 29
10 50
4
drop 3 6334
drop 6 6356
pick 3 6376
pick 6 6366
10
1 101
2 72
3 3
4 74
5 35
6 96
7 17
8 58
9 39
10 60
4
drop 1 6357
drop 1 6367
drop 1 6372
pick 1 6377
10
1 1
2 62
3 13
4 108
5 25
6 86
7 7
8 68
9 49
10 70
1
drop 4 6354
10
1 11
2 52
3 23
4 74
5 15
6 76
7 101
8 107
9 105
10 80
6
drop 7 6358
drop 8 6374
drop 9 6387
pick 7 6380
pick 8 6386
pick 9 6360
10
1 21
2 42
3 33
4 64
5 5
6 66
7 7
8 68
9 49
10 108
1
drop 10 6375
10
1 31
2 32
3 43
4 107
5 101
6 56
7 17
8 58
9 39
10 80
4
drop 5 6365
pick 4 6378
pick 5 6382
pick 5 6388
10
1 41
2 22
3 105
4 64
5 5
6 106
7 27
8 48
9 29
10 70
4
drop 3 6376
drop 6 6366
pick 3 6393
pick 6 6364
10
1 51
2 103
3 43
4 54
5 15
6 56
7 37
8 105
9 103
10 107
7
drop 2 6389
drop 8 6386
drop 9 6360
pick 2 6398
pick 9 6401
pick 10 6394
pick 10 6402
10
1 61
2 22
3 53
4 44
5 25
6 66
7 47
8 48
9 29
10 70
0
10
1 71
2 12
3 63
4 34
5 35
6 76
7 57
8 38
9 19
10 60
0
10
1 81
2 2
3 73
4 24
5 104
6 86
7 67
8 104
9 102
10 50
7
drop 5 6382
drop 5 6388
drop 9 6401
pick 5 6391
pick 8 6379
pick 9 6381
pick 9 6392
10
1 91
2 101
3 108
4 14
5 35
6 96
7 77
8 38
9 19
10 40
5
drop 2 6398
drop 3 6393
pick 2 6383
pick 2 6395
pick 2 6404
10
1 110
2 2
3 73
4 4
5 25
6 110
7 108
8 48
9 9
10 30
4
drop 1 6377
drop 6 6364
drop 7 6380
pick 1 6405
9
1 91
2 12
3 83
4 101
5 15
7 77
8 58
9 101
10 20
5
drop 4 6378
drop 9 6381
drop 9 6392
pick 4 6384
pick 9 6385
9
1 81
2 22
3 109
4 4
5 5
7 67
8 68
9 9
10 10
1
pick 3 6396
9
1 71
2 32
3 83
4 14
5 101
7 107
8 78
9 19
10 101
8
drop 5 6391
drop 10 6394
drop 10 6402
pick 5 6399
pick 5 6414
pick 6 6413
pick 7 6397
pick 10 6403
10
1 61
2 42
3 73
4 102
5 5
6 96
7 67
8 108
9 29
10 10
4
drop 4 6384
drop 8 6379
pick 4 6406
pick 8 6418
10
1 51
2 52
3 63
4 14
5 15
6 86
7 77
8 78
9 103
10 20
2
drop 9 6385
pick 9 6408
10
1 41
2 106
3 53
4 24
5 25
6 76
7 108
8 68
9 29
10 30
7
drop 2 6383
drop 2 6395
drop 2 6404
drop 7 6397
pick 2 6390
pick 2 6400
pick 2 6409
9
1 31
2 52
3 43
4 34
5 35
6 66
8 58
9 39
10 40
1
pick 7 6422
10
1 21
2 42
3 33
4 44
5 45
6 56
7 77
8 48
9 49
10 50
0
10
1 11
2 32
3 23
4 54
5 55
6 46
7 87
8 38
9 59
10 60
0
10
1 102
2 22
3 13
4 64
5 65
6 36
7 97
8 28
9 69
10 70
4
drop 1 6405
pick 1 6407
pick 1 6415
pick 1 6419
10
1 11
2 12
3 3
4 74
5 75
6 104
7 110
8 18
9 79
10 80
3
drop 6 6413
drop 7 6422
pick 7 6420
10
1 1
2 2
3 101
4 84
5 85
6 36
7 97
8 8
9 89
10 108
4
drop 3 6396
drop 10 6403
pick 3 6410
pick 3 6430
10
1 101
2 101
3 3
4 94
5 95
6 46
7 87
8 101
9 99
10 80
11
drop 1 6407
drop 1 6415
drop 1 6419
drop 2 6390
drop 2 6400
drop 2 6409
drop 8 6418
pick 1 6411
pick 2 6416
pick 2 6417
pick 8 6423
10
1 1
2 2
3 13
4 110
5 110
6 105
7 77
8 8
9 110
10 90
9
drop 4 6406
drop 5 6399
drop 5 6414
drop 9 6408
pick 4 6424
pick 6 6412
pick 6 6427
pick 6 6429
pick 6 6435
10
1 11
2 12
3 23
4 94
5 95
6 46
7 67
8 18
9 99
10 109
1
pick 10 6421
10
1 21
2 22
3 33
4 84
5 85
6 36
7 57
8 28
9 89
10 90
0
10
1 31
2 32
3 43
4 74
5 109
6 26
7 47
8 103
9 79
10 80
3
drop 8 6423
pick 5 6428
pick 8 6440
10
1 41
2 42
3 105
4 64
5 85
6 16
7 37
8 28
9 108
10 70
3
drop 3 6410
drop 3 6430
pick 9 6444
10
1 51
2 52
3 43
4 54
5 75
6 6
7 27
8 18
9 79
10 60
0
10
1 61
2 62
3 53
4 44
5 65
6 101
7 17
8 8
9 69
10 50
6
drop 6 6412
drop 6 6427
drop 6 6429
drop 6 6435
pick 6 6426
pick 6 6434
10
1 71
2 72
3 106
4 34
5 55
6 6
7 7
8 101
9 59
10 40
4
drop 8 6440
pick 3 6436
pick 8 6431
pick 8 6447
10
1 81
2 108
3 53
4 24
5 45
6 16
7 101
8 8
9 49
10 30
7
drop 2 6416
drop 2 6417
drop 7 6420
pick 2 6446
pick 7 6432
pick 7 6450
pick 7 6452
10
1 109
2 72
3 43
4 103
5 35
6 26
7 7
8 18
9 39
10 20
2
drop 1 6411
drop 4 6424
10
1 81
2 62
3 105
4 24
5 25
6 36
7 17
8 28
9 29
10 10
2
drop 3 6436
pick 3 6451
10
1 71
2 52
3 43
4 14
5 15
6 104
7 27
8 38
9 19
10 101
6
drop 6 6426
drop 6 6434
drop 10 6421
pick 6 6454
pick 10 6437
pick 10 6453
10
1 108
2 42
3 33
4 102
5 5
6 36
7 37
8 48
9 9
10 10
4
pick 1 6459
pick 1 6460
pick 1 6461
pick 4 6425
10
1 71
2 32
3 104
4 14
5 101
6 26
7 47
8 58
9 101
10 20
7
drop 3 6451
drop 5 6428
drop 9 6444
pick 3 6462
pick 5 6438
pick 5 6463
pick 9 6439
10
1 61
2 22
3 33
4 24
5 5
6 16
7 57
8 68
9 9
10 30
0
10
1 51
2 12
3 23
4 34
5 15
6 6
7 67
8 78
9 19
10 103
2
drop 10 6437
drop 10 6453
9
1 41
2 2
3 103
4 44
5 102
6 101
7 107
8 88
9 29
13
drop 3 6462
drop 5 6438
drop 5 6463
drop 6 6454
drop 7 6432
drop 7 6450
drop 7 6452
pick 5 6445
pick 5 6448
pick 6 6443
pick 6 6456
pick 7 6433
pick 7 6467
9
1 31
2 101
3 23
4 54
5 15
6 6
7 67
8 98
9 39
3
drop 2 6446
pick 2 6455
pick 10 6472
10
1 21
2 2
3 13
4 64
5 5
6 16
7 57
8 110
9 49
10 30
5
drop 8 6431
drop 8 6447
pick 8 6464
pick 8 6465
pick 8 6469
10
1 11
2 12
3 102
4 107
5 101
6 26
7 47
8 98
9 59
10 20
5
drop 4 6425
drop 5 6445
drop 5 6448
pick 3 6441
pick 5 6457
10
1 1
2 22
3 13
4 64
5 5
6 36
7 37
8 88
9 69
10 10
0
10
1 101
2 32
3 3
4 54
5 15
6 46
7 27
8 78
9 79
10 101
7
drop 1 6459
drop 1 6460
drop 1 6461
drop 10 6472
pick 1 6466
pick 1 6477
pick 10 6471
10
1 1
2 104
3 101
4 106
5 25
6 56
7 17
8 68
9 89
10 10
5
drop 2 6455
drop 3 6441
pick 2 6476
pick 3 6475
pick 4 6442
10
1 11
2 32
3 3
4 54
5 35
6 106
7 7
8 58
9 109
10 20
7
drop 6 6443
drop 6 6456
drop 9 6439
pick 6 6449
pick 6 6458
pick 9 6468
pick 9 6470
10
1 21
2 22
3 13
4 64
5 45
6 56
7 101
8 48
9 89
10 30
3
drop 7 6433
drop 7 6467
pick 7 6480
10
1 31
2 12
3 102
4 74
5 55
6 46
7 7
8 38
9 79
10 40
2
drop 3 6475
pick 3 6473
10
1 41
2 2
3 13
4 84
5 65
6 36
7 17
8 28
9 69
10 50
0
10
1 51
2 101
3 23
4 94
5 75
6 26
7 27
8 18
9 59
10 60
2
drop 2 6476
pick 2 6482
10
1 61
2 2
3 33
4 110
5 85
6 16
7 37
8 8
9 49
10 106
2
drop 4 6442
drop 10 6471
9
1 71
2 12
3 43
5 95
6 6
7 104
8 101
9 39
10 60
9
drop 7 6480
drop 8 6464
drop 8 6465
drop 8 6469
pick 4 6493
pick 7 6486
pick 7 6489
pick 8 6483
pick 8 6490
10
1 108
2 22
3 53
4 94
5 110
6 101
7 37
8 8
9 29
10 70
7
drop 1 6466
drop 1 6477
drop 5 6457
drop 6 6449
drop 6 6458
pick 1 6474
pick 6 6484
10
1 71
2 32
3 63
4 84
5 95
6 6
7 27
8 18
9 19
10 107
1
pick 10 6481
10
1 61
2 42
3 73
4 74
5 85
6 16
7 17
8 28
9 9
10 70
0
10
1 51
2 105
3 83
4 64
5 109
6 26
7 7
8 38
9 101
10 60
8
drop 2 6482
drop 9 6468
drop 9 6470
pick 2 6494
pick 2 6500
pick 5 6488
pick 5 6496
pick 9 6485
10
1 41
2 42
3 109
4 107
5 85
6 103
7 101
8 48
9 9
10 50
7
drop 3 6473
drop 4 6493
drop 6 6484
drop 7 6486
drop 7 6489
pick 6 6478
pick 7 6492
9
1 31
2 32
4 64
5 75
6 26
7 7
8 58
9 19
10 40
0
9
1 21
2 22
4 74
5 65
6 16
7 17
8 68
9 102
10 30
3
drop 9 6485
pick 3 6504
pick 9 6491
10
1 11
2 12
3 83
4 108
5 55
6 6
7 27
8 78
9 19
10 20
2
pick 4 6479
pick 4 6498
10
1 1
2 2
3 73
4 74
5 45
6 101
7 37
8 88
9 29
10 10
2
drop 6 6478
pick 6 6495
10
1 101
2 101
3 63
4 64
5 35
6 6
7 47
8 98
9 39
10 101
7
drop 1 6474
drop 2 6494
drop 2 6500
drop 10 6481
pick 1 6499
pick 2 6501
pick 10 6508
10
1 1
2 2
3 53
4 54
5 25
6 16
7 57
8 110
9 49
10 10
3
drop 8 6483
drop 8 6490
pick 8 6511
10
1 11
2 12
3 43
4 44
5 15
6 26
7 67
8 98
9 59
10 20
0
10
1 21
2 22
3 33
4 34
5 5
6 103
7 77
8 88
9 69
10 30
2
drop 6 6495
pick 6 6487
10
1 31
2 32
3 23
4 104
5 101
6 26
7 87
8 78
9 107
10 40
9
drop 4 6479
drop 4 6498
drop 5 6488
drop 5 6496
drop 9 6491
pick 4 6507
pick 5 6512
pick 5 6519
pick 9 6509
10
1 41
2 104
3 103
4 34
5 5
6 36
7 109
8 68
9 69
10 50
5
drop 2 6501
drop 3 6504
drop 7 6492
pick 2 6521
pick 7 6517
10
1 51
2 32
3 23
4 24
5 15
6 46
7 87
8 58
9 59
10 60
0
10
1 61
2 42
3 13
4 14
5 25
6 105
7 77
8 48
9 49
10 70
2
drop 6 6487
pick 6 6502
10
1 71
2 52
3 102
4 4
5 103
6 46
7 67
8 38
9 39
10 80
5
drop 5 6512
drop 5 6519
pick 3 6503
pick 3 6522
pick 3 6526
10
1 81
2 106
3 13
4 101
5 25
6 36
7 57
8 28
9 29
10 108
7
drop 2 6521
drop 4 6507
drop 10 6508
pick 2 6497
pick 4 6513
pick 4 6525
pick 10 6506
10
1 91
2 52
3 3
4 4
5 35
6 26
7 47
8 18
9 19
10 80
0
10
1 110
2 42
3 101
4 14
5 104
6 16
7 37
8 8
9 9
10 70
7
drop 1 6499
drop 3 6503
drop 3 6522
drop 3 6526
pick 3 6514
pick 3 6518
pick 5 6527
10
1 91
2 32
3 3
4 24
5 35
6 6
7 27
8 101
9 101
10 60
4
drop 8 6511
drop 9 6509
pick 8 6515
pick 9 6520
10
1 81
2 22
3 13
4 34
5 45
6 101
7 17
8 8
9 9
10 50
2
drop 6 6502
pick 6 6523
10
1 109
2 12
3 102
4 44
5 105
6 6
7 7
8 18
9 19
10 40
6
drop 3 6514
drop 3 6518
drop 5 6527
pick 1 6529
pick 5 6528
pick 5 6530
10
1 81
2 102
3 13
4 54
5 45
6 16
7 101
8 28
9 29
10 30
3
drop 2 6497
drop 7 6517
pick 7 6532
10
1 71
2 12
3 3
4 64
5 55
6 26
7 7
8 38
9 103
10 20
1
drop 9 6520
10
1 61
2 2
3 101
4 107
5 65
6 36
7 17
8 48
9 29
10 10
4
drop 4 6513
drop 4 6525
pick 3 6524
pick 4 6538
10
1 51
2 101
3 3
4 64
5 75
6 46
7 27
8 105
9 19
10 101
6
drop 8 6515
drop 10 6506
pick 2 6531
pick 10 6536
pick 10 6539
pick 10 6540
10
1 41
2 2
3 13
4 54
5 108
6 56
7 37
8 48
9 9
10 10
3
drop 5 6528
drop 5 6530
pick 5 6537
10
1 105
2 12
3 23
4 44
5 75
6 66
7 47
8 58
9 101
10 20
2
drop 1 6529
pick 9 6534
9
2 22
3 33
4 34
5 65
6 76
7 57
8 106
9 9
10 30
4
pick 8 6505
pick 8 6510
pick 8 6516
pick 8 6535
9
2 32
3 43
4 24
5 55
6 86
7 106
8 58
9 19
10 40
2
drop 7 6532
pick 1 6547
10
1 41
2 42
3 53
4 14
5 45
6 96
7 57
8 48
9 29
10 104
3
drop 10 6536
drop 10 6539
drop 10 6540
9
1 31
2 52
3 63
4 4
5 35
6 110
7 47
8 38
9 103
4
drop 6 6523
drop 9 6534
pick 6 6533
pick 9 6552
9
1 21
2 106
3 73
4 101
5 25
6 96
7 105
8 28
9 29
7
drop 2 6531
drop 4 6538
pick 4 6541
pick 4 6545
pick 4 6558
pick 7 6548
pick 10 6559
10
1 11
2 52
3 83
4 4
5 15
6 86
7 47
8 18
9 19
10 40
0
10
1 1
2 42
3 109
4 14
5 5
6 76
7 57
8 8
9 9
10 50
1
drop 3 6524
9
1 101
2 105
4 24
5 101
6 66
7 67
8 101
9 101
10 60
15
drop 1 6547
drop 5 6537
drop 8 6505
drop 8 6510
drop 8 6516
drop 8 6535
drop 9 6552
pick 1 6542
pick 1 6546
pick 2 6555
pick 2 6560
pick 5 6543
pick 5 6557
pick 8 6544
pick 9 6551
9
1 1
2 42
4 34
5 5
6 56
7 107
8 8
9 9
10 70
3
drop 7 6548
pick 3 6568
pick 3 6569
10
1 11
2 32
3 83
4 44
5 15
6 46
7 67
8 18
9 19
10 80
0
10
1 21
2 22
3 73
4 54
5 25
6 36
7 77
8 28
9 29
10 90
0
10
1 31
2 12
3 63
4 106
5 35
6 26
7 108
8 38
9 39
10 109
6
drop 4 6541
drop 4 6545
drop 4 6558
drop 10 6559
pick 4 6565
pick 7 6550
10
1 41
2 2
3 53
4 54
5 45
6 16
7 77
8 48
9 49
10 90
0
10
1 51
2 101
3 43
4 64
5 55
6 6
7 67
8 58
9 105
10 80
8
drop 2 6555
drop 2 6560
drop 9 6551
pick 2 6561
pick 2 6562
pick 2 6578
pick 9 6570
pick 9 6572
10
1 61
2 2
3 33
4 74
5 65
6 101
7 57
8 68
9 49
10 108
3
drop 6 6533
pick 6 6566
pick 10 6553
10
1 71
2 12
3 23
4 108
5 107
6 6
7 47
8 78
9 39
10 80
6
drop 4 6565
drop 5 6543
drop 5 6557
pick 4 6554
pick 4 6556
pick 5 6577
10
1 108
2 22
3 13
4 74
5 65
6 16
7 37
8 88
9 29
10 90
3
drop 1 6542
drop 1 6546
pick 1 6564
10
1 71
2 32
3 3
4 64
5 55
6 26
7 27
8 98
9 19
10 100
0
10
1 61
2 104
3 101
4 54
5 106
6 103
7 17
8 110
9 9
10 110
15
drop 2 6561
drop 2 6562
drop 2 6578
drop 3 6568
drop 3 6569
drop 5 6577
drop 6 6566
drop 8 6544
drop 10 6553
pick 2 6563
pick 3 6567
pick 3 6584
pick 5 6582
pick 8 6575
pick 10 6576
10
1 51
2 32
3 3
4 44
5 55
6 26
7 102
8 98
9 101
10 100
5
drop 7 6550
drop 9 6570
drop 9 6572
pick 7 6592
pick 9 6571
10
1 41
2 22
3 13
4 34
5 45
6 16
7 17
8 88
9 9
10 90
0
10
1 105
2 12
3 23
4 24
5 35
6 102
7 7
8 78
9 19
10 80
3
drop 1 6564
pick 1 6593
pick 6 6549
10
1 41
2 2
3 33
4 14
5 25
6 16
7 101
8 68
9 102
10 70
6
drop 7 6592
drop 9 6571
pick 7 6573
pick 7 6574
pick 7 6579
pick 7 6590
10
1 31
2 101
3 43
4 4
5 103
6 6
7 7
8 58
9 19
10 60
3
drop 2 6563
drop 5 6582
pick 2 6586
10
1 21
2 2
3 53
4 101
5 25
6 101
7 17
8 106
9 9
10 50
9
drop 4 6554
drop 4 6556
drop 6 6549
drop 8 6575
pick 4 6587
pick 4 6603
pick 6 6591
pick 8 6588
pick 8 6597
10
1 11
2 12
3 63
4 4
5 35
6 6
7 27
8 58
9 101
10 40
1
pick 9 6581
10
1 1
2 22
3 73
4 14
5 104
6 16
7 37
8 48
9 9
10 30
1
pick 5 6595
10
1 101
2 32
3 83
4 24
5 35
6 26
7 47
8 38
9 19
10 103
6
drop 1 6593
drop 10 6576
pick 1 6594
pick 1 6601
pick 1 6605
pick 10 6610
10
1 1
2 104
3 93
4 34
5 25
6 36
7 57
8 28
9 29
10 30
1
drop 2 6586
9
1 11
3 110
4 44
5 15
6 46
7 67
8 18
9 39
10 20
5
drop 3 6567
drop 3 6584
pick 2 6615
pick 3 6589
pick 3 6607
10
1 21
2 32
3 93
4 54
5 5
6 105
7 77
8 8
9 49
10 10
2
drop 6 6591
pick 6 6612
10
1 31
2 22
3 83
4 106
5 101
6 46
7 108
8 101
9 59
10 101
19
drop 4 6587
drop 4 6603
drop 5 6595
drop 7 6573
drop 7 6574
drop 7 6579
drop 7 6590
drop 8 6588
drop 8 6597
drop 10 6610
pick 4 6613
pick 5 6600
pick 5 6604
pick 5 6608
pick 5 6617
pick 7 6585
pick 7 6619
pick 8 6606
pick 10 6609
10
1 41
2 12
3 73
4 54
5 5
6 36
7 77
8 8
9 69
10 10
0
10
1 51
2 2
3 63
4 64
5 15
6 26
7 67
8 18
9 107
10 20
5
drop 9 6581
pick 9 6580
pick 9 6583
pick 9 6599
pick 9 6616
10
1 61
2 101
3 53
4 74
5 25
6 16
7 57
8 102
9 69
10 30
3
drop 2 6615
drop 8 6606
pick 2 6611
10
1 71
2 2
3 43
4 84
5 103
6 6
7 47
8 18
9 59
10 40
4
drop 5 6600
drop 5 6604
drop 5 6608
drop 5 6617
9
1 81
2 12
3 33
4 94
6 101
7 37
8 28
9 49
10 50
2
drop 6 6612
pick 6 6626
9
1 91
2 22
3 23
4 110
6 6
7 104
8 103
9 39
10 60
6
drop 4 6613
drop 7 6585
drop 7 6619
pick 4 6618
pick 4 6633
pick 8 6624
9
1 110
2 32
3 13
4 94
6 16
7 37
8 28
9 29
10 70
4
drop 1 6594
drop 1 6601
drop 1 6605
pick 5 6639
10
1 91
2 104
3 3
4 84
5 25
6 26
7 47
8 18
9 19
10 80
1
drop 2 6611
9
1 81
3 101
4 74
5 35
6 103
7 105
8 8
9 9
10 108
12
drop 3 6589
drop 3 6607
drop 6 6626
drop 10 6609
pick 2 6643
pick 3 6628
pick 7 6627
pick 10 6596
pick 10 6602
pick 10 6620
pick 10 6621
pick 10 6622
9
1 109
2 32
3 3
4 64
5 45
7 47
8 101
9 101
10 80
9
drop 8 6624
drop 9 6580
drop 9 6583
drop 9 6599
drop 9 6616
pick 1 6614
pick 8 6632
pick 9 6634
pick 9 6640
9
1 81
2 22
3 13
4 54
5 55
7 57
8 8
9 9
10 70
2
pick 6 6648
pick 6 6650
10
1 71
2 12
3 102
4 44
5 65
6 26
7 67
8 18
9 19
10 60
3
drop 3 6628
pick 3 6644
pick 3 6646
10
1 61
2 2
3 13
4 34
5 75
6 16
7 107
8 28
9 29
10 50
3
drop 7 6627
pick 7 6598
pick 7 6635
10
1 51
2 101
3 3
4 24
5 85
6 6
7 67
8 38
9 39
10 40
2
drop 2 6643
pick 2 6642
10
1 41
2 2
3 101
4 14
5 109
6 101
7 57
8 104
9 49
10 30
12
drop 3 6644
drop 3 6646
drop 5 6639
drop 6 6648
drop 6 6650
drop 8 6632
pick 3 6645
pick 5 6623
pick 5 6636
pick 5 6641
pick 5 6656
pick 6 6658
9
1 105
2 12
3 3
4 4
5 85
6 6
7 47
9 59
10 20
3
drop 1 6614
pick 1 6630
pick 8 6660
10
1 41
2 22
3 13
4 101
5 75
6 16
7 37
8 38
9 69
10 10
2
drop 4 6618
drop 4 6633
9
1 51
2 32
3 23
5 65
6 102
7 27
8 28
9 107
10 101
14
drop 6 6658
drop 9 6634
drop 9 6640
drop 10 6596
drop 10 6602
drop 10 6620
drop 10 6621
drop 10 6622
pick 4 6663
pick 6 6661
pick 9 6631
pick 9 6654
pick 9 6659
pick 9 6664
9
1 61
2 42
3 33
4 4
5 55
6 16
7 103
8 18
9 69
4
drop 7 6598
drop 7 6635
pick 7 6651
pick 10 6667
10
1 71
2 52
3 43
4 14
5 45
6 26
7 27
8 8
9 59
10 10
0
10
1 108
2 62
3 53
4 24
5 35
6 36
7 37
8 101
9 49
10 20
4
drop 1 6630
drop 8 6660
pick 1 6637
pick 8 6671
10
1 71
2 72
3 63
4 34
5 25
6 46
7 47
8 8
9 39
10 30
0
10
1 61
2 82
3 73
4 44
5 15
6 56
7 105
8 18
9 29
10 40
2
drop 7 6651
pick 7 6647
10
1 51
2 109
3 108
4 105
5 5
6 66
7 47
8 28
9 19
10 50
6
drop 2 6642
drop 3 6645
drop 4 6663
pick 3 6638
pick 4 6652
pick 4 6680
9
1 106
3 73
4 44
5 101
6 76
7 57
8 38
9 9
10 60
11
drop 1 6637
drop 5 6623
drop 5 6636
drop 5 6641
drop 5 6656
pick 1 6625
pick 1 6629
pick 1 6649
pick 1 6672
pick 5 6674
pick 5 6683
9
1 51
3 63
4 34
5 5
6 86
7 106
8 48
9 101
10 70
7
drop 7 6647
drop 9 6631
drop 9 6654
drop 9 6659
drop 9 6664
pick 2 6686
pick 9 6675
9
1 41
2 82
3 53
4 24
5 15
6 109
8 105
9 9
10 80
3
drop 6 6661
drop 8 6671
pick 8 6657
9
1 31
2 72
3 43
4 14
5 102
6 86
8 48
9 19
10 90
5
drop 5 6674
drop 5 6683
pick 5 6670
pick 5 6678
pick 7 6692
10
1 21
2 62
3 33
4 4
5 15
6 96
7 57
8 38
9 29
10 109
1
drop 10 6667
10
1 11
2 52
3 104
4 101
5 5
6 110
7 47
8 104
9 39
10 90
13
drop 3 6638
drop 4 6652
drop 4 6680
drop 8 6657
pick 3 6662
pick 4 6676
pick 4 6677
pick 4 6685
pick 6 6653
pick 6 6669
pick 6 6694
pick 8 6666
pick 8 6691
10
1 1
2 42
3 33
4 4
5 101
6 96
7 37
8 38
9 49
10 100
3
drop 5 6670
drop 5 6678
pick 5 6690
10
1 101
2 32
3 23
4 14
5 5
6 86
7 27
8 28
9 105
10 110
8
drop 1 6625
drop 1 6629
drop 1 6649
drop 1 6672
drop 9 6675
pick 1 6695
pick 1 6696
pick 10 6665
10
1 1
2 22
3 103
4 24
5 15
6 76
7 17
8 18
9 49
10 100
2
drop 3 6662
pick 3 6655
10
1 11
2 103
3 23
4 34
5 25
6 66
7 7
8 8
9 39
10 90
1
drop 2 6686
10
1 21
2 22
3 33
4 44
5 35
6 56
7 101
8 101
9 104
10 80
6
drop 7 6692
drop 8 6666
drop 8 6691
pick 7 6697
pick 8 6700
pick 9 6689
10
1 31
2 12
3 104
4 54
5 45
6 46
7 7
8 8
9 39
10 70
1
drop 3 6655
10
1 104
2 102
3 33
4 64
5 55
6 36
7 17
8 18
9 49
10 60
3
drop 1 6695
drop 1 6696
pick 2 6682
10
1 31
2 12
3 23
4 74
5 106
6 26
7 27
8 28
9 59
10 50
1
drop 5 6690
10
1 41
2 22
3 103
4 84
5 55
6 16
7 37
8 38
9 69
10 40
0
9
1 51
2 32
4 94
5 65
6 6
7 47
8 48
9 79
10 30
1
pick 3 6713
10
1 61
2 42
3 23
4 110
5 107
6 101
7 57
8 105
9 108
10 20
17
drop 4 6676
drop 4 6677
drop 4 6685
drop 6 6653
drop 6 6669
drop 6 6694
drop 8 6700
drop 9 6689
pick 4 6684
pick 5 6673
pick 5 6681
pick 6 6702
pick 6 6715
pick 9 6679
pick 9 6687
pick 9 6706
pick 9 6712
10
1 107
2 52
3 13
4 94
5 65
6 6
7 67
8 48
9 79
10 10
1
pick 1 6668
10
1 61
2 106
3 3
4 84
5 55
6 16
7 107
8 38
9 69
10 101
6
drop 2 6682
drop 7 6697
drop 10 6665
pick 10 6703
pick 10 6707
pick 10 6710
9
1 51
3 101
4 74
5 45
6 26
7 67
8 104
9 59
10 10
5
drop 3 6713
pick 2 6720
pick 3 6704
pick 3 6711
pick 8 6719
10
1 41
2 52
3 3
4 64
5 35
6 36
7 77
8 38
9 49
10 20
0
10
1 31
2 42
3 13
4 54
5 25
6 46
7 108
8 48
9 39
10 102
6
drop 10 6703
drop 10 6707
drop 10 6710
pick 7 6693
pick 7 6717
pick 10 6724
10
1 21
2 32
3 23
4 44
5 15
6 56
7 77
8 105
9 29
10 20
1
drop 8 6719
10
1 11
2 22
3 103
4 34
5 5
6 66
7 67
8 48
9 19
10 30
3
drop 3 6704
drop 3 6711
pick 3 6721
10
1 1
2 12
3 23
4 24
5 101
6 76
7 57
8 38
9 9
10 40
3
drop 5 6673
drop 5 6681
pick 5 6705
10
1 101
2 2
3 33
4 103
5 5
6 108
7 47
8 104
9 101
10 50
16
drop 1 6668
drop 4 6684
drop 6 6702
drop 6 6715
drop 9 6679
drop 9 6687
drop 9 6706
drop 9 6712
pick 1 6708
pick 1 6709
pick 1 6718
pick 4 6727
pick 6 6701
pick 8 6722
pick 9 6716
pick 9 6730
10
1 1
2 101
3 43
4 24
5 15
6 76
7 37
8 38
9 9
10 60
2
drop 2 6720
pick 2 6725
10
1 11
2 2
3 105
4 14
5 25
6 66
7 27
8 48
9 19
10 70
2
drop 3 6721
pick 3 6729
10
1 21
2 12
3 43
4 4
5 35
6 56
7 103
8 58
9 29
10 80
3
drop 7 6693
drop 7 6717
pick 7 6731
10
1 31
2 22
3 33
4 101
5 104
6 106
7 27
8 106
9 39
10 108
9
drop 4 6727
drop 5 6705
drop 6 6701
drop 8 6722
drop 10 6724
pick 4 6728
pick 4 6732
pick 5 6734
pick 6 6726
10
1 41
2 103
3 23
4 4
5 35
6 56
7 37
8 58
9 49
10 80
2
drop 2 6725
pick 2 6736
10
1 51
2 22
3 13
4 14
5 25
6 46
7 47
8 48
9 105
10 90
2
drop 9 6716
drop 9 6730
10
1 106
2 12
3 3
4 24
5 15
6 36
7 57
8 105
9 49
10 109
8
drop 1 6708
drop 1 6709
drop 1 6718
pick 8 6737
pick 10 6698
pick 10 6699
pick 10 6714
pick 10 6742
10
1 51
2 2
3 101
4 34
5 5
6 26
7 67
8 48
9 59
10 90
2
drop 3 6729
pick 3 6733
10
1 41
2 101
3 3
4 44
5 101
6 16
7 107
8 38
9 106
10 80
6
drop 2 6736
drop 5 6734
drop 7 6731
pick 2 6735
pick 5 6738
pick 9 6744
10
1 105
2 2
3 13
4 54
5 5
6 6
7 67
8 28
9 59
10 70
1
pick 1 6748
10
1 41
2 12
3 23
4 64
5 15
6 101
7 77
8 18
9 49
10 60
2
drop 6 6726
pick 6 6739
10
1 31
2 22
3 33
4 74
5 25
6 6
7 108
8 8
9 39
10 50
1
pick 7 6743
10
1 21
2 103
3 43
4 84
5 35
6 16
7 77
8 101
9 29
10 40
4
drop 2 6735
drop 8 6737
pick 2 6746
pick 8 6740
10
1 11
2 22
3 53
4 109
5 104
6 26
7 67
8 8
9 19
10 30
5
drop 4 6728
drop 4 6732
drop 5 6738
pick 5 6749
pick 5 6756
10
1 1
2 12
3 106
4 84
5 35
6 36
7 57
8 18
9 9
10 20
3
drop 3 6733
pick 3 6752
pick 3 6757
10
1 101
2 2
3 53
4 94
5 25
6 46
7 47
8 102
9 101
10 10
8
drop 1 6748
drop 8 6740
drop 9 6744
pick 1 6741
pick 8 6745
pick 8 6750
pick 8 6759
pick 9 6747
10
1 1
2 101
3 43
4 110
5 15
6 56
7 37
8 18
9 9
10 101
8
drop 2 6746
drop 10 6698
drop 10 6699
drop 10 6714
drop 10 6742
pick 2 6754
pick 4 6688
pick 10 6760
10
1 11
2 2
3 33
4 94
5 5
6 66
7 27
8 8
9 19
10 10
0
10
1 21
2 12
3 23
4 84
5 101
6 76
7 17
8 101
9 29
10 20
5
drop 5 6749
drop 5 6756
drop 8 6745
drop 8 6750
drop 8 6759
8
1 31
2 22
3 13
4 74
6 86
7 7
9 39
10 30
0
8
1 41
2 32
3 3
4 64
6 109
7 101
9 49
10 40
2
drop 6 6739
drop 7 6743
7
1 105
2 42
3 101
4 54
6 86
9 59
10 104
9
drop 1 6741
drop 3 6752
drop 3 6757
drop 10 6760
pick 1 6751
pick 1 6753
pick 1 6758
pick 1 6766
pick 5 6765
8
1 41
2 52
3 3
4 44
5 5
6 96
9 69
10 40
1
pick 8 6767
9
1 31
2 62
3 13
4 34
5 15
6 110
8 8
9 107
10 50
4
drop 9 6747
pick 6 6723
pick 7 6769
pick 9 6762
10
1 21
2 72
3 102
4 24
5 25
6 96
7 7
8 18
9 69
10 105
2
pick 3 6770
pick 10 6755
10
1 11
2 82
3 13
4 14
5 35
6 86
7 17
8 28
9 59
10 50
0
10
1 1
2 109
3 3
4 102
5 45
6 76
7 27
8 38
9 49
10 60
4
drop 2 6754
drop 4 6688
pick 2 6771
pick 4 6774
10
1 101
2 82
3 101
4 14
5 55
6 66
7 37
8 48
9 39
10 106
8
drop 1 6751
drop 1 6753
drop 1 6758
drop 1 6766
drop 3 6770
drop 10 6755
pick 1 6772
pick 10 6761
9
1 1
2 72
4 24
5 65
6 56
7 104
8 58
9 29
10 60
3
drop 7 6769
pick 3 6779
pick 7 6778
10
1 11
2 62
3 3
4 103
5 75
6 46
7 37
8 68
9 19
10 50
2
drop 4 6774
pick 4 6768
10
1 21
2 52
3 13
4 24
5 108
6 36
7 27
8 78
9 9
10 40
3
drop 5 6765
pick 5 6773
pick 5 6781
10
1 31
2 42
3 23
4 34
5 75
6 26
7 17
8 88
9 101
10 30
2
drop 9 6762
pick 9 6783
10
1 41
2 32
3 103
4 44
5 65
6 16
7 7
8 98
9 9
10 20
2
drop 3 6779
pick 3 6789
10
1 51
2 22
3 23
4 54
5 55
6 6
7 101
8 110
9 19
10 102
6
drop 7 6778
drop 8 6767
drop 10 6761
pick 7 6784
pick 8 6780
pick 10 6776
10
1 61
2 12
3 13
4 64
5 45
6 101
7 7
8 98
9 29
10 20
2
drop 6 6723
pick 6 6788
10
1 71
2 2
3 3
4 74
5 35
6 6
7 17
8 88
9 39
10 10
0
10
1 108
2 101
3 101
4 84
5 25
6 16
7 27
8 78
9 49
10 101
4
drop 1 6772
drop 2 6771
drop 3 6789
drop 10 6776
7
1 71
4 94
5 15
6 26
7 37
8 68
9 59
2
pick 2 6792
pick 3 6793
9
1 81
2 2
3 3
4 110
5 5
6 36
7 47
8 58
9 69
3
drop 4 6768
pick 4 6785
pick 10 6795
10
1 109
2 12
3 13
4 94
5 101
6 46
7 57
8 48
9 107
10 10
5
drop 5 6773
drop 5 6781
drop 9 6783
pick 1 6782
pick 9 6786
10
1 81
2 22
3 23
4 84
5 5
6 56
7 106
8 38
9 69
10 20
2
drop 7 6784
pick 7 6763
10
1 71
2 32
3 33
4 74
5 15
6 66
7 57
8 28
9 59
10 30
0
10
1 61
2 42
3 104
4 64
5 102
6 76
7 67
8 18
9 49
10 40
4
drop 3 6793
pick 3 6791
pick 3 6796
pick 5 6799
10
1 51
2 52
3 33
4 54
5 15
6 108
7 77
8 8
9 39
10 104
4
drop 6 6788
drop 10 6795
pick 6 6802
pick 10 6808
10
1 41
2 62
3 23
4 106
5 25
6 76
7 108
8 101
9 29
10 40
9
drop 4 6785
drop 7 6763
drop 8 6780
pick 4 6764
pick 4 6777
pick 4 6787
pick 4 6803
pick 7 6809
pick 8 6804
10
1 31
2 107
3 13
4 54
5 35
6 66
7 77
8 8
9 19
10 30
2
drop 2 6792
pick 2 6798
10
1 21
2 62
3 3
4 44
5 45
6 56
7 67
8 18
9 9
10 20
0
10
1 11
2 52
3 101
4 34
5 55
6 46
7 57
8 28
9 101
10 10
4
drop 3 6791
drop 3 6796
drop 9 6786
pick 3 6805
9
1 1
2 42
3 3
4 24
5 65
6 36
7 47
8 38
10 101
2
drop 10 6808
pick 9 6816
9
1 101
2 32
3 13
4 14
5 75
6 26
7 37
8 48
9 9
2
drop 1 6782
pick 10 6817
9
2 22
3 23
4 4
5 85
6 16
7 27
8 105
9 19
10 10
4
drop 8 6804
pick 1 6819
pick 8 6775
pick 8 6807
10
1 1
2 12
3 103
4 101
5 109
6 6
7 103
8 48
9 29
10 20
11
drop 3 6805
drop 4 6764
drop 4 6777
drop 4 6787
drop 4 6803
drop 5 6799
drop 7 6809
pick 3 6801
pick 3 6806
pick 4 6820
pick 7 6810
10
1 11
2 102
3 23
4 4
5 85
6 101
7 27
8 38
9 39
10 30
4
drop 2 6798
drop 6 6802
pick 2 6813
pick 6 6823
10
1 21
2 12
3 13
4 14
5 95
6 6
7 37
8 28
9 49
10 40
0
10
1 31
2 22
3 3
4 24
5 110
6 16
7 47
8 18
9 59
10 50
3
pick 5 6794
pick 5 6800
pick 5 6811
10
1 41
2 32
3 101
4 34
5 95
6 102
7 105
8 8
9 69
10 60
8
drop 3 6801
drop 3 6806
drop 6 6823
drop 7 6810
pick 3 6827
pick 3 6829
pick 6 6814
pick 7 6797
10
1 51
2 42
3 3
4 44
5 85
6 16
7 47
8 101
9 79
10 70
2
drop 8 6775
drop 8 6807
9
1 61
2 52
3 13
4 105
5 75
6 26
7 57
9 108
10 80
6
drop 4 6820
drop 9 6816
pick 9 6812
pick 9 6824
pick 9 6828
pick 9 6831
8
1 71
2 62
3 23
5 65
6 36
7 67
9 79
10 108
5
drop 10 6817
pick 4 6836
pick 4 6838
pick 8 6839
pick 10 6825
10
1 108
2 72
3 33
4 44
5 55
6 46
7 107
8 8
9 69
10 80
6
drop 1 6819
drop 7 6797
pick 1 6840
pick 7 6821
pick 7 6837
pick 7 6841
10
1 71
2 108
3 43
4 34
5 45
6 56
7 67
8 18
9 59
10 90
1
drop 2 6813
10
1 61
2 72
3 53
4 24
5 35
6 66
7 57
8 28
9 49
10 100
0
10
1 51
2 62
3 63
4 14
5 25
6 76
7 47
8 38
9 39
10 110
3
drop 10 6825
pick 10 6815
pick 10 6822
10
1 41
2 107
3 107
4 4
5 15
6 86
7 37
8 48
9 29
10 100
3
drop 3 6827
drop 3 6829
pick 2 6826
10
1 31
2 62
3 63
4 101
5 5
6 109
7 27
8 58
9 19
10 90
5
drop 4 6836
drop 4 6838
drop 6 6814
pick 4 6846
pick 6 6834
10
1 21
2 52
3 53
4 4
5 101
6 86
7 17
8 106
9 9
10 80
6
drop 5 6794
drop 5 6800
drop 5 6811
drop 8 6839
pick 5 6847
pick 8 6818
10
1 11
2 42
3 106
4 14
5 5
6 76
7 7
8 58
9 101
10 70
6
drop 9 6812
drop 9 6824
drop 9 6828
drop 9 6831
pick 3 6790
pick 9 6850
10
1 1
2 32
3 53
4 24
5 15
6 66
7 101
8 48
9 9
10 60
5
drop 7 6821
drop 7 6837
drop 7 6841
pick 7 6852
pick 7 6854
10
1 101
2 22
3 43
4 103
5 25
6 56
7 7
8 38
9 19
10 50
4
drop 1 6840
drop 4 6846
pick 1 6858
pick 4 6844
10
1 1
2 12
3 33
4 24
5 35
6 46
7 17
8 28
9 29
10 105
3
drop 10 6815
drop 10 6822
pick 10 6845
10
1 11
2 102
3 23
4 34
5 45
6 36
7 27
8 18
9 39
10 50
4
drop 2 6826
pick 2 6848
pick 2 6853
pick 2 6856
10
1 102
2 12
3 103
4 44
5 55
6 26
7 37
8 102
9 49
10 60
5
drop 1 6858
drop 3 6790
drop 8 6818
pick 1 6869
pick 3 6855
10
1 11
2 2
3 23
4 54
5 65
6 16
7 47
8 18
9 59
10 70
0
10
1 1
2 101
3 13
4 64
5 75
6 102
7 57
8 8
9 69
10 107
9
drop 2 6848
drop 2 6853
drop 2 6856
drop 6 6834
drop 10 6845
pick 2 6860
pick 2 6865
pick 10 6864
pick 10 6872
10
1 101
2 2
3 3
4 74
5 85
6 16
7 67
8 101
9 79
10 70
3
drop 1 6869
pick 1 6867
pick 8 6859
10
1 1
2 12
3 101
4 108
5 109
6 6
7 107
8 8
9 108
10 60
11
drop 3 6855
drop 4 6844
drop 5 6847
drop 7 6852
drop 7 6854
drop 9 6850
pick 3 6875
pick 4 6862
pick 4 6871
pick 5 6861
pick 7 6866
10
1 11
2 22
3 3
4 74
5 85
6 101
7 67
8 18
9 79
10 50
2
pick 6 6863
pick 6 6880
10
1 21
2 32
3 13
4 64
5 75
6 6
7 57
8 28
9 69
10 40
0
10
1 103
2 104
3 23
4 54
5 65
6 16
7 47
8 103
9 107
10 30
8
drop 1 6867
drop 2 6860
drop 2 6865
drop 8 6859
pick 1 6870
pick 1 6876
pick 2 6832
pick 9 6882
10
1 21
2 32
3 33
4 44
5 55
6 26
7 37
8 28
9 69
10 20
0
10
1 11
2 42
3 43
4 34
5 45
6 36
7 27
8 38
9 59
10 10
0
10
1 1
2 52
3 53
4 24
5 35
6 46
7 17
8 104
9 49
10 101
5
drop 10 6864
drop 10 6872
pick 8 6843
pick 10 6877
pick 10 6887
10
1 101
2 62
3 63
4 14
5 25
6 56
7 102
8 38
9 39
10 10
4
drop 1 6870
drop 1 6876
drop 7 6866
pick 1 6879
10
1 1
2 72
3 73
4 4
5 15
6 66
7 17
8 28
9 29
10 20
0
10
1 11
2 108
3 83
4 101
5 5
6 76
7 7
8 18
9 19
10 30
6
drop 2 6832
drop 4 6862
drop 4 6871
pick 2 6883
pick 4 6888
pick 4 6891
10
1 21
2 72
3 109
4 4
5 101
6 108
7 101
8 8
9 9
10 40
8
drop 3 6875
drop 5 6861
drop 6 6863
drop 6 6880
pick 3 6886
pick 5 6889
pick 6 6895
pick 7 6881
10
1 31
2 62
3 83
4 14
5 5
6 76
7 7
8 101
9 101
10 50
5
drop 8 6843
drop 9 6882
pick 8 6890
pick 9 6894
pick 9 6896
10
1 104
2 52
3 73
4 24
5 15
6 66
7 17
8 8
9 9
10 60
2
drop 1 6879
pick 1 6857
10
1 31
2 42
3 63
4 34
5 25
6 107
7 27
8 18
9 19
10 70
2
drop 6 6895
pick 6 6885
10
1 41
2 32
3 53
4 44
5 35
6 66
7 37
8 28
9 29
10 80
0
10
1 51
2 22
3 43
4 54
5 45
6 56
7 47
8 38
9 39
10 90
0
10
1 61
2 12
3 33
4 64
5 55
6 46
7 57
8 48
9 104
10 109
6
drop 9 6894
drop 9 6896
drop 10 6877
drop 10 6887
pick 9 6908
pick 10 6897
10
1 107
2 2
3 23
4 107
5 106
6 36
7 67
8 58
9 39
10 90
8
drop 1 6857
drop 4 6888
drop 4 6891
drop 5 6889
pick 1 6893
pick 4 6909
pick 5 6830
pick 5 6903
10
1 61
2 101
3 13
4 64
5 55
6 26
7 77
8 68
9 29
10 80
2
drop 2 6883
pick 2 6898
10
1 71
2 2
3 3
4 54
5 45
6 16
7 108
8 78
9 19
10 70
2
drop 7 6881
pick 7 6914
10
1 81
2 12
3 101
4 44
5 35
6 6
7 77
8 88
9 9
10 60
3
drop 3 6886
pick 3 6900
pick 3 6904
10
1 109
2 22
3 3
4 34
5 25
6 101
7 67
8 109
9 101
10 50
6
drop 1 6893
drop 6 6885
drop 8 6890
drop 9 6908
pick 6 6901
pick 9 6902
10
1 81
2 32
3 13
4 24
5 15
6 6
7 107
8 88
9 9
10 40
4
drop 7 6914
pick 7 6916
pick 7 6920
pick 7 6929
10
1 91
2 42
3 23
4 14
5 5
6 16
7 67
8 98
9 19
10 104
1
drop 10 6897
9
1 110
2 52
3 33
4 4
5 101
6 26
7 57
8 110
9 29
13
drop 5 6830
drop 5 6903
pick 1 6833
pick 5 6905
pick 5 6915
pick 8 6842
pick 8 6849
pick 8 6868
pick 8 6873
pick 8 6878
pick 8 6884
pick 8 6907
pick 8 6912
9
1 91
2 106
3 43
4 101
5 5
6 36
7 47
8 98
9 39
8
drop 2 6898
drop 4 6909
pick 2 6835
pick 4 6906
pick 4 6911
pick 4 6919
pick 4 6934
pick 10 6939
10
1 81
2 52
3 53
4 4
5 15
6 46
7 37
8 88
9 49
10 40
0
10
1 71
2 62
3 63
4 14
5 25
6 56
7 27
8 78
9 59
10 30
0
10
1 61
2 72
3 73
4 24
5 35
6 66
7 17
8 68
9 69
10 20
0
10
1 51
2 82
3 83
4 34
5 45
6 76
7 7
8 58
9 107
10 10
2
drop 9 6902
pick 9 6932
10
1 41
2 92
3 93
4 44
5 55
6 108
7 101
8 48
9 69
10 101
15
drop 6 6901
drop 7 6916
drop 7 6920
drop 7 6929
drop 10 6939
pick 6 6922
pick 6 6924
pick 6 6931
pick 7 6910
pick 7 6923
pick 7 6949
pick 7 6953
pick 10 6918
pick 10 6925
pick 10 6952
10
1 31
2 110
3 110
4 105
5 65
6 76
7 7
8 38
9 79
10 10
13
drop 2 6835
drop 3 6900
drop 3 6904
drop 4 6906
drop 4 6911
drop 4 6919
drop 4 6934
pick 2 6951
pick 3 6955
pick 4 6851
pick 4 6874
pick 4 6921
pick 4 6948
10
1 104
2 92
3 93
4 44
5 75
6 66
7 17
8 28
9 89
10 20
1
drop 1 6833
10
1 31
2 82
3 83
4 34
5 85
6 56
7 27
8 18
9 109
10 30
2
drop 9 6932
pick 9 6944
10
1 41
2 109
3 73
4 24
5 109
6 46
7 37
8 8
9 89
10 103
9
drop 2 6951
drop 5 6905
drop 5 6915
drop 10 6918
drop 10 6925
drop 10 6952
pick 2 6961
pick 10 6927
pick 10 6942
10
1 105
2 82
3 108
4 14
5 85
6 36
7 104
8 101
9 79
10 30
17
drop 3 6955
drop 7 6910
drop 7 6923
drop 7 6949
drop 7 6953
drop 8 6842
drop 8 6849
drop 8 6868
drop 8 6873
drop 8 6878
drop 8 6884
drop 8 6907
drop 8 6912
pick 1 6892
pick 8 6928
pick 8 6938
pick 8 6964
10
1 41
2 72
3 73
4 4
5 75
6 26
7 37
8 8
9 69
10 20
0
10
1 51
2 62
3 63
4 101
5 108
6 16
7 47
8 18
9 59
10 10
10
drop 4 6851
drop 4 6874
drop 4 6921
drop 4 6948
pick 4 6930
pick 4 6935
pick 4 6936
pick 4 6947
pick 4 6958
pick 5 6956
10
1 61
2 52
3 107
4 4
5 75
6 6
7 105
8 28
9 49
10 101
6
drop 10 6927
drop 10 6942
pick 3 6945
pick 7 6899
pick 10 6937
pick 10 6965
10
1 71
2 42
3 63
4 14
5 65
6 101
7 47
8 38
9 39
10 10
4
drop 6 6922
drop 6 6924
drop 6 6931
pick 6 6940
10
1 108
2 32
3 53
4 24
5 55
6 6
7 37
8 48
9 29
10 20
1
drop 1 6892
10
1 71
2 22
3 43
4 34
5 45
6 16
7 27
8 58
9 19
10 102
3
drop 10 6937
drop 10 6965
pick 10 6913
10
1 61
2 12
3 33
4 44
5 35
6 26
7 17
8 68
9 9
10 20
0
10
1 107
2 2
3 104
4 54
5 25
6 36
7 102
8 78
9 101
10 30
10
drop 3 6945
drop 7 6899
drop 9 6944
pick 1 6954
pick 1 6968
pick 7 6917
pick 7 6941
pick 7 6957
pick 7 6977
pick 9 6943
9
1 61
2 101
4 64
5 15
6 46
7 17
8 88
9 9
10 40
5
drop 2 6961
pick 2 6946
pick 2 6950
pick 2 6963
pick 2 6969
9
1 51
2 2
4 74
5 5
6 56
7 7
8 98
9 19
10 50
1
pick 3 6984
10
1 41
2 12
3 33
4 108
5 101
6 66
7 101
8 110
9 29
10 60
17
drop 4 6930
drop 4 6935
drop 4 6936
drop 4 6947
drop 4 6958
drop 5 6956
drop 7 6917
drop 7 6941
drop 7 6957
drop 7 6977
drop 8 6928
drop 8 6938
drop 8 6964
pick 5 6970
pick 5 6987
pick 7 6971
pick 8 6962
10
1 31
2 22
3 23
4 74
5 5
6 76
7 7
8 98
9 39
10 70
0
10
1 21
2 32
3 13
4 84
5 15
6 86
7 17
8 88
9 49
10 80
0
10
1 11
2 42
3 3
4 109
5 25
6 109
7 27
8 78
9 59
10 90
5
drop 6 6940
pick 4 6972
pick 4 6986
pick 4 6990
pick 4 6995
10
1 1
2 105
3 101
4 84
5 35
6 86
7 37
8 68
9 106
10 100
14
drop 2 6946
drop 2 6950
drop 2 6963
drop 2 6969
drop 3 6984
drop 9 6943
pick 2 6926
pick 3 6973
pick 3 6983
pick 3 6992
pick 9 6933
pick 9 6975
pick 9 6980
pick 9 6989
10
1 101
2 42
3 3
4 74
5 45
6 96
7 47
8 58
9 59
10 110
7
drop 1 6954
drop 1 6968
drop 10 6913
pick 1 6974
pick 1 6978
pick 10 6999
pick 10 7000
10
1 1
2 32
3 13
4 64
5 55
6 110
7 57
8 48
9 49
10 100
1
pick 6 6967
10
1 11
2 22
3 23
4 54
5 65
6 96
7 67
8 38
9 39
10 90
0
10
1 21
2 103
3 103
4 44
5 75
6 86
7 77
8 28
9 29
10 80
5
drop 2 6926
drop 3 6973
drop 3 6983
drop 3 6992
pick 2 6979
10
1 31
2 22
3 23
4 34
5 85
6 76
7 108
8 103
9 19
10 70
2
drop 7 6971
drop 8 6962
10
1 41
2 12
3 13
4 24
5 95
6 66
7 77
8 28
9 9
10 60
0
10
1 51
2 2
3 102
4 14
5 110
6 56
7 67
8 18
9 101
10 50
9
drop 5 6970
drop 5 6987
drop 9 6933
drop 9 6975
drop 9 6980
drop 9 6989
pick 3 6966
pick 5 7008
pick 9 6976
10
1 61
2 101
3 13
4 4
5 95
6 46
7 107
8 102
9 9
10 40
7
drop 2 6979
pick 2 6994
pick 7 6988
pick 7 6991
pick 7 7003
pick 7 7004
pick 8 6982
10
1 71
2 2
3 23
4 101
5 85
6 36
7 67
8 18
9 19
10 30
6
drop 4 6972
drop 4 6986
drop 4 6990
drop 4 6995
pick 4 6998
pick 4 7009
10
1 81
2 12
3 103
4 4
5 75
6 26
7 57
8 8
9 102
10 20
2
drop 3 6966
drop 9 6976
8
1 109
2 22
4 14
5 65
6 16
7 47
8 101
10 10
5
drop 1 6974
drop 1 6978
drop 8 6982
pick 1 7013
pick 8 7001
8
1 81
2 32
4 24
5 55
6 6
7 37
8 8
10 101
7
drop 10 6999
drop 10 7000
pick 3 7025
pick 9 7026
pick 10 7007
pick 10 7010
pick 10 7023
10
1 71
2 42
3 23
4 34
5 45
6 101
7 27
8 18
9 19
10 10
3
drop 6 6967
pick 6 7011
pick 6 7022
10
1 61
2 52
3 33
4 44
5 35
6 6
7 17
8 28
9 29
10 20
0
10
1 51
2 62
3 43
4 54
5 25
6 16
7 7
8 38
9 39
10 30
0
10
1 41
2 72
3 53
4 64
5 15
6 26
7 101
8 48
9 49
10 40
6
drop 7 6988
drop 7 6991
drop 7 7003
drop 7 7004
pick 7 7012
pick 7 7033
10
1 31
2 82
3 63
4 74
5 5
6 103
7 7
8 58
9 59
10 104
12
drop 6 7011
drop 6 7022
drop 10 7007
drop 10 7010
drop 10 7023
pick 6 7038
pick 10 6985
pick 10 6996
pick 10 6997
pick 10 7005
pick 10 7019
pick 10 7030
10
1 21
2 92
3 73
4 108
5 101
6 26
7 17
8 68
9 69
10 40
6
drop 4 6998
drop 4 7009
drop 5 7008
pick 4 7015
pick 4 7035
pick 5 7024
10
1 11
2 110
3 83
4 74
5 5
6 16
7 27
8 78
9 79
10 30
2
drop 2 6994
pick 2 7014
10
1 1
2 92
3 93
4 64
5 15
6 6
7 37
8 88
9 89
10 20
0
10
1 101
2 82
3 110
4 54
5 25
6 101
7 47
8 109
9 99
10 10
8
drop 1 7013
drop 3 7025
drop 6 7038
drop 8 7001
pick 1 7027
pick 1 7032
pick 6 7029
pick 8 7039
10
1 1
2 72
3 93
4 44
5 35
6 6
7 57
8 88
9 110
10 101
8
drop 9 7026
drop 10 6985
drop 10 6996
drop 10 6997
drop 10 7005
drop 10 7019
drop 10 7030
pick 10 7031
9
1 11
2 62
3 83
4 34
5 45
6 16
7 106
8 78
10 10
3
drop 7 7012
drop 7 7033
pick 7 7002
9
1 21
2 52
3 109
4 24
5 55
6 26
7 57
8 68
10 20
2
pick 3 7021
pick 9 7051
10
1 31
2 42
3 83
4 14
5 65
6 36
7 67
8 58
9 99
10 102
1
drop 10 7031
10
1 41
2 32
3 73
4 4
5 107
6 46
7 77
8 48
9 89
10 20
3
drop 5 7024
pick 5 7016
pick 5 7047
10
1 51
2 22
3 63
4 101
5 65
6 56
7 108
8 38
9 79
10 10
5
drop 4 7015
drop 4 7035
drop 7 7002
pick 4 7036
pick 7 7050
10
1 61
2 12
3 53
4 4
5 55
6 66
7 77
8 28
9 69
10 101
3
pick 10 7034
pick 10 7040
pick 10 7043
10
1 71
2 2
3 106
4 14
5 45
6 76
7 67
8 18
9 59
10 10
7
drop 3 7021
pick 3 7006
pick 3 7018
pick 3 7020
pick 3 7028
pick 3 7037
pick 3 7053
10
1 108
2 101
3 53
4 24
5 35
6 86
7 57
8 8
9 49
10 20
6
drop 1 7027
drop 1 7032
drop 2 7014
pick 1 7052
pick 2 7044
pick 2 7054
10
1 71
2 2
3 43
4 34
5 25
6 96
7 47
8 101
9 39
10 30
2
drop 8 7039
pick 8 7046
10
1 61
2 12
3 33
4 44
5 103
6 110
7 37
8 8
9 29
10 40
3
drop 5 7016
drop 5 7047
drop 6 7029
9
1 107
2 22
3 23
4 105
6 96
7 27
8 18
9 19
10 50
8
drop 1 7052
drop 4 7036
pick 1 7048
pick 1 7059
pick 4 6959
pick 4 6981
pick 4 7017
pick 4 7042
9
1 61
2 32
3 13
4 44
6 86
7 17
8 102
9 9
10 60
3
drop 8 7046
pick 5 7067
pick 8 7061
10
1 51
2 42
3 3
4 34
5 25
6 109
7 7
8 18
9 101
10 70
3
drop 9 7051
pick 6 7045
pick 9 7058
10
1 41
2 52
3 101
4 24
5 35
6 86
7 101
8 8
9 9
10 80
9
drop 3 7006
drop 3 7018
drop 3 7020
drop 3 7028
drop 3 7037
drop 3 7053
drop 7 7050
pick 3 7062
pick 7 7064
10
1 31
2 62
3 3
4 14
5 45
6 76
7 7
8 101
9 19
10 90
2
drop 8 7061
pick 8 7065
10
1 21
2 107
3 13
4 4
5 55
6 66
7 17
8 8
9 29
10 109
6
drop 2 7044
drop 2 7054
drop 10 7034
drop 10 7040
drop 10 7043
pick 10 7056
9
1 11
3 102
4 101
5 65
6 56
7 27
8 18
9 39
10 90
10
drop 3 7062
drop 4 6959
drop 4 6981
drop 4 7017
drop 4 7042
pick 2 7079
pick 3 7076
pick 3 7077
pick 4 7069
pick 4 7078
10
1 1
2 62
3 13
4 4
5 107
6 46
7 37
8 28
9 49
10 80
1
drop 5 7067
10
1 101
2 52
3 3
4 14
5 65
6 36
7 47
8 38
9 59
10 70
3
drop 1 7048
drop 1 7059
pick 1 7072
10
1 1
2 106
3 101
4 24
5 55
6 26
7 105
8 104
9 69
10 107
12
drop 2 7079
drop 3 7076
drop 3 7077
drop 7 7064
drop 8 7065
drop 10 7056
pick 3 7074
pick 3 7082
pick 7 6960
pick 8 7049
pick 8 7055
pick 8 7060
8
1 11
3 3
4 34
5 106
6 16
7 47
8 38
9 79
2
pick 2 7087
pick 5 7041
9
1 21
2 52
3 13
4 44
5 55
6 6
7 57
8 28
9 108
6
drop 9 7058
pick 9 7057
pick 9 7063
pick 9 7070
pick 9 7073
pick 10 7090
10
1 31
2 42
3 23
4 54
5 45
6 101
7 67
8 18
9 79
10 70
2
drop 6 7045
pick 6 7075
10
1 41
2 32
3 103
4 64
5 35
6 6
7 77
8 8
9 69
10 60
4
drop 3 7074
drop 3 7082
pick 3 7085
pick 3 7093
10
1 51
2 22
3 23
4 74
5 25
6 16
7 87
8 101
9 59
10 50
6
drop 8 7049
drop 8 7055
drop 8 7060
pick 8 7080
pick 8 7086
pick 8 7089
10
1 106
2 12
3 13
4 84
5 103
6 26
7 109
8 8
9 49
10 40
6
drop 1 7072
drop 5 7041
drop 7 6960
pick 1 7094
pick 7 7088
pick 7 7097
10
1 51
2 2
3 3
4 94
5 25
6 36
7 87
8 18
9 39
10 30
0
10
1 41
2 101
3 101
4 110
5 15
6 46
7 77
8 28
9 29
10 20
11
drop 2 7087
drop 3 7085
drop 3 7093
drop 4 7069
drop 4 7078
pick 2 7081
pick 2 7092
pick 3 7083
pick 4 7068
pick 4 7084
pick 4 7102
10
1 31
2 2
3 3
4 94
5 102
6 56
7 67
8 38
9 19
10 10
1
pick 5 7096
10
1 21
2 12
3 13
4 84
5 15
6 66
7 57
8 104
9 9
10 101
5
drop 8 7080
drop 8 7086
drop 8 7089
drop 10 7090
pick 10 7098
10
1 11
2 22
3 23
4 74
5 25
6 107
7 47
8 38
9 101
10 10
7
drop 6 7075
drop 9 7057
drop 9 7063
drop 9 7070
drop 9 7073
pick 6 7091
pick 9 7100
10
1 1
2 32
3 33
4 64
5 35
6 66
7 37
8 48
9 9
10 20
0
10
1 101
2 42
3 43
4 54
5 45
6 76
7 27
8 105
9 19
10 30
4
drop 1 7094
pick 1 7104
pick 1 7109
pick 8 6993
10
1 1
2 52
3 105
4 44
5 55
6 108
7 17
8 48
9 29
10 40
5
drop 3 7083
drop 6 7091
pick 3 7066
pick 3 7071
pick 6 7095
10
1 11
2 62
3 43
4 34
5 106
6 76
7 7
8 38
9 103
10 50
4
drop 5 7096
drop 9 7100
pick 5 7101
pick 5 7103
9
1 102
2 72
3 33
4 24
5 55
6 66
7 101
8 104
10 60
9
drop 1 7104
drop 1 7109
drop 7 7088
drop 7 7097
drop 8 6993
pick 1 7099
pick 7 7105
pick 8 7113
pick 9 7114
10
1 11
2 82
3 23
4 14
5 45
6 56
7 7
8 38
9 29
10 70
0
10
1 1
2 109
3 13
4 4
5 35
6 46
7 17
8 28
9 19
10 107
4
drop 2 7081
drop 2 7092
drop 10 7098
pick 2 7116
10
1 101
2 82
3 3
4 101
5 25
6 36
7 27
8 18
9 9
10 70
7
drop 1 7099
drop 4 7068
drop 4 7084
drop 4 7102
pick 1 7107
pick 1 7110
pick 4 7111
10
1 1
2 72
3 101
4 4
5 15
6 26
7 37
8 8
9 101
10 80
6
drop 3 7066
drop 3 7071
drop 9 7114
pick 3 7112
pick 9 7118
pick 9 7120
10
1 11
2 62
3 3
4 14
5 5
6 16
7 47
8 101
9 9
10 108
3
drop 8 7113
pick 10 7115
pick 10 7121
9
1 21
2 107
3 13
4 24
5 101
6 6
7 105
9 19
10 80
5
drop 2 7116
drop 5 7101
drop 5 7103
drop 7 7105
pick 7 7117
8
1 31
3 23
4 34
5 5
6 101
7 47
9 102
10 70
5
drop 6 7095
drop 9 7118
drop 9 7120
pick 2 7125
pick 8 7126
9
1 41
2 62
3 33
4 44
5 15
7 37
8 8
9 19
10 60
0
9
1 51
2 52
3 104
4 54
5 102
7 27
8 18
9 29
10 50
4
drop 3 7112
pick 3 7131
pick 5 7108
pick 6 7132
10
1 61
2 42
3 33
4 106
5 15
6 6
7 103
8 28
9 103
10 40
4
drop 4 7111
drop 7 7117
pick 4 7128
pick 9 7129
9
1 71
2 32
3 23
4 54
5 25
6 16
8 38
9 29
10 30
1
pick 7 7138
10
1 108
2 22
3 13
4 64
5 35
6 26
7 27
8 48
9 19
10 20
3
drop 1 7107
drop 1 7110
pick 1 7123
10
1 71
2 12
3 3
4 74
5 45
6 36
7 37
8 58
9 9
10 10
0
10
1 61
2 2
3 101
4 84
5 55
6 46
7 47
8 68
9 101
10 101
7
drop 3 7131
drop 9 7129
drop 10 7115
drop 10 7121
pick 3 7133
pick 9 7136
pick 10 7142
10
1 51
2 101
3 3
4 94
5 65
6 56
7 57
8 78
9 9
10 10
2
drop 2 7125
pick 2 7143
10
1 41
2 2
3 13
4 110
5 75
6 66
7 67
8 88
9 19
10 20
4
drop 4 7128
pick 4 7106
pick 4 7122
pick 4 7124
10
1 31
2 12
3 23
4 94
5 108
6 76
7 77
8 109
9 29
10 30
4
drop 5 7108
drop 8 7126
pick 5 7140
pick 8 7127
10
1 21
2 102
3 33
4 84
5 75
6 86
7 87
8 88
9 39
10 40
2
drop 2 7143
pick 2 7137
10
1 11
2 12
3 43
4 74
5 65
6 96
7 97
8 98
9 49
10 50
0
10
1 102
2 2
3 105
4 64
5 55
6 110
7 110
8 110
9 59
10 60
8
drop 1 7123
drop 3 7133
drop 6 7132
drop 7 7138
drop 8 7127
pick 3 7119
pick 6 7149
pick 7 7152
10
1 11
2 101
3 43
4 54
5 45
6 96
7 97
8 98
9 69
10 70
4
drop 2 7137
pick 2 7147
pick 2 7148
pick 2 7161
10
1 1
2 2
3 33
4 44
5 35
6 86
7 87
8 88
9 107
10 80
4
drop 9 7136
pick 9 7130
pick 9 7134
pick 9 7153
10
1 101
2 12
3 104
4 34
5 104
6 76
7 77
8 109
9 69
10 90
7
drop 3 7119
drop 5 7140
pick 1 7145
pick 3 7135
pick 3 7141
pick 5 7158
pick 8 7167
10
1 1
2 22
3 33
4 24
5 35
6 66
7 67
8 88
9 59
10 100
0
10
1 11
2 32
3 23
4 14
5 45
6 56
7 57
8 78
9 49
10 110
1
drop 10 7142
10
1 21
2 42
3 13
4 4
5 55
6 46
7 47
8 68
9 39
10 100
0
10
1 31
2 52
3 3
4 101
5 65
6 36
7 37
8 58
9 29
10 90
6
drop 4 7106
drop 4 7122
drop 4 7124
pick 4 7150
pick 4 7169
pick 4 7172
10
1 104
2 62
3 101
4 4
5 75
6 26
7 104
8 48
9 19
10 109
7
drop 1 7145
drop 3 7135
drop 3 7141
drop 7 7152
pick 3 7151
pick 3 7170
pick 10 7179
10
1 31
2 72
3 3
4 14
5 85
6 16
7 37
8 38
9 9
10 90
0
10
1 41
2 82
3 13
4 24
5 109
6 6
7 47
8 28
9 101
10 80
8
drop 5 7158
drop 9 7130
drop 9 7134
drop 9 7153
pick 5 7181
pick 9 7156
pick 9 7157
pick 9 7160
10
1 105
2 92
3 102
4 34
5 85
6 101
7 105
8 18
9 9
10 70
11
drop 3 7151
drop 3 7170
drop 6 7149
pick 1 7139
pick 3 7168
pick 6 7162
pick 6 7166
pick 6 7180
pick 6 7183
pick 7 7144
pick 7 7165
10
1 41
2 110
3 13
4 44
5 75
6 6
7 47
8 8
9 19
10 60
4
drop 2 7147
drop 2 7148
drop 2 7161
pick 2 7192
10
1 51
2 92
3 3
4 54
5 65
6 16
7 37
8 101
9 29
10 50
2
drop 8 7167
pick 8 7175
10
1 61
2 82
3 101
4 64
5 107
6 26
7 27
8 8
9 39
10 40
6
drop 3 7168
drop 5 7181
pick 3 7177
pick 3 7186
pick 5 7154
pick 5 7184
10
1 71
2 72
3 3
4 107
5 65
6 36
7 17
8 18
9 49
10 30
6
drop 4 7150
drop 4 7169
drop 4 7172
pick 4 7171
pick 4 7174
pick 4 7182
10
1 108
2 62
3 13
4 64
5 75
6 46
7 7
8 28
9 59
10 20
2
drop 1 7139
pick 1 7155
10
1 71
2 52
3 23
4 54
5 85
6 56
7 101
8 38
9 106
10 10
8
drop 7 7144
drop 7 7165
drop 9 7156
drop 9 7157
drop 9 7160
pick 7 7185
pick 7 7196
pick 9 7146
10
1 61
2 42
3 33
4 44
5 109
6 66
7 7
8 48
9 59
10 101
6
drop 5 7154
drop 5 7184
drop 10 7179
pick 5 7189
pick 5 7199
pick 10 7190
10
1 51
2 32
3 43
4 34
5 85
6 76
7 17
8 58
9 49
10 10
0
10
1 41
2 22
3 105
4 24
5 75
6 86
7 27
8 68
9 39
10 20
2
drop 3 7177
drop 3 7186
10
1 31
2 12
3 43
4 14
5 65
6 109
7 37
8 78
9 29
10 30
5
drop 6 7162
drop 6 7166
drop 6 7180
drop 6 7183
pick 6 7202
10
1 21
2 2
3 53
4 4
5 55
6 86
7 47
8 108
9 19
10 40
2
drop 8 7175
pick 8 7159
10
1 11
2 101
3 106
4 101
5 45
6 76
7 57
8 78
9 9
10 50
9
drop 2 7192
drop 4 7171
drop 4 7174
drop 4 7182
pick 2 7191
pick 2 7195
pick 2 7203
pick 3 7163
pick 4 7193
10
1 1
2 2
3 53
4 4
5 35
6 66
7 67
8 88
9 101
10 60
2
drop 9 7146
pick 9 7205
10
1 101
2 12
3 63
4 14
5 25
6 56
7 107
8 98
9 9
10 70
6
drop 1 7155
drop 7 7185
drop 7 7196
pick 1 7211
pick 1 7219
pick 7 7173
10
1 1
2 102
3 73
4 24
5 15
6 46
7 67
8 110
9 19
10 80
5
drop 2 7191
drop 2 7195
drop 2 7203
drop 8 7159
pick 8 7198
10
1 11
2 12
3 83
4 34
5 5
6 36
7 57
8 98
9 29
10 90
0
10
1 21
2 22
3 109
4 104
5 101
6 26
7 47
8 88
9 39
10 100
8
drop 3 7163
drop 4 7193
drop 5 7189
drop 5 7199
pick 3 7209
pick 4 7194
pick 4 7210
pick 5 7217
10
1 31
2 103
3 83
4 34
5 5
6 103
7 37
8 78
9 49
10 110
5
drop 6 7202
drop 10 7190
pick 2 7176
pick 2 7178
pick 10 7206
10
1 41
2 22
3 73
4 24
5 15
6 26
7 27
8 68
9 59
10 100
0
10
1 105
2 12
3 63
4 14
5 25
6 36
7 17
8 58
9 69
10 90
3
drop 1 7211
drop 1 7219
pick 1 7218
10
1 41
2 2
3 53
4 4
5 103
6 104
7 102
8 48
9 79
10 80
4
drop 5 7217
drop 7 7173
pick 6 7197
pick 7 7231
10
1 31
2 101
3 106
4 101
5 25
6 36
7 17
8 38
9 89
10 70
9
drop 2 7176
drop 2 7178
drop 3 7209
drop 4 7194
drop 4 7210
pick 2 7226
pick 3 7187
pick 3 7223
pick 4 7227
10
1 21
2 2
3 53
4 4
5 15
6 46
7 27
8 28
9 109
10 107
4
drop 9 7205
drop 10 7206
pick 9 7213
pick 10 7200
10
1 11
2 12
3 43
4 14
5 102
6 56
7 37
8 18
9 89
10 70
1
pick 5 7229
10
1 1
2 22
3 33
4 24
5 15
6 106
7 104
8 8
9 79
10 60
6
drop 6 7197
drop 7 7231
pick 6 7188
pick 6 7214
pick 7 7234
pick 7 7238
10
1 101
2 32
3 104
4 34
5 5
6 56
7 37
8 101
9 108
10 50
9
drop 1 7218
drop 3 7187
drop 3 7223
drop 8 7198
drop 9 7213
pick 1 7228
pick 3 7240
pick 8 7235
pick 9 7164
10
1 1
2 104
3 33
4 44
5 101
6 46
7 27
8 8
9 79
10 105
5
drop 2 7226
drop 5 7229
drop 10 7200
pick 5 7237
pick 5 7239
9
1 11
2 32
3 23
4 54
5 5
6 36
7 17
8 18
9 69
1
pick 10 7245
10
1 21
2 42
3 13
4 64
5 15
6 26
7 7
8 28
9 59
10 50
0
10
1 103
2 105
3 3
4 74
5 25
6 16
7 101
8 38
9 49
10 40
5
drop 1 7228
drop 7 7234
drop 7 7238
pick 2 7232
pick 7 7241
10
1 21
2 42
3 101
4 84
5 35
6 102
7 7
8 48
9 39
10 30
5
drop 3 7240
drop 6 7188
drop 6 7214
pick 3 7249
pick 6 7243
10
1 11
2 32
3 3
4 109
5 45
6 16
7 17
8 58
9 29
10 20
2
drop 4 7227
pick 4 7222
10
1 102
2 22
3 13
4 84
5 55
6 6
7 27
8 68
9 103
10 10
3
drop 9 7164
pick 1 7236
pick 9 7257
10
1 11
2 12
3 23
4 74
5 106
6 101
7 37
8 78
9 29
10 101
14
drop 5 7237
drop 5 7239
drop 6 7243
drop 10 7245
pick 5 7201
pick 5 7204
pick 5 7208
pick 5 7212
pick 5 7216
pick 5 7230
pick 5 7242
pick 5 7247
pick 6 7251
pick 10 7252
10
1 21
2 2
3 33
4 64
5 55
6 6
7 47
8 88
9 19
10 10
0
10
1 31
2 101
3 104
4 54
5 45
6 16
7 57
8 109
9 9
10 20
7
drop 2 7232
drop 3 7249
drop 8 7235
pick 2 7253
pick 2 7256
pick 3 7263
pick 8 7261
10
1 41
2 2
3 33
4 44
5 35
6 26
7 67
8 88
9 101
10 30
2
drop 9 7257
pick 9 7258
10
1 51
2 12
3 23
4 34
5 25
6 103
7 107
8 78
9 9
10 40
7
drop 6 7251
drop 7 7241
pick 6 7260
pick 7 7215
pick 7 7221
pick 7 7246
pick 7 7265
10
1 61
2 22
3 13
4 24
5 15
6 26
7 67
8 68
9 19
10 50
0
10
1 71
2 32
3 3
4 14
5 5
6 36
7 57
8 58
9 29
10 60
0
10
1 108
2 42
3 101
4 4
5 101
6 46
7 47
8 48
9 39
10 106
17
drop 1 7236
drop 3 7263
drop 5 7201
drop 5 7204
drop 5 7208
drop 5 7212
drop 5 7216
drop 5 7230
drop 5 7242
drop 5 7247
drop 10 7252
pick 1 7220
pick 3 7259
pick 3 7268
pick 5 7266
pick 5 7273
pick 10 7233
10
1 71
2 52
3 3
4 101
5 5
6 56
7 37
8 38
9 49
10 60
2
drop 4 7222
pick 4 7267
10
1 61
2 62
3 13
4 4
5 15
6 66
7 27
8 28
9 59
10 50
0
10
1 51
2 72
3 23
4 14
5 25
6 107
7 17
8 18
9 69
10 40
2
drop 6 7260
pick 6 7278
10
1 41
2 82
3 33
4 24
5 35
6 66
7 7
8 8
9 79
10 30
0
10
1 31
2 109
3 104
4 34
5 45
6 76
7 101
8 101
9 108
10 103
21
drop 2 7253
drop 2 7256
drop 3 7259
drop 3 7268
drop 7 7215
drop 7 7221
drop 7 7246
drop 7 7265
drop 8 7261
drop 9 7258
drop 10 7233
pick 3 7283
pick 7 7270
pick 8 7272
pick 8 7277
pick 8 7279
pick 9 7225
pick 9 7254
pick 9 7274
pick 9 7282
pick 10 7271
10
1 104
2 82
3 33
4 44
5 55
6 86
7 7
8 8
9 79
10 30
1
drop 1 7220
10
1 31
2 92
3 23
4 54
5 65
6 109
7 17
8 18
9 69
10 20
1
drop 6 7278
9
1 41
2 110
3 13
4 64
5 107
7 27
8 28
9 59
10 10
5
drop 5 7266
drop 5 7273
pick 2 7207
pick 2 7262
pick 5 7290
9
1 105
2 92
3 3
4 74
5 65
7 37
8 103
9 49
10 101
7
drop 8 7272
drop 8 7277
drop 8 7279
drop 10 7271
pick 1 7255
pick 6 7291
pick 10 7275
10
1 41
2 82
3 101
4 84
5 55
6 86
7 47
8 28
9 39
10 10
2
drop 3 7283
pick 3 7280
10
1 31
2 72
3 3
4 94
5 45
6 76
7 57
8 18
9 29
10 20
0
10
1 21
2 62
3 13
4 110
5 35
6 66
7 106
8 102
9 19
10 30
7
drop 4 7267
drop 7 7270
pick 4 7224
pick 4 7250
pick 7 7264
pick 8 7269
pick 8 7276
10
1 103
2 52
3 23
4 94
5 25
6 56
7 57
8 18
9 9
10 40
1
drop 1 7255
10
1 21
2 42
3 33
4 84
5 15
6 46
7 47
8 8
9 101
10 50
5
drop 9 7225
drop 9 7254
drop 9 7274
drop 9 7282
pick 9 7281
10
1 11
2 32
3 43
4 74
5 5
6 36
7 37
8 101
9 9
10 60
3
drop 8 7269
drop 8 7276
pick 8 7284
10
1 102
2 22
3 53
4 64
5 101
6 26
7 27
8 8
9 19
10 70
3
drop 5 7290
pick 1 7294
pick 5 7287
10
1 11
2 103
3 63
4 54
5 5
6 16
7 17
8 18
9 29
10 80
3
drop 2 7207
drop 2 7262
pick 2 7300
10
1 21
2 22
3 73
4 44
5 15
6 6
7 7
8 28
9 39
10 90
0
10
1 103
2 12
3 83
4 105
5 25
6 101
7 101
8 38
9 49
10 100
8
drop 1 7294
drop 4 7224
drop 4 7250
drop 6 7291
drop 7 7264
pick 6 7289
pick 6 7295
pick 7 7292
9
1 21
2 2
3 109
5 35
6 6
7 7
8 104
9 59
10 110
4
drop 3 7280
drop 8 7284
drop 10 7275
pick 10 7248
9
1 31
2 101
3 83
5 45
6 16
7 17
8 38
9 69
10 100
5
drop 2 7300
pick 2 7296
pick 2 7299
pick 2 7302
pick 4 7309
10
1 104
2 2
3 93
4 44
5 55
6 102
7 27
8 48
9 107
10 90
6
drop 6 7289
drop 6 7295
drop 9 7281
pick 1 7297
pick 6 7304
pick 9 7293
10
1 31
2 12
3 110
4 34
5 65
6 16
7 103
8 58
9 69
10 80
2
drop 7 7292
pick 3 7244
10
1 21
2 22
3 93
4 24
5 75
6 6
7 27
8 106
9 59
10 70
1
pick 8 7288
10
1 11
2 32
3 83
4 14
5 108
6 101
7 17
8 58
9 49
10 60
6
drop 5 7287
drop 6 7304
pick 5 7285
pick 5 7301
pick 5 7310
pick 6 7308
10
1 1
2 42
3 73
4 4
5 75
6 6
7 102
8 48
9 39
10 50
1
pick 7 7311
10
1 101
2 52
3 63
4 101
5 65
6 16
7 17
8 38
9 29
10 40
5
drop 1 7297
drop 4 7309
pick 1 7312
pick 4 7313
pick 4 7318
10
1 1
2 106
3 53
4 4
5 55
6 26
7 27
8 104
9 103
10 30
7
drop 2 7296
drop 2 7299
drop 2 7302
drop 8 7288
drop 9 7293
pick 2 7298
pick 2 7307
10
1 11
2 52
3 43
4 14
5 45
6 36
7 37
8 38
9 29
10 20
0
10
1 102
2 42
3 33
4 24
5 35
6 104
7 104
8 28
9 19
10 10
3
drop 1 7312
drop 6 7308
drop 7 7311
10
1 11
2 32
3 23
4 34
5 25
6 36
7 37
8 103
9 102
10 101
5
drop 10 7248
pick 8 7328
pick 9 7314
pick 10 7319
pick 10 7332
10
1 1
2 22
3 13
4 44
5 15
6 46
7 47
8 28
9 19
10 10
0
10
1 101
2 12
3 3
4 54
5 5
6 56
7 105
8 18
9 9
10 20
1
pick 1 7316
9
1 1
2 2
3 101
4 64
5 101
6 106
8 8
9 101
10 30
11
drop 3 7244
drop 5 7285
drop 5 7301
drop 5 7310
drop 9 7314
pick 3 7321
pick 5 7324
pick 6 7315
pick 7 7338
pick 9 7327
pick 9 7337
10
1 11
2 101
3 3
4 74
5 5
6 56
7 47
8 101
9 9
10 40
7
drop 2 7298
drop 2 7307
drop 8 7328
pick 2 7329
pick 2 7335
pick 8 7331
pick 8 7339
10
1 21
2 2
3 13
4 84
5 15
6 66
7 37
8 8
9 19
10 50
0
10
1 31
2 12
3 23
4 109
5 25
6 107
7 27
8 18
9 29
10 60
10
drop 4 7313
drop 4 7318
drop 6 7315
pick 4 7317
pick 4 7320
pick 6 7303
pick 6 7305
pick 6 7306
pick 6 7322
pick 6 7340
10
1 41
2 22
3 103
4 84
5 35
6 66
7 17
8 28
9 39
10 70
2
drop 3 7321
pick 3 7345
10
1 51
2 32
3 23
4 74
5 45
6 56
7 7
8 38
9 49
10 80
0
10
1 61
2 42
3 13
4 64
5 105
6 46
7 101
8 104
9 59
10 108
11
drop 5 7324
drop 7 7338
drop 8 7331
drop 8 7339
drop 10 7319
drop 10 7332
pick 5 7344
pick 7 7333
pick 7 7353
pick 10 7330
pick 10 7336
10
1 71
2 52
3 3
4 54
5 45
6 36
7 7
8 38
9 106
10 80
2
drop 9 7327
drop 9 7337
10
1 108
2 62
3 101
4 44
5 35
6 26
7 17
8 28
9 59
10 70
6
drop 1 7316
drop 3 7345
pick 1 7343
pick 3 7341
pick 3 7348
pick 3 7360
10
1 71
2 72
3 3
4 34
5 25
6 16
7 102
8 103
9 69
10 60
5
drop 7 7333
drop 7 7353
pick 7 7342
pick 7 7349
pick 8 7352
10
1 61
2 82
3 13
4 24
5 15
6 6
7 17
8 28
9 107
10 50
1
pick 9 7325
10
1 51
2 92
3 23
4 14
5 5
6 101
7 7
8 18
9 69
10 40
9
drop 6 7303
drop 6 7305
drop 6 7306
drop 6 7322
drop 6 7340
pick 6 7346
pick 6 7347
pick 6 7356
pick 6 7366
10
1 41
2 110
3 33
4 4
5 101
6 6
7 101
8 8
9 59
10 30
10
drop 2 7329
drop 2 7335
drop 5 7344
drop 7 7342
drop 7 7349
pick 2 7286
pick 5 7350
pick 5 7357
pick 7 7355
pick 7 7359
10
1 31
2 92
3 43
4 101
5 5
6 16
7 7
8 101
9 49
10 20
5
drop 4 7317
drop 4 7320
drop 8 7352
pick 4 7358
pick 8 7363
10
1 104
2 82
3 53
4 4
5 15
6 26
7 17
8 8
9 105
10 10
3
drop 1 7343
drop 9 7325
pick 1 7369
9
1 31
2 72
3 106
4 14
5 25
6 36
7 27
8 18
10 101
8
drop 3 7341
drop 3 7348
drop 3 7360
drop 10 7330
drop 10 7336
pick 3 7368
pick 9 7375
pick 10 7371
10
1 21
2 62
3 53
4 102
5 35
6 46
7 37
8 28
9 49
10 10
2
drop 4 7358
pick 4 7354
10
1 11
2 52
3 43
4 14
5 45
6 105
7 104
8 38
9 39
10 20
6
drop 6 7346
drop 6 7347
drop 6 7356
drop 6 7366
drop 7 7355
drop 7 7359
10
1 1
2 106
3 33
4 24
5 55
6 46
7 37
8 48
9 29
10 30
1
drop 2 7286
10
1 101
2 52
3 23
4 34
5 65
6 56
7 47
8 58
9 19
10 40
2
drop 1 7369
pick 1 7372
10
1 1
2 62
3 13
4 104
5 75
6 106
7 57
8 68
9 9
10 50
2
drop 4 7354
pick 6 7380
10
1 11
2 72
3 3
4 34
5 108
6 56
7 67
8 78
9 101
10 60
5
drop 5 7350
drop 5 7357
drop 9 7375
pick 5 7382
pick 9 7373
10
1 21
2 108
3 101
4 24
5 75
6 46
7 107
8 88
9 9
10 70
4
drop 3 7368
pick 2 7377
pick 3 7374
pick 7 7365
10
1 31
2 72
3 3
4 103
5 65
6 36
7 67
8 109
9 19
10 80
7
drop 8 7363
pick 4 7384
pick 8 7351
pick 8 7364
pick 8 7367
pick 8 7381
pick 8 7386
10
1 41
2 62
3 13
4 24
5 55
6 26
7 57
8 88
9 29
10 108
1
drop 10 7371
10
1 51
2 52
3 23
4 34
5 106
6 16
7 47
8 78
9 39
10 80
1
drop 5 7382
10
1 61
2 42
3 33
4 44
5 55
6 6
7 37
8 68
9 49
10 90
0
10
1 71
2 32
3 43
4 54
5 65
6 101
7 27
8 58
9 105
10 109
5
drop 6 7380
drop 9 7373
pick 6 7376
pick 9 7394
pick 10 7378
10
1 81
2 22
3 53
4 106
5 107
6 6
7 17
8 48
9 49
10 90
2
drop 4 7384
pick 5 7387
9
1 109
2 12
3 106
5 65
6 16
7 7
8 38
9 59
10 80
5
drop 1 7372
drop 3 7374
pick 1 7392
pick 1 7396
pick 1 7400
8
1 81
2 2
5 55
6 26
7 101
8 28
9 69
10 70
5
drop 7 7365
pick 3 7408
pick 4 7407
pick 7 7379
pick 7 7406
10
1 71
2 101
3 53
4 54
5 45
6 36
7 7
8 18
9 107
10 107
5
drop 2 7377
drop 9 7394
drop 10 7378
pick 2 7383
pick 2 7398
10
1 61
2 2
3 63
4 44
5 35
6 46
7 17
8 8
9 69
10 70
0
10
1 51
2 12
3 73
4 34
5 25
6 56
7 27
8 101
9 79
10 80
7
drop 8 7351
drop 8 7364
drop 8 7367
drop 8 7381
drop 8 7386
pick 8 7389
pick 8 7423
10
1 41
2 22
3 83
4 24
5 15
6 66
7 37
8 8
9 108
10 108
2
pick 9 7409
pick 10 7412
10
1 31
2 32
3 93
4 14
5 102
6 76
7 104
8 18
9 79
10 80
6
drop 5 7387
drop 7 7379
drop 7 7406
pick 5 7388
pick 5 7421
pick 7 7426
10
1 21
2 42
3 110
4 4
5 15
6 108
7 37
8 102
9 69
10 70
12
drop 3 7408
drop 6 7376
drop 8 7389
drop 8 7423
pick 3 7323
pick 3 7326
pick 3 7334
pick 3 7361
pick 3 7370
pick 3 7385
pick 3 7418
pick 8 7428
10
1 11
2 52
3 93
4 101
5 5
6 76
7 27
8 18
9 59
10 60
3
drop 4 7407
pick 4 7393
pick 4 7404
10
1 1
2 62
3 83
4 4
5 101
6 86
7 17
8 28
9 49
10 50
4
drop 5 7388
drop 5 7421
pick 5 7395
pick 5 7410
10
1 101
2 107
3 73
4 14
5 5
6 109
7 7
8 38
9 39
10 40
9
drop 1 7392
drop 1 7396
drop 1 7400
drop 2 7383
drop 2 7398
pick 1 7411
pick 2 7430
pick 2 7438
pick 6 7402
10
1 1
2 62
3 63
4 24
5 15
6 86
7 101
8 48
9 29
10 30
3
drop 7 7426
pick 7 7419
pick 7 7429
10
1 11
2 52
3 53
4 103
5 25
6 76
7 7
8 58
9 19
10 20
7
drop 4 7393
drop 4 7404
pick 4 7390
pick 4 7399
pick 4 7401
pick 4 7405
pick 4 7432
10
1 21
2 42
3 43
4 24
5 35
6 66
7 17
8 68
9 9
10 10
0
10
1 31
2 32
3 33
4 14
5 45
6 56
7 27
8 107
9 101
10 101
7
drop 8 7428
drop 9 7409
drop 10 7412
pick 9 7420
pick 9 7443
pick 9 7444
pick 10 7422
10
1 104
2 22
3 23
4 4
5 105
6 46
7 37
8 68
9 9
10 10
6
drop 1 7411
drop 5 7395
drop 5 7410
pick 1 7434
pick 1 7445
pick 5 7413
10
1 31
2 12
3 13
4 101
5 45
6 105
7 47
8 58
9 19
10 20
10
drop 4 7390
drop 4 7399
drop 4 7401
drop 4 7405
drop 4 7432
drop 6 7402
pick 4 7424
pick 4 7449
pick 4 7451
pick 6 7415
10
1 21
2 2
3 3
4 4
5 35
6 46
7 57
8 106
9 29
10 30
2
pick 8 7416
pick 8 7433
10
1 11
2 101
3 101
4 14
5 25
6 36
7 67
8 58
9 39
10 40
13
drop 2 7430
drop 2 7438
drop 3 7323
drop 3 7326
drop 3 7334
drop 3 7361
drop 3 7370
drop 3 7385
drop 3 7418
pick 2 7435
pick 3 7439
pick 3 7440
pick 3 7450
10
1 1
2 2
3 3
4 24
5 15
6 26
7 77
8 48
9 49
10 50
0
10
1 101
2 12
3 13
4 34
5 102
6 16
7 108
8 38
9 59
10 60
8
drop 1 7434
drop 1 7445
drop 5 7413
drop 7 7419
drop 7 7429
pick 1 7446
pick 5 7437
pick 7 7452
10
1 1
2 22
3 23
4 44
5 15
6 6
7 77
8 28
9 69
10 70
0
10
1 11
2 32
3 103
4 54
5 5
6 101
7 67
8 18
9 107
10 80
12
drop 3 7439
drop 3 7440
drop 3 7450
drop 6 7415
drop 9 7420
drop 9 7443
drop 9 7444
pick 3 7431
pick 6 7454
pick 6 7455
pick 6 7458
pick 9 7453
10
1 21
2 42
3 23
4 64
5 101
6 6
7 57
8 8
9 69
10 90
3
drop 5 7437
pick 5 7456
pick 5 7463
10
1 31
2 52
3 33
4 74
5 5
6 16
7 47
8 101
9 59
10 109
10
drop 8 7416
drop 8 7433
drop 10 7422
pick 8 7461
pick 8 7462
pick 10 7414
pick 10 7417
pick 10 7425
pick 10 7427
pick 10 7447
10
1 41
2 106
3 104
4 84
5 15
6 26
7 37
8 8
9 49
10 90
4
drop 2 7435
drop 3 7431
pick 2 7457
pick 3 7466
10
1 51
2 52
3 33
4 94
5 102
6 36
7 27
8 18
9 39
10 80
3
drop 5 7456
drop 5 7463
pick 5 7441
10
1 61
2 62
3 43
4 110
5 15
6 46
7 17
8 28
9 29
10 70
4
drop 4 7424
drop 4 7449
drop 4 7451
pick 4 7362
10
1 71
2 107
3 53
4 94
5 25
6 56
7 7
8 38
9 19
10 60
2
drop 2 7457
pick 2 7473
10
1 108
2 62
3 106
4 84
5 35
6 66
7 101
8 48
9 9
10 50
5
drop 1 7446
drop 3 7466
drop 7 7452
pick 3 7467
pick 7 7464
10
1 71
2 52
3 53
4 74
5 45
6 107
7 7
8 58
9 101
10 40
6
drop 6 7454
drop 6 7455
drop 6 7458
drop 9 7453
pick 9 7469
pick 9 7479
10
1 61
2 42
3 43
4 64
5 55
6 66
7 17
8 68
9 9
10 30
0
10
1 107
2 32
3 33
4 107
5 65
6 56
7 27
8 78
9 19
10 20
2
drop 4 7362
pick 1 7482
10
1 61
2 22
3 23
4 64
5 75
6 106
7 37
8 88
9 29
10 10
1
pick 6 7476
10
1 51
2 12
3 13
4 54
5 85
6 56
7 47
8 98
9 39
10 101
8
drop 10 7414
drop 10 7417
drop 10 7425
drop 10 7427
drop 10 7447
pick 10 7470
pick 10 7471
pick 10 7480
10
1 41
2 2
3 3
4 106
5 95
6 46
7 57
8 110
9 49
10 10
5
drop 8 7461
drop 8 7462
pick 4 7484
pick 8 7391
pick 8 7397
10
1 31
2 101
3 101
4 54
5 110
6 105
7 67
8 98
9 59
10 20
12
drop 2 7473
drop 3 7467
drop 5 7441
drop 6 7476
pick 2 7474
pick 2 7478
pick 2 7493
pick 3 7475
pick 3 7483
pick 5 7403
pick 5 7481
pick 6 7465
10
1 21
2 2
3 3
4 44
5 95
6 46
7 77
8 88
9 69
10 30
0
10
1 11
2 12
3 13
4 34
5 85
6 36
7 87
8 78
9 79
10 40
0
10
1 1
2 22
3 102
4 24
5 75
6 26
7 109
8 68
9 108
10 104
13
drop 3 7475
drop 3 7483
drop 7 7464
drop 9 7469
drop 9 7479
drop 10 7470
drop 10 7471
drop 10 7480
pick 3 7442
pick 7 7491
pick 9 7492
pick 10 7477
pick 10 7498
10
1 101
2 32
3 13
4 14
5 65
6 16
7 87
8 58
9 79
10 40
4
drop 1 7482
pick 1 7485
pick 1 7497
pick 1 7500
10
1 1
2 42
3 23
4 4
5 55
6 6
7 77
8 48
9 69
10 30
0
10
1 11
2 52
3 33
4 101
5 106
6 101
7 67
8 105
9 59
10 20
9
drop 4 7484
drop 5 7403
drop 5 7481
drop 6 7465
drop 8 7391
drop 8 7397
pick 4 7488
pick 5 7495
pick 6 7489
10
1 21
2 106
3 43
4 4
5 55
6 6
7 57
8 48
9 49
10 10
3
drop 2 7474
drop 2 7478
drop 2 7493
10
1 31
2 52
3 105
4 14
5 45
6 16
7 47
8 38
9 39
10 101
4
drop 3 7442
drop 10 7477
drop 10 7498
pick 10 7490
9
1 41
2 62
4 24
5 35
6 26
7 105
8 104
9 29
10 10
5
drop 7 7491
pick 3 7510
pick 7 7511
pick 8 7499
pick 8 7505
10
1 51
2 107
3 43
4 34
5 104
6 36
7 47
8 38
9 19
10 20
2
drop 5 7495
pick 2 7504
10
1 61
2 62
3 33
4 44
5 35
6 46
7 57
8 28
9 9
10 30
0
10
1 107
2 52
3 23
4 105
5 25
6 56
7 67
8 18
9 101
10 40
10
drop 1 7485
drop 1 7497
drop 1 7500
drop 4 7488
drop 9 7492
pick 1 7518
pick 4 7516
pick 9 7496
pick 9 7519
pick 9 7520
10
1 61
2 42
3 13
4 44
5 103
6 66
7 77
8 8
9 9
10 104
2
drop 10 7490
pick 5 7459
9
1 51
2 32
3 3
4 54
5 25
6 76
7 108
8 101
9 19
6
drop 7 7511
drop 8 7499
drop 8 7505
pick 7 7521
pick 8 7507
pick 10 7525
10
1 41
2 22
3 101
4 64
5 35
6 86
7 77
8 8
9 102
10 40
10
drop 3 7510
drop 9 7496
drop 9 7519
drop 9 7520
pick 3 7508
pick 3 7509
pick 3 7522
pick 3 7526
pick 9 7448
pick 9 7523
10
1 31
2 12
3 3
4 74
5 45
6 96
7 67
8 18
9 19
10 30
0
10
1 21
2 2
3 13
4 108
5 105
6 110
7 57
8 28
9 29
10 20
4
drop 4 7516
drop 5 7459
drop 6 7489
pick 6 7436
9
1 11
2 101
3 23
5 45
6 96
7 47
8 38
9 39
10 10
3
drop 2 7504
pick 2 7517
pick 2 7527
9
1 1
2 2
3 103
5 55
6 86
7 37
8 48
9 104
10 101
15
drop 3 7508
drop 3 7509
drop 3 7522
drop 3 7526
drop 9 7448
drop 9 7523
drop 10 7525
pick 3 7472
pick 3 7487
pick 3 7494
pick 3 7501
pick 3 7503
pick 3 7506
pick 4 7533
pick 10 7528
10
1 101
2 12
3 23
4 74
5 106
6 76
7 27
8 58
9 39
10 10
3
drop 1 7518
pick 1 7530
pick 5 7529
10
1 1
2 22
3 13
4 64
5 55
6 66
7 17
8 68
9 29
10 20
0
10
1 11
2 32
3 3
4 54
5 65
6 56
7 7
8 107
9 19
10 30
1
drop 8 7507
10
1 21
2 42
3 101
4 44
5 75
6 46
7 101
8 68
9 102
10 40
11
drop 3 7472
drop 3 7487
drop 3 7494
drop 3 7501
drop 3 7503
drop 3 7506
drop 7 7521
pick 3 7532
pick 7 7534
pick 7 7540
pick 9 7460
10
1 31
2 52
3 3
4 34
5 85
6 36
7 7
8 58
9 19
10 50
0
10
1 41
2 62
3 13
4 24
5 95
6 26
7 17
8 106
9 29
10 105
2
drop 10 7528
pick 8 7535
10
1 51
2 72
3 23
4 14
5 110
6 16
7 27
8 58
9 39
10 50
3
drop 5 7529
pick 5 7486
pick 5 7524
10
1 106
2 82
3 33
4 4
5 95
6 102
7 37
8 48
9 49
10 40
8
drop 1 7530
drop 6 7436
pick 1 7542
pick 6 7468
pick 6 7513
pick 6 7514
pick 6 7515
pick 6 7543
10
1 51
2 92
3 43
4 101
5 85
6 16
7 47
8 38
9 59
10 104
3
drop 4 7533
pick 4 7539
pick 10 7538
10
1 41
2 110
3 53
4 4
5 75
6 6
7 57
8 28
9 106
10 40
4
drop 2 7517
drop 2 7527
drop 9 7460
pick 2 7536
10
1 31
2 92
3 63
4 14
5 65
6 101
7 67
8 18
9 59
10 30
6
drop 6 7468
drop 6 7513
drop 6 7514
drop 6 7515
drop 6 7543
pick 6 7541
10
1 21
2 82
3 73
4 24
5 55
6 6
7 107
8 8
9 69
10 20
2
drop 7 7534
drop 7 7540
10
1 103
2 72
3 83
4 34
5 45
6 16
7 67
8 101
9 79
10 10
4
drop 1 7542
drop 8 7535
pick 1 7537
pick 8 7544
10
1 21
2 108
3 93
4 44
5 35
6 26
7 77
8 8
9 108
10 101
4
drop 2 7536
drop 10 7538
pick 9 7547
pick 10 7545
10
1 11
2 72
3 110
4 54
5 25
6 36
7 108
8 18
9 79
10 10
2
drop 3 7532
pick 7 7552
10
1 1
2 82
3 93
4 64
5 15
6 46
7 77
8 28
9 69
10 20
0
10
1 101
2 109
3 83
4 74
5 5
6 56
7 87
8 103
9 59
10 102
6
drop 1 7537
drop 8 7544
drop 10 7545
pick 1 7546
pick 2 7502
pick 10 7554
10
1 1
2 82
3 109
4 108
5 101
6 66
7 109
8 28
9 49
10 20
7
drop 4 7539
drop 5 7486
drop 5 7524
drop 7 7552
pick 3 7531
pick 5 7548
pick 5 7555
10
1 11
2 92
3 83
4 74
5 5
6 107
7 87
8 18
9 39
10 30
1
drop 6 7541
10
1 21
2 110
3 73
4 84
5 15
6 66
7 77
8 102
9 29
10 40
2
drop 2 7502
pick 8 7512
10
1 31
2 92
3 63
4 109
5 25
6 56
7 67
8 18
9 19
10 50
1
pick 4 7562
10
1 104
2 82
3 53
4 84
5 35
6 46
7 107
8 28
9 9
10 60
3
drop 1 7546
pick 1 7549
pick 7 7567
10
1 31
2 72
3 43
4 94
5 45
6 105
7 67
8 38
9 101
10 70
4
drop 9 7547
pick 6 7550
pick 6 7553
pick 9 7551
10
1 21
2 108
3 33
4 110
5 105
6 46
7 57
8 48
9 9
10 80
5
drop 4 7562
drop 5 7548
drop 5 7555
pick 2 7568
pick 2 7569
10
1 11
2 72
3 23
4 94
5 45
6 36
7 47
8 58
9 19
10 90
0
10
1 1
2 62
3 13
4 84
5 35
6 26
7 37
8 68
9 29
10 109
1
drop 10 7554
10
1 101
2 52
3 3
4 74
5 104
6 16
7 27
8 78
9 39
10 90
4
drop 1 7549
pick 1 7556
pick 1 7557
pick 5 7565
10
1 1
2 42
3 101
4 64
5 35
6 6
7 17
8 88
9 49
10 80
2
drop 3 7531
pick 3 7558
10
1 11
2 32
3 3
4 107
5 45
6 101
7 7
8 98
9 59
10 70
6
drop 6 7550
drop 6 7553
pick 4 7574
pick 6 7559
pick 6 7564
pick 6 7575
10
1 21
2 22
3 13
4 64
5 105
6 6
7 101
8 110
9 69
10 60
6
drop 5 7565
drop 7 7567
drop 8 7512
pick 7 7560
pick 7 7571
pick 7 7577
9
1 103
2 12
3 102
4 54
5 45
6 16
7 7
9 79
10 106
7
drop 1 7556
drop 1 7557
drop 3 7558
pick 1 7561
pick 3 7572
pick 3 7576
pick 10 7578
9
1 21
2 2
3 13
4 44
5 35
6 26
7 17
9 108
10 60
1
drop 9 7551
9
1 11
2 101
3 3
4 34
5 104
6 36
7 27
9 79
10 50
8
drop 2 7568
drop 2 7569
pick 2 7563
pick 2 7573
pick 2 7583
pick 5 7570
pick 8 7584
pick 8 7585
10
1 1
2 2
3 101
4 24
5 35
6 46
7 37
8 98
9 69
10 40
4
drop 3 7572
drop 3 7576
pick 3 7566
pick 3 7580
10
1 101
2 12
3 3
4 14
5 25
6 56
7 47
8 88
9 107
10 30
5
drop 1 7561
pick 1 7579
pick 9 7590
pick 9 7591
pick 9 7593
10
1 1
2 22
3 13
4 4
5 15
6 66
7 57
8 78
9 69
10 20
0
10
1 11
2 32
3 23
4 101
5 5
6 76
7 67
8 68
9 59
10 10
3
drop 4 7574
pick 4 7581
pick 4 7588
10
1 21
2 42
3 33
4 4
5 101
6 86
7 77
8 58
9 49
10 101
4
drop 5 7570
drop 10 7578
pick 5 7582
pick 10 7587
10
1 31
2 52
3 104
4 14
5 5
6 109
7 87
8 48
9 39
10 10
7
drop 3 7566
drop 3 7580
drop 6 7559
drop 6 7564
drop 6 7575
pick 3 7598
pick 6 7600
10
1 41
2 106
3 33
4 24
5 15
6 86
7 97
8 38
9 29
10 20
3
drop 2 7563
drop 2 7573
drop 2 7583
10
1 51
2 52
3 23
4 34
5 25
6 76
7 110
8 28
9 19
10 30
4
drop 7 7560
drop 7 7571
drop 7 7577
pick 7 7601
10
1 61
2 62
3 13
4 44
5 35
6 66
7 97
8 18
9 9
10 103
3
drop 10 7587
pick 10 7586
pick 10 7607
10
1 107
2 107
3 3
4 54
5 45
6 56
7 87
8 8
9 101
10 30
8
drop 1 7579
drop 9 7590
drop 9 7591
drop 9 7593
pick 2 7604
pick 9 7592
pick 9 7609
pick 9 7610
10
1 61
2 62
3 101
4 64
5 105
6 46
7 77
8 101
9 9
10 40
7
drop 3 7598
drop 5 7582
drop 8 7584
drop 8 7585
pick 3 7597
pick 5 7605
pick 8 7602
10
1 71
2 52
3 3
4 74
5 45
6 36
7 67
8 8
9 19
10 50
0
10
1 108
2 42
3 13
4 84
5 35
6 26
7 57
8 18
9 29
10 60
1
pick 1 7606
10
1 71
2 32
3 23
4 109
5 104
6 16
7 47
8 102
9 39
10 70
10
drop 4 7581
drop 4 7588
drop 5 7605
drop 8 7602
pick 4 7616
pick 5 7615
pick 8 7589
pick 8 7599
pick 8 7603
pick 8 7617
10
1 81
2 22
3 33
4 84
5 35
6 6
7 37
8 18
9 49
10 80
0
10
1 91
2 12
3 43
4 74
5 25
6 101
7 27
8 8
9 59
10 90
2
drop 6 7600
pick 6 7608
10
1 110
2 2
3 53
4 64
5 15
6 6
7 17
8 101
9 69
10 100
7
drop 1 7606
drop 8 7589
drop 8 7599
drop 8 7603
drop 8 7617
pick 1 7623
pick 8 7611
10
1 91
2 101
3 63
4 54
5 5
6 16
7 7
8 8
9 79
10 110
4
drop 2 7604
drop 10 7586
drop 10 7607
pick 2 7618
9
1 81
2 2
3 73
4 44
5 101
6 26
7 101
8 18
9 108
7
drop 5 7615
drop 7 7601
drop 9 7592
drop 9 7609
drop 9 7610
pick 5 7619
pick 7 7620
9
1 71
2 12
3 83
4 34
5 5
6 36
7 7
8 28
9 79
0
9
1 61
2 22
3 93
4 24
5 15
6 46
7 17
8 38
9 69
1
pick 10 7627
10
1 51
2 103
3 110
4 14
5 25
6 56
7 27
8 48
9 59
10 100
4
drop 2 7618
drop 3 7597
pick 2 7594
pick 2 7596
10
1 41
2 22
3 93
4 4
5 35
6 66
7 37
8 105
9 106
10 90
5
drop 8 7611
pick 8 7613
pick 8 7614
pick 8 7628
pick 9 7612
10
1 31
2 12
3 83
4 101
5 45
6 107
7 47
8 48
9 59
10 80
3
drop 4 7616
drop 6 7608
pick 4 7622
10
1 21
2 2
3 109
4 4
5 55
6 66
7 57
8 38
9 49
10 70
2
pick 3 7631
pick 3 7632
10
1 11
2 101
3 83
4 14
5 65
6 56
7 67
8 28
9 39
10 60
3
drop 2 7594
drop 2 7596
pick 2 7624
10
1 1
2 2
3 73
4 24
5 75
6 106
7 77
8 18
9 29
10 50
1
pick 6 7630
10
1 101
2 12
3 63
4 34
5 85
6 56
7 87
8 8
9 19
10 40
3
drop 1 7623
pick 1 7626
pick 1 7633
10
1 1
2 102
3 53
4 44
5 95
6 46
7 109
8 101
9 9
10 30
8
drop 2 7624
drop 7 7620
drop 8 7613
drop 8 7614
drop 8 7628
pick 2 7625
pick 2 7629
pick 8 7634
10
1 11
2 12
3 43
4 54
5 110
6 36
7 87
8 8
9 101
10 20
4
drop 5 7619
drop 9 7612
pick 9 7635
pick 9 7638
10
1 21
2 2
3 33
4 64
5 95
6 26
7 77
8 18
9 9
10 10
0
10
1 31
2 101
3 23
4 74
5 85
6 16
7 108
8 28
9 19
10 101
9
drop 2 7625
drop 2 7629
drop 10 7627
pick 2 7636
pick 2 7640
pick 2 7646
pick 7 7639
pick 10 7642
pick 10 7644
10
1 104
2 2
3 13
4 108
5 109
6 6
7 77
8 38
9 29
10 10
4
drop 1 7626
drop 1 7633
drop 4 7622
pick 1 7637
9
1 31
2 12
3 3
4 74
6 101
7 67
8 48
9 39
10 20
2
drop 6 7630
pick 6 7645
9
1 21
2 22
3 101
4 84
6 6
7 107
8 58
9 49
10 30
5
drop 3 7631
drop 3 7632
drop 7 7639
pick 3 7649
pick 5 7655
9
1 11
2 32
3 3
4 109
5 85
6 16
8 68
9 59
10 40
2
pick 4 7658
pick 7 7659
10
1 1
2 42
3 13
4 84
5 75
6 26
7 67
8 78
9 69
10 50
0
10
1 101
2 52
3 102
4 74
5 65
6 36
7 77
8 88
9 107
10 60
6
drop 1 7637
drop 3 7649
drop 9 7635
drop 9 7638
pick 1 7650
pick 3 7661
9
1 1
2 62
3 13
4 64
5 55
6 46
7 108
8 98
10 106
3
drop 7 7659
drop 10 7642
drop 10 7644
9
1 11
2 72
3 3
4 54
5 45
6 56
7 77
8 110
10 60
1
drop 8 7634
8
1 21
2 82
3 101
4 44
5 35
6 66
7 87
10 50
3
drop 3 7661
pick 3 7651
pick 9 7664
9
1 31
2 109
3 3
4 34
5 25
6 76
7 97
9 69
10 105
4
drop 2 7636
drop 2 7640
drop 2 7646
pick 10 7621
9
1 41
2 82
3 13
4 24
5 15
6 86
7 110
9 59
10 50
1
pick 7 7662
9
1 51
2 72
3 23
4 14
5 5
6 96
7 97
9 49
10 40
0
9
1 61
2 62
3 33
4 4
5 101
6 110
7 87
9 39
10 30
4
drop 5 7655
drop 6 7645
pick 5 7653
pick 5 7663
9
1 71
2 52
3 43
4 101
5 5
6 96
7 109
9 29
10 20
6
drop 4 7658
drop 7 7662
pick 4 7654
pick 4 7657
pick 4 7669
pick 8 7671
9
1 108
2 42
3 53
4 4
5 15
6 86
8 98
9 19
10 102
3
drop 1 7650
drop 10 7621
pick 10 7672
9
1 71
2 105
3 106
4 14
5 25
6 76
8 88
9 9
10 20
3
drop 3 7651
pick 2 7643
pick 2 7665
9
1 61
2 42
3 53
4 24
5 35
6 66
8 78
9 101
10 30
4
drop 9 7664
pick 9 7666
pick 9 7667
pick 9 7668
9
1 51
2 32
3 43
4 34
5 45
6 56
8 68
9 9
10 40
0
9
1 41
2 22
3 33
4 44
5 55
6 106
8 58
9 19
10 50
2
pick 6 7676
pick 7 7677
10
1 105
2 12
3 104
4 54
5 65
6 56
7 87
8 48
9 102
10 60
6
drop 9 7666
drop 9 7667
drop 9 7668
pick 1 7647
pick 3 7652
pick 9 7678
10
1 41
2 2
3 33
4 64
5 107
6 46
7 77
8 38
9 19
10 70
2
drop 5 7653
drop 5 7663
10
1 31
2 101
3 23
4 74
5 65
6 36
7 67
8 28
9 29
10 80
3
drop 2 7643
drop 2 7665
pick 2 7673
10
1 21
2 2
3 13
4 84
5 75
6 26
7 57
8 18
9 103
10 108
4
drop 9 7678
drop 10 7672
pick 9 7595
pick 10 7685
10
1 11
2 12
3 102
4 94
5 108
6 16
7 47
8 8
9 29
10 80
3
drop 3 7652
pick 3 7687
pick 5 7679
10
1 1
2 22
3 13
4 110
5 75
6 6
7 37
8 101
9 39
10 70
6
drop 4 7654
drop 4 7657
drop 4 7669
drop 8 7671
pick 4 7684
pick 8 7675
10
1 101
2 32
3 3
4 94
5 65
6 101
7 27
8 8
9 49
10 107
6
drop 1 7647
drop 6 7676
drop 10 7685
pick 1 7680
pick 6 7681
pick 6 7682
10
1 1
2 42
3 101
4 84
5 55
6 6
7 17
8 18
9 105
10 70
4
drop 3 7687
drop 9 7595
pick 3 7683
pick 9 7688
10
1 11
2 52
3 3
4 74
5 45
6 16
7 7
8 28
9 49
10 60
0
10
1 102
2 62
3 13
4 64
5 35
6 26
7 101
8 38
9 39
10 106
6
drop 1 7680
drop 7 7677
pick 7 7694
pick 7 7696
pick 7 7698
pick 10 7686
10
1 11
2 72
3 23
4 54
5 25
6 36
7 7
8 48
9 29
10 60
0
10
1 21
2 108
3 103
4 44
5 103
6 46
7 17
8 58
9 19
10 50
7
drop 2 7673
drop 3 7683
drop 5 7679
pick 2 7692
pick 3 7648
pick 3 7656
pick 3 7674
10
1 103
2 72
3 23
4 34
5 25
6 105
7 27
8 68
9 9
10 40
4
drop 6 7681
drop 6 7682
pick 1 7641
pick 6 7690
10
1 21
2 62
3 13
4 24
5 35
6 46
7 37
8 107
9 101
10 30
4
drop 8 7675
drop 9 7688
pick 8 7702
pick 9 7695
10
1 11
2 52
3 3
4 103
5 104
6 36
7 47
8 68
9 9
10 20
5
drop 4 7684
pick 4 7704
pick 5 7660
pick 5 7670
pick 5 7693
10
1 1
2 42
3 101
4 24
5 35
6 26
7 57
8 58
9 19
10 10
4
drop 3 7648
drop 3 7656
drop 3 7674
pick 3 7700
10
1 101
2 32
3 3
4 14
5 25
6 103
7 67
8 48
9 29
10 101
5
drop 1 7641
drop 6 7690
drop 10 7686
pick 1 7705
pick 10 7707
10
1 1
2 22
3 13
4 4
5 15
6 26
7 77
8 38
9 39
10 10
0
10
1 11
2 12
3 23
4 101
5 5
6 36
7 87
8 28
9 49
10 20
2
drop 4 7704
pick 4 7708
10
1 21
2 2
3 33
4 4
5 101
6 46
7 109
8 18
9 59
10 30
9
drop 5 7660
drop 5 7670
drop 5 7693
drop 7 7694
drop 7 7696
drop 7 7698
pick 5 7713
pick 7 7709
pick 7 7710
10
1 31
2 101
3 43
4 14
5 5
6 105
7 87
8 8
9 69
10 40
2
drop 2 7692
pick 6 7691
9
1 41
3 53
4 24
5 15
6 46
7 77
8 101
9 79
10 50
3
drop 8 7702
pick 2 7717
pick 8 7718
10
1 51
2 2
3 63
4 34
5 102
6 56
7 67
8 8
9 108
10 60
2
drop 5 7713
drop 9 7695
10
1 61
2 12
3 107
4 44
5 15
6 106
7 57
8 18
9 79
10 70
6
drop 3 7700
drop 6 7691
pick 3 7712
pick 3 7719
pick 6 7699
pick 6 7716
10
1 71
2 22
3 63
4 54
5 25
6 56
7 47
8 102
9 69
10 107
2
drop 8 7718
drop 10 7707
9
1 108
2 103
3 53
4 64
5 103
6 46
7 37
9 107
10 70
4
drop 1 7705
drop 2 7717
pick 5 7715
pick 9 7706
7
3 43
4 74
5 25
6 36
7 27
9 69
10 60
2
pick 1 7724
pick 8 7727
9
1 71
3 33
4 84
5 15
6 26
7 17
8 18
9 59
10 106
2
pick 2 7729
pick 10 7703
10
1 61
2 22
3 23
4 109
5 5
6 16
7 7
8 8
9 49
10 60
2
drop 4 7708
pick 4 7714
10
1 51
2 12
3 13
4 84
5 101
6 6
7 101
8 101
9 39
10 50
8
drop 5 7715
drop 7 7709
drop 7 7710
drop 8 7727
pick 5 7720
pick 7 7722
pick 7 7725
pick 8 7726
10
1 41
2 2
3 3
4 74
5 5
6 101
7 7
8 8
9 29
10 40
3
drop 6 7699
drop 6 7716
pick 6 7733
10
1 31
2 101
3 101
4 64
5 15
6 6
7 17
8 18
9 19
10 30
3
drop 2 7729
drop 3 7712
drop 3 7719
8
1 21
4 54
5 102
6 16
7 27
8 28
9 9
10 103
7
drop 5 7720
drop 10 7703
pick 2 7736
pick 3 7737
pick 5 7730
pick 5 7738
pick 10 7731
10
1 11
2 2
3 3
4 44
5 15
6 26
7 37
8 38
9 101
10 30
2
drop 9 7706
pick 9 7739
10
1 102
2 12
3 13
4 34
5 5
6 36
7 47
8 48
9 9
10 20
1
drop 1 7724
9
2 22
3 23
4 24
5 101
6 46
7 105
8 58
9 19
10 10
6
drop 5 7730
drop 5 7738
drop 7 7722
drop 7 7725
pick 5 7742
pick 7 7697
9
2 32
3 33
4 14
5 5
6 56
7 47
8 68
9 29
10 101
3
drop 10 7731
pick 1 7746
pick 10 7745
10
1 11
2 42
3 104
4 4
5 15
6 66
7 57
8 78
9 103
10 10
5
drop 3 7737
drop 9 7739
pick 3 7721
pick 3 7723
pick 3 7740
10
1 1
2 105
3 33
4 101
5 25
6 76
7 67
8 88
9 29
10 20
4
drop 2 7736
drop 4 7714
pick 2 7701
pick 4 7748
10
1 101
2 42
3 23
4 4
5 35
6 86
7 107
8 98
9 39
10 30
4
drop 1 7746
drop 7 7697
pick 1 7750
pick 7 7747
10
1 1
2 52
3 13
4 14
5 45
6 96
7 67
8 110
9 104
10 103
8
drop 8 7726
drop 10 7745
pick 8 7689
pick 8 7711
pick 8 7732
pick 8 7753
pick 8 7756
pick 9 7735
10
1 11
2 62
3 3
4 24
5 55
6 110
7 77
8 98
9 39
10 30
1
drop 6 7733
10
1 21
2 72
3 101
4 34
5 65
6 96
7 87
8 88
9 29
10 40
4
drop 3 7721
drop 3 7723
drop 3 7740
pick 3 7751
10
1 31
2 82
3 3
4 44
5 75
6 86
7 109
8 78
9 19
10 104
3
drop 7 7747
pick 7 7744
pick 10 7743
10
1 41
2 109
3 13
4 54
5 85
6 109
7 87
8 68
9 102
10 40
6
drop 2 7701
drop 9 7735
pick 2 7754
pick 6 7741
pick 9 7758
pick 9 7763
10
1 105
2 82
3 23
4 64
5 95
6 86
7 77
8 58
9 19
10 50
2
drop 1 7750
pick 1 7749
10
1 41
2 72
3 33
4 74
5 110
6 76
7 108
8 48
9 9
10 60
2
drop 5 7742
drop 7 7744
10
1 51
2 62
3 43
4 84
5 95
6 66
7 77
8 38
9 101
10 70
4
drop 9 7758
drop 9 7763
pick 9 7755
pick 9 7757
10
1 61
2 52
3 53
4 94
5 85
6 56
7 67
8 28
9 9
10 80
0
10
1 107
2 42
3 63
4 110
5 75
6 46
7 57
8 18
9 19
10 90
2
drop 1 7749
drop 4 7748
10
1 61
2 32
3 73
4 94
5 65
6 36
7 106
8 8
9 29
10 100
1
pick 7 7734
10
1 51
2 22
3 108
4 84
5 55
6 26
7 57
8 101
9 103
10 110
11
drop 3 7751
drop 8 7689
drop 8 7711
drop 8 7732
drop 8 7753
drop 8 7756
drop 9 7755
drop 9 7757
drop 10 7743
pick 8 7761
pick 9 7767
10
1 106
2 12
3 73
4 74
5 106
6 16
7 47
8 8
9 29
10 100
2
pick 1 7759
pick 5 7728
10
1 51
2 2
3 63
4 64
5 55
6 6
7 37
8 18
9 19
10 90
0
10
1 41
2 101
3 53
4 54
5 65
6 101
7 27
8 28
9 9
10 80
6
drop 2 7754
drop 6 7741
pick 2 7762
pick 2 7777
pick 6 7764
pick 6 7772
10
1 31
2 2
3 43
4 106
5 107
6 6
7 17
8 38
9 101
10 70
5
drop 5 7728
drop 9 7767
pick 4 7766
pick 9 7765
pick 9 7778
9
1 21
2 12
3 105
4 54
6 16
7 7
8 48
9 9
10 107
2
pick 3 7775
pick 10 7779
9
1 103
2 22
3 43
4 44
6 26
7 101
8 58
9 19
10 70
6
drop 1 7759
drop 7 7734
pick 5 7784
pick 7 7768
pick 7 7782
pick 7 7783
9
2 32
3 33
4 34
5 65
6 36
7 7
8 68
9 102
10 60
3
drop 9 7765
drop 9 7778
pick 9 7760
9
2 104
3 23
4 24
5 55
6 46
7 17
8 107
9 19
10 50
7
drop 2 7762
drop 2 7777
drop 8 7761
pick 1 7791
pick 2 7752
pick 2 7769
pick 2 7790
10
1 21
2 32
3 13
4 14
5 45
6 56
7 27
8 68
9 29
10 40
0
10
1 11
2 22
3 3
4 4
5 35
6 66
7 37
8 58
9 39
10 30
0
10
1 1
2 12
3 101
4 101
5 25
6 76
7 47
8 106
9 49
10 20
7
drop 3 7775
drop 4 7766
pick 3 7771
pick 3 7780
pick 4 7774
pick 4 7800
pick 8 7787
10
1 101
2 2
3 3
4 4
5 15
6 86
7 57
8 58
9 59
10 10
2
drop 1 7791
pick 1 7776
10
1 1
2 101
3 13
4 14
5 5
6 96
7 67
8 68
9 69
10 101
6
drop 2 7752
drop 2 7769
drop 2 7790
drop 10 7779
pick 2 7785
pick 10 7794
10
1 11
2 2
3 23
4 24
5 101
6 110
7 77
8 107
9 107
10 10
7
drop 5 7784
drop 6 7764
drop 6 7772
drop 8 7787
drop 9 7760
pick 5 7795
pick 6 7803
10
1 21
2 12
3 33
4 34
5 5
6 96
7 108
8 68
9 69
10 20
4
drop 7 7768
drop 7 7782
drop 7 7783
pick 7 7792
10
1 31
2 22
3 43
4 44
5 15
6 86
7 77
8 58
9 79
10 30
0
10
1 41
2 32
3 105
4 54
5 25
6 76
7 67
8 106
9 108
10 40
4
drop 3 7771
drop 3 7780
pick 8 7788
pick 9 7789
9
1 51
2 42
4 106
5 35
6 66
7 57
8 58
9 79
10 50
3
drop 4 7774
drop 4 7800
pick 3 7812
9
1 61
2 52
3 43
5 104
6 56
7 47
8 48
9 69
10 60
3
drop 5 7795
pick 4 7816
pick 5 7786
10
1 71
2 62
3 33
4 54
5 35
6 46
7 37
8 38
9 59
10 70
0
10
1 81
2 72
3 23
4 44
5 45
6 36
7 27
8 28
9 49
10 107
1
drop 10 7794
10
1 109
2 82
3 13
4 34
5 55
6 26
7 17
8 18
9 39
10 70
2
drop 1 7776
pick 1 7796
10
1 81
2 92
3 3
4 24
5 65
6 103
7 7
8 8
9 29
10 80
3
drop 6 7803
pick 6 7807
pick 6 7818
10
1 71
2 110
3 101
4 14
5 75
6 26
7 101
8 101
9 103
10 90
12
drop 2 7785
drop 3 7812
drop 7 7792
drop 8 7788
drop 9 7789
pick 2 7811
pick 2 7822
pick 2 7825
pick 3 7798
pick 7 7804
pick 8 7805
pick 9 7824
10
1 61
2 92
3 3
4 4
5 85
6 16
7 7
8 8
9 29
10 109
1
pick 10 7793
10
1 51
2 82
3 13
4 101
5 95
6 6
7 17
8 18
9 39
10 90
4
drop 4 7816
pick 4 7806
pick 4 7815
pick 4 7828
10
1 41
2 72
3 102
4 4
5 110
6 101
7 27
8 28
9 49
10 80
9
drop 3 7798
drop 5 7786
drop 6 7807
drop 6 7818
pick 3 7770
pick 6 7808
pick 6 7810
pick 6 7817
pick 6 7823
10
1 31
2 62
3 13
4 14
5 95
6 6
7 103
8 38
9 59
10 70
2
drop 7 7804
pick 7 7827
10
1 21
2 52
3 23
4 24
5 85
6 16
7 27
8 48
9 106
10 60
1
drop 9 7824
10
1 11
2 42
3 33
4 34
5 109
6 26
7 37
8 58
9 59
10 50
2
pick 5 7799
pick 5 7802
10
1 1
2 32
3 104
4 44
5 85
6 36
7 47
8 68
9 49
10 40
2
drop 3 7770
pick 3 7814
10
1 101
2 22
3 33
4 54
5 75
6 46
7 57
8 78
9 105
10 30
4
drop 1 7796
pick 1 7819
pick 1 7839
pick 9 7813
10
1 1
2 12
3 43
4 64
5 65
6 56
7 67
8 88
9 49
10 20
0
10
1 11
2 2
3 105
4 74
5 55
6 66
7 107
8 109
9 59
10 10
7
drop 3 7814
drop 7 7827
drop 8 7805
pick 3 7832
pick 3 7834
pick 3 7842
pick 8 7821
10
1 21
2 101
3 43
4 108
5 45
6 76
7 67
8 88
9 69
10 101
11
drop 2 7811
drop 2 7822
drop 2 7825
drop 4 7806
drop 4 7815
drop 4 7828
drop 10 7793
pick 2 7835
pick 4 7845
pick 10 7836
pick 10 7840
10
1 31
2 2
3 33
4 74
5 35
6 86
7 77
8 98
9 107
10 10
1
drop 9 7813
10
1 104
2 12
3 23
4 64
5 25
6 96
7 108
8 110
9 69
10 20
6
drop 1 7819
drop 1 7839
drop 8 7821
pick 1 7820
pick 7 7837
pick 8 7844
10
1 31
2 22
3 13
4 54
5 103
6 110
7 77
8 98
9 59
10 30
9
drop 5 7799
drop 5 7802
drop 6 7808
drop 6 7810
drop 6 7817
drop 6 7823
pick 5 7831
pick 5 7833
pick 5 7838
10
1 21
2 32
3 3
4 44
5 25
6 96
7 67
8 88
9 106
10 40
2
pick 9 7846
pick 9 7851
10
1 11
2 42
3 101
4 34
5 15
6 86
7 57
8 78
9 59
10 50
4
drop 3 7832
drop 3 7834
drop 3 7842
pick 3 7841
10
1 1
2 52
3 3
4 24
5 5
6 109
7 47
8 68
9 49
10 60
2
pick 6 7830
pick 6 7843
10
1 101
2 62
3 13
4 14
5 101
6 86
7 37
8 58
9 39
10 106
10
drop 1 7820
drop 5 7831
drop 5 7833
drop 5 7838
drop 10 7836
drop 10 7840
pick 1 7847
pick 1 7850
pick 5 7849
pick 10 7856
10
1 1
2 72
3 102
4 4
5 5
6 76
7 104
8 48
9 29
10 60
8
drop 3 7841
drop 7 7837
pick 3 7773
pick 3 7781
pick 3 7801
pick 3 7809
pick 7 7826
pick 7 7829
10
1 11
2 108
3 13
4 101
5 15
6 66
7 37
8 38
9 19
10 70
3
drop 2 7835
drop 4 7845
pick 4 7852
10
1 21
2 72
3 3
4 4
5 25
6 56
7 47
8 28
9 9
10 107
2
drop 10 7856
pick 10 7863
10
1 31
2 62
3 101
4 14
5 35
6 46
7 57
8 18
9 101
10 70
8
drop 3 7773
drop 3 7781
drop 3 7801
drop 3 7809
drop 9 7846
drop 9 7851
pick 3 7854
pick 9 7855
10
1 41
2 107
3 3
4 24
5 45
6 36
7 67
8 8
9 9
10 60
1
pick 2 7860
10
1 105
2 62
3 13
4 34
5 55
6 26
7 77
8 101
9 19
10 50
5
drop 1 7847
drop 1 7850
drop 8 7844
pick 1 7848
pick 8 7858
10
1 41
2 52
3 23
4 44
5 65
6 16
7 87
8 8
9 29
10 105
1
drop 10 7863
10
1 31
2 42
3 33
4 54
5 75
6 6
7 97
8 18
9 103
10 50
3
drop 9 7855
pick 9 7853
pick 9 7857
10
1 21
2 32
3 104
4 64
5 85
6 101
7 110
8 28
9 29
10 60
7
drop 3 7854
drop 6 7830
drop 6 7843
drop 7 7826
drop 7 7829
pick 3 7861
pick 6 7862
9
1 11
2 22
3 33
4 74
5 109
6 6
8 38
9 19
10 106
3
drop 5 7849
pick 10 7859
pick 10 7868
8
1 1
2 12
3 23
4 84
6 16
8 48
9 9
10 60
3
pick 5 7880
pick 5 7882
pick 7 7879
10
1 101
2 2
3 13
4 94
5 85
6 26
7 97
8 105
9 101
10 70
9
drop 1 7848
drop 8 7858
drop 9 7853
drop 9 7857
pick 1 7864
pick 1 7871
pick 8 7875
pick 9 7865
pick 9 7872
10
1 1
2 101
3 3
4 110
5 75
6 36
7 87
8 48
9 9
10 107
9
drop 2 7860
drop 4 7852
drop 10 7859
drop 10 7868
pick 2 7873
pick 2 7874
pick 2 7878
pick 2 7883
pick 10 7870
10
1 11
2 2
3 101
4 94
5 65
6 46
7 77
8 38
9 19
10 70
2
drop 3 7861
pick 3 7877
10
1 21
2 12
3 3
4 84
5 55
6 56
7 67
8 28
9 29
10 60
0
10
1 31
2 22
3 13
4 109
5 45
6 66
7 57
8 18
9 39
10 50
1
pick 4 7886
10
1 41
2 32
3 23
4 84
5 35
6 76
7 47
8 8
9 49
10 40
0
10
1 51
2 42
3 33
4 94
5 25
6 86
7 37
8 101
9 59
10 30
2
drop 8 7875
pick 8 7881
10
1 61
2 105
3 43
4 110
5 15
6 109
7 27
8 8
9 106
10 20
10
drop 2 7873
drop 2 7874
drop 2 7878
drop 2 7883
drop 4 7886
drop 6 7862
drop 9 7865
drop 9 7872
pick 4 7889
pick 9 7892
9
1 71
2 42
3 53
4 94
5 5
7 17
8 18
9 59
10 10
1
pick 6 7897
10
1 108
2 32
3 63
4 84
5 101
6 86
7 7
8 28
9 49
10 101
8
drop 1 7864
drop 1 7871
drop 5 7880
drop 5 7882
drop 10 7870
pick 1 7866
pick 5 7884
pick 10 7888
10
1 71
2 104
3 73
4 74
5 5
6 76
7 101
8 38
9 39
10 10
3
drop 7 7879
pick 2 7867
pick 7 7896
10
1 61
2 32
3 83
4 64
5 15
6 66
7 7
8 48
9 29
10 20
0
10
1 51
2 42
3 109
4 54
5 25
6 56
7 17
8 58
9 19
10 102
3
drop 3 7877
drop 10 7888
pick 10 7797
10
1 41
2 52
3 83
4 44
5 35
6 46
7 27
8 68
9 9
10 20
0
10
1 31
2 62
3 93
4 34
5 104
6 36
7 37
8 107
9 101
10 30
8
drop 5 7884
drop 8 7881
drop 9 7892
pick 5 7885
pick 5 7887
pick 8 7891
pick 8 7893
pick 9 7899
10
1 21
2 72
3 110
4 24
5 35
6 26
7 47
8 68
9 9
10 40
1
pick 3 7890
10
1 11
2 108
3 93
4 14
5 25
6 16
7 57
8 58
9 19
10 50
2
drop 2 7867
pick 2 7904
10
1 1
2 72
3 83
4 4
5 15
6 6
7 67
8 48
9 29
10 60
0
10
1 101
2 82
3 73
4 101
5 5
6 101
7 107
8 38
9 39
10 106
14
drop 1 7866
drop 4 7889
drop 6 7897
drop 7 7896
drop 10 7797
pick 1 7901
pick 4 7902
pick 4 7915
pick 6 7906
pick 6 7907
pick 6 7914
pick 6 7921
pick 10 7898
pick 10 7920
10
1 1
2 109
3 63
4 4
5 101
6 6
7 67
8 28
9 49
10 60
5
drop 2 7904
drop 5 7885
drop 5 7887
pick 5 7908
pick 5 7922
10
1 11
2 82
3 53
4 14
5 5
6 16
7 57
8 18
9 59
10 50
0
10
1 102
2 92
3 106
4 24
5 15
6 26
7 106
8 8
9 69
10 40
6
drop 1 7901
drop 3 7890
pick 1 7909
pick 1 7918
pick 1 7923
pick 7 7894
10
1 11
2 110
3 53
4 34
5 25
6 36
7 57
8 101
9 79
10 30
7
drop 8 7891
drop 8 7893
pick 2 7900
pick 2 7905
pick 2 7928
pick 8 7910
pick 8 7924
10
1 1
2 92
3 43
4 44
5 35
6 46
7 47
8 8
9 89
10 20
0
10
1 101
2 82
3 105
4 105
5 45
6 56
7 37
8 18
9 109
10 10
12
drop 1 7909
drop 1 7918
drop 1 7923
drop 4 7902
drop 4 7915
drop 9 7899
pick 1 7916
pick 3 7903
pick 4 7911
pick 4 7913
pick 4 7931
pick 9 7938
10
1 1
2 72
3 43
4 44
5 55
6 66
7 27
8 28
9 89
10 101
3
drop 10 7898
drop 10 7920
pick 10 7926
10
1 11
2 62
3 33
4 34
5 65
6 76
7 17
8 103
9 79
10 10
4
drop 8 7910
drop 8 7924
pick 8 7869
pick 8 7912
10
1 21
2 52
3 23
4 24
5 107
6 108
7 102
8 28
9 69
10 20
10
drop 5 7908
drop 5 7922
drop 6 7906
drop 6 7907
drop 6 7914
drop 6 7921
drop 7 7894
pick 5 7930
pick 6 7940
pick 7 7937
10
1 31
2 42
3 103
4 14
5 65
6 76
7 17
8 38
9 59
10 30
6
drop 3 7903
pick 3 7876
pick 3 7895
pick 3 7919
pick 3 7929
pick 3 7939
10
1 104
2 32
3 23
4 4
5 55
6 66
7 27
8 48
9 49
10 40
2
drop 1 7916
pick 1 7925
10
1 31
2 22
3 13
4 101
5 45
6 56
7 37
8 58
9 39
10 50
6
drop 4 7911
drop 4 7913
drop 4 7931
pick 4 7927
pick 4 7933
pick 4 7935
10
1 21
2 12
3 3
4 4
5 35
6 46
7 104
8 68
9 29
10 60
1
drop 7 7937
10
1 11
2 2
3 101
4 14
5 25
6 36
7 37
8 78
9 19
10 70
7
drop 3 7876
drop 3 7895
drop 3 7919
drop 3 7929
drop 3 7939
pick 3 7934
pick 3 7943
10
1 1
2 101
3 3
4 24
5 15
6 26
7 27
8 108
9 9
10 80
6
drop 2 7900
drop 2 7905
drop 2 7928
drop 8 7869
drop 8 7912
pick 2 7936
10
1 101
2 2
3 13
4 34
5 5
6 16
7 17
8 78
9 101
10 90
4
drop 1 7925
drop 9 7938
pick 1 7947
pick 9 7948
10
1 1
2 12
3 23
4 44
5 101
6 6
7 102
8 68
9 9
10 109
5
drop 5 7930
drop 10 7926
pick 5 7952
pick 7 7942
pick 10 7950
10
1 11
2 22
3 33
4 54
5 5
6 101
7 17
8 107
9 19
10 90
3
drop 6 7940
pick 6 7955
pick 8 7945
10
1 21
2 32
3 43
4 64
5 15
6 6
7 27
8 68
9 29
10 80
0
10
1 31
2 42
3 53
4 74
5 25
6 16
7 37
8 58
9 39
10 70
0
10
1 41
2 52
3 106
4 108
5 35
6 26
7 47
8 106
9 49
10 60
8
drop 3 7934
drop 3 7943
drop 4 7927
drop 4 7933
drop 4 7935
drop 8 7945
pick 3 7946
pick 3 7958
9
1 51
2 62
3 53
5 45
6 36
7 57
8 58
9 59
10 50
1
pick 4 7961
10
1 61
2 107
3 43
4 74
5 55
6 46
7 106
8 68
9 69
10 105
4
drop 2 7936
drop 7 7942
drop 10 7950
pick 10 7963
10
1 71
2 62
3 33
4 64
5 106
6 105
7 57
8 107
9 79
10 50
3
drop 5 7952
drop 6 7955
pick 8 7951
10
1 81
2 72
3 23
4 54
5 55
6 46
7 47
8 68
9 108
10 40
2
drop 9 7948
pick 9 7967
10
1 91
2 108
3 13
4 44
5 45
6 36
7 105
8 58
9 79
10 30
2
pick 2 7966
pick 7 7956
10
1 110
2 72
3 3
4 34
5 35
6 104
7 47
8 48
9 69
10 20
4
drop 1 7947
pick 1 7917
pick 1 7962
pick 6 7960
10
1 91
2 62
3 101
4 24
5 104
6 36
7 57
8 38
9 59
10 10
6
drop 3 7946
drop 3 7958
pick 3 7959
pick 3 7971
pick 3 7975
pick 5 7954
10
1 81
2 52
3 3
4 14
5 35
6 26
7 67
8 28
9 49
10 101
3
drop 10 7963
pick 10 7964
pick 10 7965
10
1 109
2 42
3 13
4 4
5 25
6 16
7 107
8 18
9 39
10 10
6
drop 1 7917
drop 1 7962
drop 7 7956
pick 1 7957
pick 1 7976
pick 7 7980
10
1 81
2 32
3 23
4 101
5 15
6 6
7 67
8 8
9 29
10 20
4
drop 4 7961
pick 4 7970
pick 4 7973
pick 4 7979
10
1 71
2 22
3 33
4 4
5 5
6 101
7 77
8 101
9 19
10 30
5
drop 6 7960
drop 8 7951
pick 6 7972
pick 6 7985
pick 8 7981
10
1 61
2 12
3 104
4 14
5 101
6 6
7 87
8 8
9 9
10 40
4
drop 3 7959
drop 3 7971
drop 3 7975
drop 5 7954
9
1 51
2 2
3 33
4 24
6 16
7 109
8 18
9 101
10 50
3
drop 7 7980
drop 9 7967
pick 5 7986
9
1 41
2 101
3 43
4 34
5 5
6 26
7 87
8 102
10 60
6
drop 2 7966
drop 8 7981
pick 8 7944
pick 8 7978
pick 8 7982
pick 9 7988
9
1 31
3 105
4 44
5 15
6 36
7 97
8 18
9 9
10 70
1
pick 3 7977
9
1 21
3 43
4 54
5 25
6 46
7 110
8 8
9 19
10 107
9
drop 10 7964
drop 10 7965
pick 2 7990
pick 7 7932
pick 7 7941
pick 7 7949
pick 7 7953
pick 7 7969
pick 7 7983
9
1 11
2 2
3 33
4 64
5 103
6 56
7 97
8 101
9 29
6
drop 5 7986
drop 8 7944
drop 8 7978
drop 8 7982
pick 5 7992
pick 10 7994
9
1 1
2 12
3 23
4 74
5 25
6 66
7 87
9 39
10 70
0
9
1 101
2 102
3 13
4 108
5 35
6 76
7 77
9 49
10 60
11
drop 1 7957
drop 1 7976
drop 2 7990
drop 4 7970
drop 4 7973
drop 4 7979
pick 1 7998
pick 2 7974
pick 4 7984
pick 4 7987
pick 8 7997
10
1 1
2 12
3 3
4 74
5 45
6 86
7 67
8 8
9 59
10 50
0
10
1 11
2 22
3 101
4 64
5 55
6 96
7 57
8 18
9 69
10 40
2
drop 3 7977
pick 3 7999
10
1 21
2 32
3 3
4 54
5 65
6 110
7 47
8 28
9 79
10 30
3
drop 6 7972
drop 6 7985
pick 6 7968
10
1 31
2 42
3 13
4 44
5 75
6 96
7 37
8 38
9 108
10 20
1
drop 9 7988
10
1 41
2 52
3 102
4 34
5 108
6 86
7 27
8 48
9 79
10 10
4
drop 3 7999
drop 5 7992
pick 3 7993
pick 3 7995
10
1 51
2 106
3 13
4 24
5 75
6 76
7 17
8 58
9 69
10 101
5
drop 2 7974
drop 10 7994
pick 2 7991
pick 10 8003
pick 10 8004
10
1 106
2 52
3 3
4 14
5 65
6 66
7 7
8 68
9 107
10 10
2
drop 1 7998
pick 9 8000
10
1 51
2 42
3 101
4 4
5 107
6 56
7 101
8 78
9 69
10 20
12
drop 3 7993
drop 3 7995
drop 7 7932
drop 7 7941
drop 7 7949
drop 7 7953
drop 7 7969
drop 7 7983
pick 3 8006
pick 5 8005
pick 7 8008
pick 7 8009
10
1 41
2 32
3 3
4 101
5 65
6 46
7 7
8 108
9 59
10 30
4
drop 4 7984
drop 4 7987
drop 8 7997
pick 4 8010
10
1 105
2 22
3 13
4 4
5 55
6 36
7 17
8 78
9 49
10 40
1
pick 1 8001
10
1 41
2 12
3 23
4 14
5 45
6 104
7 27
8 68
9 39
10 104
5
drop 6 7968
drop 10 8003
drop 10 8004
pick 6 7989
pick 10 7996
10
1 31
2 2
3 33
4 24
5 35
6 36
7 103
8 107
9 29
10 40
3
drop 7 8008
drop 7 8009
pick 8 8012
10
1 21
2 101
3 43
4 34
5 25
6 46
7 27
8 68
9 19
10 50
3
drop 2 7991
pick 2 8011
pick 2 8018
10
1 11
2 2
3 53
4 44
5 15
6 56
7 17
8 58
9 9
10 60
0
10
1 1
2 12
3 63
4 54
5 5
6 66
7 102
8 48
9 101
10 70
4
drop 9 8000
pick 7 8007
pick 9 8013
pick 9 8019
10
1 101
2 22
3 73
4 64
5 101
6 76
7 17
8 38
9 9
10 80
7
drop 1 8001
drop 5 8005
pick 1 8015
pick 5 8016
pick 5 8022
pick 5 8024
pick 5 8028
10
1 1
2 32
3 108
4 74
5 5
6 86
7 7
8 28
9 19
10 108
4
drop 3 8006
drop 10 7996
pick 3 8017
pick 10 8027
10
1 11
2 42
3 73
4 84
5 15
6 109
7 101
8 18
9 29
10 80
4
drop 6 7989
drop 7 8007
pick 7 8021
pick 7 8025
10
1 102
2 52
3 83
4 109
5 25
6 86
7 7
8 8
9 39
10 70
4
drop 1 8015
drop 4 8010
pick 1 8029
pick 1 8031
10
1 11
2 62
3 109
4 84
5 35
6 96
7 17
8 101
9 49
10 60
3
drop 3 8017
drop 8 8012
pick 8 8030
9
1 1
2 107
4 74
5 104
6 110
7 27
8 8
9 59
10 50
8
drop 2 8011
drop 2 8018
drop 5 8016
drop 5 8022
drop 5 8024
drop 5 8028
pick 5 8014
pick 6 8002
9
1 101
2 62
4 108
5 35
6 96
7 37
8 18
9 69
10 40
5
drop 1 8029
drop 1 8031
pick 1 8032
pick 1 8033
pick 4 8034
9
1 1
2 52
4 74
5 25
6 86
7 47
8 28
9 79
10 30
0
9
1 11
2 106
4 64
5 103
6 76
7 105
8 38
9 89
10 20
10
drop 5 8014
drop 7 8021
drop 7 8025
pick 2 8023
pick 3 8045
pick 5 8039
pick 5 8040
pick 7 8020
pick 7 8037
pick 7 8043
10
1 21
2 52
3 83
4 54
5 25
6 66
7 47
8 48
9 109
10 10
2
drop 9 8013
drop 9 8019
10
1 31
2 42
3 73
4 44
5 15
6 56
7 37
8 58
9 89
10 101
4
drop 10 8027
pick 10 8035
pick 10 8038
pick 10 8044
10
1 41
2 32
3 63
4 34
5 5
6 46
7 27
8 68
9 79
10 10
0
10
1 51
2 22
3 53
4 24
5 101
6 36
7 17
8 78
9 69
10 20
4
drop 5 8039
drop 5 8040
pick 5 8036
pick 5 8047
10
1 61
2 12
3 43
4 14
5 5
6 26
7 7
8 88
9 59
10 30
0
10
1 71
2 2
3 33
4 4
5 15
6 16
7 101
8 98
9 106
10 40
6
drop 7 8020
drop 7 8037
drop 7 8043
pick 7 8041
pick 7 8051
pick 9 8049
10
1 108
2 101
3 23
4 101
5 25
6 6
7 7
8 110
9 59
10 50
9
drop 1 8032
drop 1 8033
drop 2 8023
drop 4 8034
drop 8 8030
pick 1 8056
pick 2 8046
pick 2 8052
pick 4 8048
10
1 71
2 2
3 13
4 4
5 35
6 101
7 17
8 98
9 69
10 60
3
drop 6 8002
pick 6 8050
pick 6 8055
10
1 81
2 12
3 3
4 14
5 45
6 6
7 102
8 88
9 107
10 70
5
drop 7 8041
drop 7 8051
drop 9 8049
pick 7 8042
pick 9 8062
10
1 91
2 22
3 101
4 24
5 55
6 16
7 17
8 109
9 69
10 80
2
drop 3 8045
pick 3 8057
9
1 110
2 32
3 3
4 34
5 65
6 26
7 7
9 59
10 90
2
drop 1 8056
pick 8 8067
10
1 91
2 42
3 13
4 44
5 107
6 36
7 101
8 88
9 49
10 100
4
drop 5 8036
drop 5 8047
drop 7 8042
pick 7 8058
10
1 81
2 52
3 23
4 105
5 65
6 46
7 7
8 78
9 39
10 110
7
drop 4 8048
drop 10 8035
drop 10 8038
drop 10 8044
pick 4 8053
pick 4 8054
pick 4 8069
9
1 71
2 106
3 33
4 44
5 55
6 56
7 17
8 68
9 29
3
drop 2 8046
drop 2 8052
pick 2 8073
9
1 61
2 52
3 43
4 34
5 106
6 66
7 27
8 58
9 19
1
pick 5 8071
9
1 107
2 42
3 53
4 24
5 55
6 76
7 37
8 48
9 102
5
drop 9 8062
pick 1 8063
pick 1 8077
pick 9 8064
pick 10 8080
10
1 61
2 32
3 63
4 14
5 65
6 108
7 47
8 38
9 19
10 100
2
drop 6 8050
drop 6 8055
9
1 51
2 22
3 73
4 4
5 75
7 57
8 28
9 29
10 90
1
pick 6 8083
10
1 41
2 12
3 83
4 101
5 108
6 76
7 67
8 18
9 39
10 80
7
drop 4 8053
drop 4 8054
drop 4 8069
drop 5 8071
pick 4 8068
pick 4 8075
pick 4 8079
10
1 31
2 2
3 109
4 4
5 75
6 66
7 107
8 8
9 104
10 70
6
drop 3 8057
drop 7 8058
drop 9 8064
pick 9 8026
pick 9 8059
pick 9 8065
10
1 21
2 101
3 83
4 14
5 65
6 56
7 67
8 101
9 39
10 60
5
drop 2 8073
drop 8 8067
pick 2 8070
pick 2 8076
pick 8 8072
10
1 11
2 2
3 93
4 24
5 107
6 46
7 57
8 8
9 29
10 50
1
pick 5 8087
10
1 1
2 12
3 110
4 34
5 65
6 36
7 106
8 18
9 19
10 40
3
pick 3 8082
pick 7 8078
pick 7 8090
10
1 101
2 22
3 93
4 44
5 55
6 26
7 57
8 102
9 9
10 30
11
drop 1 8063
drop 1 8077
drop 8 8072
pick 1 8074
pick 1 8081
pick 1 8086
pick 1 8088
pick 1 8093
pick 8 8066
pick 8 8084
pick 8 8089
10
1 1
2 32
3 83
4 54
5 45
6 16
7 47
8 18
9 101
10 20
4
drop 9 8026
drop 9 8059
drop 9 8065
pick 9 8085
10
1 11
2 104
3 73
4 106
5 35
6 6
7 37
8 8
9 9
10 10
6
drop 2 8070
drop 2 8076
drop 4 8068
drop 4 8075
drop 4 8079
pick 4 8091
10
1 21
2 32
3 63
4 54
5 25
6 101
7 27
8 101
9 19
10 101
6
drop 6 8083
drop 8 8066
drop 8 8084
drop 8 8089
drop 10 8080
pick 6 8101
8
1 31
2 22
3 53
4 64
5 15
6 6
7 17
9 29
0
8
1 41
2 103
3 43
4 74
5 102
6 16
7 7
9 103
7
drop 5 8087
drop 9 8085
pick 2 8060
pick 5 8099
pick 8 8105
pick 9 8092
pick 10 8106
10
1 51
2 22
3 33
4 84
5 15
6 26
7 101
8 8
9 29
10 10
2
drop 7 8078
drop 7 8090
9
1 61
2 32
3 23
4 109
5 5
6 103
8 18
9 19
10 20
6
drop 4 8091
drop 6 8101
pick 4 8100
pick 4 8104
pick 4 8110
pick 7 8109
10
1 71
2 42
3 13
4 84
5 101
6 26
7 7
8 28
9 9
10 30
2
drop 5 8099
pick 5 8112
10
1 108
2 52
3 3
4 74
5 5
6 16
7 17
8 38
9 101
10 40
6
drop 1 8074
drop 1 8081
drop 1 8086
drop 1 8088
drop 1 8093
drop 9 8092
9
1 71
2 106
3 101
4 64
5 15
6 102
7 27
8 48
10 50
5
drop 2 8060
drop 3 8082
pick 2 8096
pick 6 8107
pick 9 8114
9
1 61
2 52
4 54
5 25
6 16
7 37
8 58
9 9
10 105
3
drop 10 8106
pick 3 8115
pick 10 8061
10
1 107
2 42
3 3
4 44
5 35
6 26
7 47
8 68
9 19
10 50
1
pick 1 8097
10
1 61
2 32
3 13
4 34
5 45
6 36
7 105
8 107
9 102
10 60
9
drop 7 8109
drop 8 8105
drop 9 8114
pick 7 8094
pick 7 8102
pick 7 8103
pick 8 8098
pick 8 8108
pick 8 8111
10
1 51
2 22
3 23
4 24
5 55
6 46
7 47
8 68
9 19
10 70
0
10
1 41
2 12
3 33
4 14
5 106
6 56
7 37
8 58
9 9
10 80
1
drop 5 8112
10
1 105
2 2
3 104
4 4
5 55
6 66
7 27
8 48
9 101
10 108
6
drop 1 8097
drop 3 8115
drop 10 8061
pick 9 8116
pick 9 8120
pick 10 8118
10
1 41
2 101
3 33
4 101
5 45
6 76
7 17
8 38
9 9
10 80
7
drop 2 8096
drop 4 8100
drop 4 8104
drop 4 8110
pick 2 8117
pick 2 8119
pick 4 8122
10
1 31
2 2
3 23
4 4
5 105
6 108
7 7
8 28
9 19
10 70
2
drop 6 8107
pick 5 8123
10
1 104
2 12
3 103
4 14
5 45
6 76
7 101
8 18
9 29
10 60
6
drop 7 8094
drop 7 8102
drop 7 8103
pick 1 8121
pick 3 8126
pick 7 8124
10
1 31
2 22
3 23
4 24
5 35
6 86
7 7
8 8
9 39
10 50
0
10
1 21
2 32
3 13
4 34
5 25
6 109
7 17
8 101
9 49
10 40
6
drop 8 8098
drop 8 8108
drop 8 8111
pick 6 8113
pick 6 8129
pick 8 8125
10
1 11
2 42
3 3
4 44
5 15
6 86
7 27
8 8
9 59
10 30
0
10
1 1
2 52
3 101
4 105
5 5
6 76
7 37
8 18
9 69
10 20
4
drop 3 8126
drop 4 8122
pick 3 8128
pick 3 8133
9
1 101
2 62
3 3
5 101
6 66
7 47
8 102
9 79
10 10
5
drop 1 8121
drop 5 8123
drop 8 8125
pick 1 8130
pick 4 8134
9
1 1
2 107
3 13
4 44
6 56
7 57
8 18
9 108
10 101
8
drop 2 8117
drop 2 8119
drop 9 8116
drop 9 8120
drop 10 8118
pick 2 8131
pick 9 8135
pick 9 8136
8
1 11
2 62
3 23
4 34
6 46
7 67
8 28
9 79
1
pick 5 8137
9
1 21
2 52
3 33
4 24
5 5
6 36
7 77
8 103
9 69
1
pick 8 8127
9
1 31
2 42
3 43
4 14
5 15
6 26
7 87
8 28
9 59
1
pick 10 8142
10
1 41
2 32
3 53
4 4
5 25
6 16
7 97
8 18
9 49
10 10
0
10
1 51
2 22
3 106
4 101
5 35
6 6
7 110
8 8
9 39
10 20
7
drop 3 8128
drop 3 8133
drop 4 8134
drop 7 8124
pick 3 8140
pick 4 8144
pick 7 8095
10
1 61
2 12
3 53
4 4
5 104
6 101
7 97
8 101
9 29
10 30
6
drop 5 8137
drop 6 8113
drop 6 8129
drop 8 8127
pick 5 8138
pick 5 8146
8
1 71
2 2
3 43
4 14
5 35
7 87
9 19
10 103
2
drop 10 8142
pick 10 8143
8
1 108
2 101
3 33
4 24
5 25
7 77
9 9
10 30
6
drop 1 8130
drop 2 8131
pick 2 8151
pick 2 8152
pick 6 8148
pick 8 8149
9
2 2
3 23
4 34
5 15
6 6
7 67
8 8
9 101
10 20
3
drop 9 8135
drop 9 8136
pick 9 8153
9
2 12
3 13
4 44
5 5
6 16
7 57
8 18
9 9
10 10
3
pick 1 8154
pick 1 8155
pick 1 8158
10
1 71
2 102
3 3
4 105
5 101
6 26
7 47
8 28
9 19
10 101
9
drop 2 8151
drop 2 8152
drop 4 8144
drop 5 8138
drop 5 8146
drop 10 8143
pick 2 8147
pick 4 8139
pick 5 8157
9
1 61
2 12
3 101
4 44
5 5
6 103
7 37
8 38
9 29
4
drop 3 8140
drop 6 8148
pick 3 8162
pick 10 8160
10
1 51
2 2
3 3
4 34
5 15
6 26
7 27
8 48
9 39
10 10
0
10
1 41
2 101
3 13
4 24
5 25
6 36
7 17
8 58
9 104
10 20
3
drop 2 8147
drop 9 8153
pick 2 8163
10
1 31
2 2
3 23
4 14
5 35
6 104
7 7
8 68
9 39
10 30
1
pick 6 8156
10
1 21
2 12
3 33
4 4
5 45
6 36
7 101
8 78
9 49
10 40
3
drop 7 8095
pick 7 8168
pick 7 8171
10
1 11
2 22
3 43
4 101
5 105
6 26
7 7
8 88
9 105
10 104
6
drop 4 8139
drop 5 8157
drop 10 8160
pick 4 8169
pick 5 8167
pick 9 8165
9
1 1
2 32
3 53
4 4
5 45
6 16
7 17
8 98
9 49
0
9
1 101
2 42
3 63
4 14
5 35
6 102
7 102
8 110
9 59
11
drop 1 8154
drop 1 8155
drop 1 8158
drop 6 8156
drop 7 8168
drop 7 8171
drop 8 8149
pick 6 8161
pick 6 8173
pick 6 8176
pick 10 8174
8
2 105
3 73
4 24
5 25
6 16
8 98
9 69
10 40
1
drop 2 8163
8
2 42
3 83
4 34
5 15
6 6
8 88
9 79
10 50
2
pick 1 8178
pick 7 8179
10
1 1
2 52
3 93
4 44
5 5
6 101
7 17
8 109
9 89
10 60
9
drop 6 8161
drop 6 8173
drop 6 8176
pick 6 8180
pick 8 8132
pick 8 8141
pick 8 8150
pick 8 8166
pick 8 8175
10
1 11
2 106
3 110
4 54
5 101
6 6
7 7
8 88
9 99
10 70
6
drop 3 8162
drop 5 8167
pick 2 8159
pick 2 8164
pick 2 8170
pick 2 8172
8
1 21
2 52
4 64
6 16
7 101
8 78
9 110
10 80
3
drop 7 8179
drop 9 8165
pick 5 8183
8
1 103
2 42
4 74
5 5
6 26
8 68
9 99
10 90
4
drop 1 8178
pick 1 8181
pick 1 8182
pick 7 8185
9
1 21
2 32
4 84
5 15
6 36
7 7
8 58
9 89
10 109
2
drop 10 8174
pick 3 8186
10
1 31
2 22
3 93
4 94
5 25
6 46
7 17
8 48
9 109
10 90
1
pick 9 8187
10
1 41
2 12
3 83
4 110
5 35
6 56
7 27
8 38
9 89
10 80
1
drop 4 8169
9
1 51
2 2
3 73
5 104
6 66
7 37
8 28
9 79
10 108
3
drop 5 8183
pick 5 8184
pick 10 8177
9
1 61
2 101
3 108
5 35
6 107
7 47
8 18
9 69
10 80
8
drop 2 8159
drop 2 8164
drop 2 8170
drop 2 8172
drop 3 8186
drop 6 8180
pick 2 8188
pick 4 8189
9
1 71
2 2
3 73
4 94
5 45
7 57
8 8
9 59
10 70
1
pick 6 8192
10
1 108
2 12
3 63
4 84
5 55
6 66
7 67
8 101
9 49
10 60
8
drop 1 8181
drop 1 8182
drop 8 8132
drop 8 8141
drop 8 8150
drop 8 8166
drop 8 8175
pick 8 8190
10
1 71
2 22
3 107
4 74
5 65
6 56
7 77
8 8
9 39
10 50
1
pick 3 8145
10
1 81
2 32
3 63
4 64
5 75
6 46
7 87
8 18
9 29
10 40
0
10
1 109
2 42
3 53
4 54
5 85
6 36
7 97
8 28
9 19
10 30
1
pick 1 8195
10
1 81
2 52
3 43
4 44
5 95
6 26
7 110
8 38
9 9
10 20
2
drop 7 8185
pick 7 8197
10
1 71
2 62
3 33
4 34
5 110
6 103
7 97
8 48
9 101
10 10
7
drop 5 8184
drop 6 8192
drop 9 8187
pick 6 8201
pick 9 8193
pick 9 8198
pick 9 8200
9
1 61
2 72
3 23
4 24
6 26
7 87
8 105
9 9
10 101
4
drop 8 8190
drop 10 8177
pick 5 8202
pick 10 8194
10
1 51
2 82
3 103
4 14
5 95
6 36
7 77
8 48
9 19
10 10
1
drop 3 8145
10
1 41
2 109
3 23
4 4
5 85
6 46
7 67
8 58
9 29
10 20
2
drop 2 8188
pick 2 8203
10
1 31
2 82
3 33
4 101
5 75
6 56
7 57
8 106
9 103
10 30
6
drop 4 8189
drop 9 8193
drop 9 8198
drop 9 8200
pick 4 8196
pick 8 8191
10
1 21
2 72
3 104
4 4
5 65
6 66
7 47
8 58
9 29
10 40
1
pick 3 8204
10
1 11
2 62
3 33
4 14
5 55
6 107
7 37
8 48
9 19
10 50
2
drop 6 8201
pick 6 8210
10
1 102
2 52
3 23
4 102
5 45
6 66
7 27
8 38
9 9
10 60
2
drop 1 8195
drop 4 8196
10
1 11
2 42
3 13
4 14
5 35
6 56
7 17
8 28
9 101
10 70
1
pick 9 8199
10
1 1
2 32
3 3
4 4
5 25
6 46
7 7
8 18
9 9
10 80
0
10
1 101
2 22
3 101
4 101
5 15
6 36
7 101
8 8
9 19
10 108
12
drop 3 8204
drop 7 8197
drop 10 8194
pick 1 8205
pick 1 8219
pick 3 8212
pick 4 8211
pick 4 8220
pick 7 8213
pick 7 8214
pick 7 8218
pick 10 8216
10
1 1
2 12
3 3
4 4
5 5
6 26
7 7
8 101
9 29
10 80
2
drop 8 8191
pick 8 8217
10
1 11
2 2
3 13
4 14
5 101
6 16
7 17
8 8
9 39
10 70
1
drop 5 8202
9
1 21
2 101
3 102
4 24
6 6
7 27
8 18
9 49
10 60
2
drop 2 8203
drop 3 8212
9
1 31
2 2
3 13
4 34
6 101
7 37
8 28
9 105
10 50
4
drop 6 8210
drop 9 8199
pick 5 8225
pick 9 8207
9
1 41
2 12
3 23
4 44
5 5
7 47
8 38
9 49
10 40
0
9
1 51
2 22
3 33
4 54
5 15
7 57
8 104
9 59
10 30
1
drop 8 8217
9
1 61
2 103
3 104
4 64
5 25
7 106
8 38
9 69
10 20
6
drop 7 8213
drop 7 8214
drop 7 8218
pick 2 8222
pick 3 8224
pick 6 8229
10
1 107
2 22
3 33
4 74
5 35
6 6
7 57
8 48
9 107
10 102
5
drop 1 8205
drop 1 8219
drop 9 8207
drop 10 8216
pick 10 8230
10
1 61
2 12
3 23
4 84
5 45
6 16
7 67
8 105
9 69
10 20
3
pick 8 8221
pick 8 8226
pick 8 8227
10
1 71
2 2
3 13
4 94
5 55
6 26
7 107
8 48
9 79
10 10
1
pick 7 8223
10
1 81
2 101
3 3
4 110
5 106
6 103
7 67
8 38
9 89
10 101
10
drop 2 8222
drop 4 8211
drop 4 8220
drop 5 8225
drop 6 8229
drop 10 8230
pick 2 8231
pick 2 8233
pick 4 8206
pick 10 8234
8
1 109
2 2
3 101
4 94
7 57
8 28
9 109
10 10
6
drop 3 8224
pick 1 8208
pick 1 8215
pick 5 8236
pick 6 8237
pick 9 8209
10
1 81
2 12
3 3
4 84
5 55
6 26
7 47
8 18
9 89
10 20
0
10
1 71
2 22
3 13
4 74
5 45
6 16
7 37
8 8
9 79
10 30
0
10
1 61
2 32
3 23
4 64
5 35
6 6
7 27
8 101
9 69
10 40
3
drop 8 8221
drop 8 8226
drop 8 8227
9
1 51
2 42
3 33
4 54
5 25
6 101
7 17
9 59
10 104
2
drop 6 8237
drop 10 8234
7
1 41
2 52
3 104
4 44
5 15
7 7
9 49
1
pick 3 8240
7
1 31
2 62
3 33
4 34
5 5
7 101
9 39
4
drop 7 8223
pick 6 8242
pick 7 8243
pick 8 8241
9
1 21
2 72
3 23
4 24
5 101
6 6
7 7
8 8
9 29
2
drop 5 8236
pick 10 8244
9
1 11
2 108
3 13
4 103
6 16
7 17
8 18
9 19
10 40
5
drop 2 8231
drop 2 8233
drop 4 8206
pick 2 8239
pick 5 8246
10
1 1
2 72
3 3
4 24
5 5
6 26
7 102
8 28
9 9
10 30
1
drop 7 8243
10
1 101
2 62
3 101
4 34
5 15
6 103
7 17
8 38
9 101
10 20
7
drop 1 8208
drop 1 8215
drop 3 8240
drop 6 8242
drop 9 8209
pick 1 8250
pick 3 8251
10
1 1
2 52
3 3
4 104
5 25
6 26
7 7
8 48
9 9
10 10
2
pick 4 8252
pick 4 8256
10
1 11
2 42
3 13
4 34
5 35
6 36
7 101
8 58
9 19
10 101
2
drop 10 8244
pick 7 8247
9
1 21
2 32
3 23
4 24
5 45
6 104
7 7
8 68
9 102
3
pick 6 8254
pick 9 8261
pick 10 8262
10
1 31
2 22
3 103
4 14
5 55
6 36
7 17
8 78
9 19
10 10
1
drop 3 8251
10
1 41
2 12
3 23
4 4
5 65
6 46
7 27
8 88
9 29
10 20
0
10
1 51
2 2
3 13
4 101
5 75
6 56
7 37
8 98
9 39
10 30
3
drop 4 8252
drop 4 8256
pick 4 8263
10
1 61
2 101
3 102
4 4
5 108
6 66
7 47
8 110
9 49
10 103
9
drop 2 8239
drop 5 8246
drop 8 8241
drop 10 8262
pick 2 8265
pick 3 8264
pick 5 8258
pick 8 8228
pick 8 8259
10
1 107
2 2
3 13
4 14
5 75
6 76
7 57
8 98
9 59
10 30
4
drop 1 8250
pick 1 8235
pick 1 8238
pick 1 8257
10
1 61
2 12
3 3
4 24
5 65
6 86
7 67
8 88
9 69
10 40
0
10
1 51
2 22
3 101
4 34
5 55
6 96
7 77
8 78
9 107
10 104
6
drop 3 8264
drop 9 8261
pick 3 8267
pick 10 8266
pick 10 8272
pick 10 8273
10
1 41
2 32
3 3
4 44
5 45
6 110
7 87
8 68
9 69
10 40
3
drop 6 8254
pick 6 8275
pick 6 8281
10
1 31
2 42
3 13
4 54
5 35
6 96
7 97
8 58
9 59
10 30
0
10
1 21
2 52
3 23
4 64
5 25
6 86
7 110
8 48
9 106
10 20
3
drop 7 8247
pick 7 8284
pick 9 8245
10
1 11
2 62
3 33
4 74
5 15
6 76
7 97
8 38
9 59
10 10
0
10
1 1
2 107
3 43
4 84
5 5
6 66
7 87
8 28
9 69
10 101
6
drop 2 8265
drop 10 8266
drop 10 8272
drop 10 8273
pick 10 8268
pick 10 8277
10
1 101
2 62
3 53
4 109
5 101
6 56
7 77
8 18
9 79
10 10
8
drop 1 8235
drop 1 8238
drop 1 8257
drop 4 8263
drop 5 8258
pick 1 8270
pick 4 8232
pick 5 8271
10
1 1
2 52
3 63
4 84
5 5
6 46
7 67
8 8
9 89
10 20
0
10
1 11
2 106
3 73
4 74
5 15
6 36
7 57
8 101
9 109
10 30
7
drop 8 8228
drop 8 8259
drop 9 8245
pick 2 8274
pick 2 8286
pick 8 8279
pick 9 8249
10
1 102
2 52
3 108
4 64
5 25
6 26
7 47
8 8
9 89
10 40
3
drop 1 8270
drop 3 8267
pick 3 8295
10
1 11
2 42
3 73
4 54
5 35
6 16
7 37
8 18
9 79
10 104
3
drop 10 8268
drop 10 8277
pick 10 8291
10
1 21
2 32
3 63
4 44
5 45
6 6
7 27
8 28
9 69
10 40
0
10
1 103
2 22
3 53
4 34
5 55
6 101
7 17
8 38
9 59
10 30
5
drop 6 8275
drop 6 8281
pick 1 8280
pick 6 8282
pick 6 8299
10
1 21
2 12
3 43
4 24
5 65
6 6
7 7
8 48
9 49
10 20
0
10
1 11
2 2
3 33
4 14
5 75
6 16
7 101
8 58
9 105
10 10
5
drop 7 8284
drop 9 8249
pick 7 8285
pick 7 8288
pick 9 8248
10
1 1
2 101
3 23
4 102
5 85
6 26
7 7
8 68
9 49
10 101
9
drop 2 8274
drop 2 8286
drop 4 8232
drop 10 8291
pick 2 8287
pick 2 8298
pick 4 8305
pick 10 8290
pick 10 8296
10
1 101
2 2
3 13
4 14
5 95
6 36
7 17
8 107
9 59
10 10
9
drop 1 8280
drop 8 8279
pick 1 8292
pick 1 8294
pick 1 8306
pick 1 8307
pick 1 8309
pick 8 8301
pick 8 8302
10
1 1
2 12
3 3
4 24
5 110
6 46
7 27
8 68
9 69
10 20
1
drop 5 8271
10
1 11
2 22
3 101
4 103
5 95
6 56
7 37
8 58
9 79
10 30
4
drop 3 8295
drop 4 8305
pick 3 8293
pick 3 8304
9
1 21
2 32
3 3
5 85
6 66
7 47
8 48
9 89
10 40
1
pick 4 8312
10
1 31
2 42
3 13
4 24
5 109
6 76
7 105
8 38
9 109
10 104
13
drop 7 8285
drop 7 8288
drop 9 8248
drop 10 8290
drop 10 8296
pick 5 8260
pick 5 8276
pick 7 8253
pick 7 8255
pick 7 8278
pick 9 8283
pick 10 8303
pick 10 8308
10
1 41
2 52
3 23
4 14
5 85
6 86
7 47
8 28
9 89
10 40
0
10
1 51
2 62
3 33
4 4
5 75
6 109
7 37
8 18
9 99
10 30
2
drop 6 8282
drop 6 8299
10
1 106
2 72
3 43
4 101
5 65
6 86
7 27
8 8
9 110
10 20
11
drop 1 8292
drop 1 8294
drop 1 8306
drop 1 8307
drop 1 8309
drop 4 8312
drop 9 8283
pick 1 8289
pick 4 8297
pick 4 8311
pick 9 8320
10
1 51
2 108
3 53
4 4
5 55
6 96
7 17
8 101
9 99
10 10
5
drop 2 8287
drop 2 8298
drop 8 8301
drop 8 8302
pick 8 8300
10
1 41
2 72
3 63
4 14
5 45
6 110
7 7
8 8
9 89
10 101
5
drop 10 8303
drop 10 8308
pick 6 8317
pick 10 8310
pick 10 8319
10
1 31
2 62
3 73
4 102
5 35
6 96
7 101
8 18
9 79
10 10
6
drop 4 8297
drop 4 8311
drop 7 8253
drop 7 8255
drop 7 8278
pick 7 8318
10
1 21
2 107
3 83
4 14
5 25
6 86
7 7
8 28
9 69
10 20
1
pick 2 8313
10
1 11
2 62
3 93
4 4
5 15
6 76
7 17
8 103
9 59
10 30
1
drop 8 8300
10
1 102
2 52
3 110
4 101
5 5
6 66
7 27
8 28
9 49
10 40
5
drop 1 8289
drop 3 8293
drop 3 8304
pick 4 8314
pick 4 8326
10
1 11
2 42
3 93
4 4
5 101
6 56
7 37
8 38
9 39
10 50
4
drop 5 8260
drop 5 8276
pick 5 8323
pick 5 8327
10
1 1
2 32
3 83
4 14
5 5
6 46
7 47
8 104
9 29
10 105
5
drop 10 8310
drop 10 8319
pick 8 8315
pick 8 8324
pick 10 8269
10
1 101
2 22
3 73
4 24
5 15
6 36
7 57
8 38
9 19
10 50
3
pick 1 8321
pick 1 8333
pick 1 8335
10
1 1
2 12
3 108
4 34
5 102
6 26
7 67
8 28
9 9
10 40
5
drop 5 8323
drop 5 8327
pick 3 8329
pick 3 8331
pick 5 8337
10
1 11
2 2
3 73
4 44
5 15
6 16
7 77
8 18
9 101
10 30
3
drop 9 8320
pick 9 8325
pick 9 8343
10
1 21
2 101
3 63
4 54
5 5
6 6
7 87
8 8
9 9
10 20
4
drop 2 8313
pick 2 8330
pick 2 8336
pick 2 8344
10
1 31
2 2
3 53
4 64
5 101
6 101
7 97
8 101
9 19
10 102
10
drop 5 8337
drop 6 8317
drop 8 8315
drop 8 8324
drop 10 8269
pick 5 8332
pick 5 8346
pick 5 8349
pick 6 8348
pick 6 8350
9
1 41
2 12
3 43
4 74
5 5
6 6
7 110
8 8
9 29
2
drop 7 8318
pick 10 8352
10
1 51
2 22
3 33
4 84
5 15
6 16
7 97
8 18
9 39
10 20
0
10
1 61
2 32
3 23
4 94
5 25
6 26
7 87
8 102
9 49
10 10
1
pick 8 8340
10
1 107
2 104
3 13
4 110
5 35
6 36
7 77
8 18
9 59
10 101
14
drop 1 8321
drop 1 8333
drop 1 8335
drop 2 8330
drop 2 8336
drop 2 8344
drop 4 8314
drop 4 8326
drop 10 8352
pick 1 8342
pick 1 8345
pick 1 8355
pick 2 8338
pick 10 8356
9
1 61
2 32
3 3
5 45
6 46
7 67
8 28
9 106
10 10
6
drop 9 8325
drop 9 8343
pick 9 8316
pick 9 8328
pick 9 8339
pick 9 8347
9
1 51
2 22
3 101
5 55
6 56
7 107
8 38
9 59
10 20
6
drop 3 8329
drop 3 8331
pick 3 8357
pick 4 8359
pick 7 8341
pick 7 8360
10
1 41
2 12
3 3
4 94
5 65
6 66
7 67
8 48
9 49
10 30
0
10
1 31
2 2
3 13
4 84
5 75
6 107
7 57
8 58
9 39
10 40
3
drop 6 8348
drop 6 8350
pick 6 8362
10
1 21
2 101
3 23
4 74
5 108
6 66
7 47
8 106
9 29
10 50
7
drop 2 8338
drop 5 8332
drop 5 8346
drop 5 8349
drop 8 8340
pick 2 8358
pick 8 8334
9
1 11
2 2
3 33
4 64
6 56
7 37
8 58
9 19
10 60
1
pick 5 8366
10
1 1
2 12
3 43
4 54
5 75
6 46
7 27
8 68
9 9
10 70
0
10
1 101
2 22
3 53
4 44
5 65
6 105
7 17
8 78
9 101
10 80
11
drop 1 8342
drop 1 8345
drop 1 8355
drop 6 8362
drop 9 8316
drop 9 8328
drop 9 8339
drop 9 8347
pick 1 8361
pick 6 8322
pick 9 8363
10
1 1
2 32
3 63
4 34
5 55
6 46
7 7
8 88
9 9
10 90
0
10
1 11
2 104
3 73
4 24
5 45
6 36
7 101
8 109
9 19
10 109
7
drop 2 8358
drop 7 8341
drop 7 8360
drop 8 8334
drop 10 8356
pick 2 8351
pick 7 8368
10
1 21
2 32
3 83
4 14
5 35
6 26
7 7
8 88
9 29
10 90
0
10
1 103
2 22
3 93
4 4
5 25
6 16
7 17
8 98
9 39
10 80
5
drop 1 8361
pick 1 8365
pick 1 8370
pick 1 8373
pick 1 8378
10
1 21
2 103
3 110
4 101
5 15
6 6
7 27
8 110
9 49
10 108
7
drop 2 8351
drop 3 8357
drop 4 8359
pick 4 8371
pick 4 8372
pick 8 8367
pick 10 8377
10
1 11
2 22
3 93
4 4
5 5
6 101
7 37
8 98
9 59
10 80
2
drop 6 8322
pick 6 8374
10
1 1
2 12
3 83
4 14
5 101
6 6
7 47
8 88
9 69
10 70
2
drop 5 8366
pick 5 8383
10
1 101
2 102
3 109
4 24
5 5
6 16
7 57
8 78
9 107
10 107
13
drop 1 8365
drop 1 8370
drop 1 8373
drop 1 8378
drop 9 8363
drop 10 8377
pick 1 8385
pick 1 8388
pick 2 8354
pick 2 8384
pick 2 8386
pick 3 8382
pick 9 8369
10
1 1
2 12
3 83
4 34
5 15
6 26
7 67
8 68
9 69
10 70
0
10
1 11
2 2
3 73
4 104
5 25
6 36
7 77
8 58
9 79
10 60
4
drop 4 8371
drop 4 8372
pick 4 8364
pick 4 8389
10
1 21
2 101
3 63
4 34
5 35
6 46
7 87
8 48
9 89
10 106
5
drop 2 8354
drop 2 8384
drop 2 8386
pick 2 8387
pick 10 8375
10
1 31
2 2
3 53
4 44
5 45
6 56
7 109
8 38
9 99
10 60
2
drop 7 8368
pick 7 8392
10
1 41
2 12
3 43
4 54
5 55
6 66
7 87
8 28
9 110
10 50
3
drop 9 8369
pick 9 8395
pick 9 8398
10
1 51
2 22
3 33
4 64
5 106
6 107
7 77
8 18
9 99
10 40
4
drop 5 8383
drop 6 8374
pick 5 8379
pick 6 8394
10
1 61
2 32
3 23
4 74
5 55
6 66
7 67
8 8
9 89
10 104
1
drop 10 8375
10
1 71
2 42
3 103
4 84
5 65
6 56
7 57
8 101
9 79
10 40
6
drop 3 8382
drop 8 8367
pick 3 8390
pick 3 8399
pick 8 8391
pick 8 8405
10
1 108
2 52
3 23
4 94
5 75
6 46
7 47
8 8
9 69
10 50
3
drop 1 8385
drop 1 8388
pick 1 8381
10
1 71
2 106
3 13
4 110
5 85
6 36
7 37
8 18
9 59
10 105
6
drop 2 8387
drop 4 8364
drop 4 8389
pick 4 8400
pick 4 8401
pick 10 8353
9
1 61
3 3
4 94
5 109
6 26
7 27
8 28
9 49
10 50
2
drop 5 8379
pick 2 8407
10
1 51
2 52
3 101
4 84
5 85
6 16
7 17
8 38
9 39
10 60
3
drop 3 8390
drop 3 8399
pick 3 8397
10
1 41
2 42
3 3
4 74
5 75
6 6
7 7
8 104
9 29
10 106
6
drop 8 8391
drop 8 8405
drop 10 8353
pick 8 8411
pick 8 8415
pick 10 8410
10
1 31
2 32
3 13
4 64
5 108
6 101
7 101
8 38
9 19
10 60
6
drop 6 8394
drop 7 8392
pick 5 8413
pick 6 8402
pick 6 8418
pick 7 8404
10
1 21
2 22
3 23
4 54
5 75
6 6
7 7
8 28
9 9
10 70
0
10
1 11
2 12
3 33
4 44
5 65
6 16
7 17
8 18
9 101
10 80
3
drop 9 8395
drop 9 8398
pick 9 8406
10
1 1
2 2
3 43
4 34
5 55
6 102
7 27
8 8
9 9
10 90
4
drop 6 8402
drop 6 8418
pick 6 8393
pick 6 8417
10
1 101
2 101
3 53
4 24
5 45
6 16
7 37
8 101
9 19
10 109
10
drop 1 8381
drop 2 8407
drop 8 8411
drop 8 8415
drop 10 8410
pick 1 8409
pick 2 8414
pick 8 8425
pick 10 8419
pick 10 8424
10
1 1
2 2
3 63
4 14
5 35
6 6
7 47
8 8
9 29
10 90
0
10
1 11
2 12
3 73
4 4
5 25
6 101
7 105
8 18
9 39
10 80
6
drop 6 8393
drop 6 8417
drop 7 8404
pick 6 8429
pick 7 8376
pick 7 8380
10
1 21
2 22
3 83
4 101
5 103
6 6
7 47
8 28
9 49
10 70
6
drop 4 8400
drop 4 8401
drop 5 8413
pick 4 8432
pick 5 8420
pick 5 8423
10
1 31
2 103
3 93
4 4
5 25
6 16
7 37
8 38
9 59
10 60
1
drop 2 8414
10
1 41
2 22
3 110
4 14
5 15
6 26
7 27
8 104
9 69
10 50
3
drop 3 8397
drop 8 8425
pick 8 8427
10
1 51
2 32
3 93
4 24
5 5
6 36
7 17
8 38
9 107
10 40
2
drop 9 8406
pick 9 8396
10
1 61
2 104
3 83
4 103
5 101
6 46
7 7
8 28
9 69
10 30
5
drop 4 8432
drop 5 8420
drop 5 8423
pick 2 8426
pick 4 8439
10
1 71
2 32
3 109
4 24
5 5
6 56
7 101
8 18
9 59
10 20
4
drop 7 8376
drop 7 8380
pick 3 8437
pick 3 8442
9
1 108
2 42
3 83
4 14
5 15
6 106
8 8
9 49
10 10
3
drop 1 8409
drop 6 8429
pick 6 8421
9
1 71
2 52
3 73
4 102
5 102
6 56
8 101
9 39
10 101
5
drop 4 8439
drop 8 8427
drop 10 8419
drop 10 8424
pick 5 8438
9
1 61
2 106
3 63
4 14
5 15
6 46
8 8
9 29
10 10
4
drop 2 8426
pick 2 8428
pick 2 8433
pick 2 8435
9
1 107
2 52
3 53
4 4
5 5
6 36
8 18
9 103
10 20
6
drop 9 8396
pick 1 8403
pick 1 8408
pick 1 8412
pick 1 8436
pick 7 8444
10
1 61
2 42
3 43
4 101
5 101
6 26
7 7
8 102
9 29
10 30
2
drop 5 8438
pick 4 8446
8
1 51
2 32
3 33
4 4
6 103
7 17
9 39
10 40
2
drop 6 8421
pick 8 8448
9
1 41
2 22
3 23
4 14
6 26
7 27
8 18
9 104
10 104
3
pick 5 8449
pick 9 8440
pick 10 8434
10
1 31
2 12
3 13
4 24
5 5
6 36
7 37
8 8
9 39
10 40
0
10
1 21
2 2
3 3
4 34
5 15
6 46
7 47
8 101
9 29
10 50
2
drop 8 8448
pick 8 8450
10
1 11
2 101
3 101
4 104
5 25
6 105
7 57
8 8
9 19
10 60
10
drop 2 8428
drop 2 8433
drop 2 8435
drop 3 8437
drop 3 8442
drop 4 8446
pick 2 8452
pick 3 8453
pick 4 8454
pick 6 8416
10
1 1
2 2
3 3
4 34
5 103
6 46
7 67
8 18
9 9
10 70
2
drop 5 8449
pick 5 8455
10
1 101
2 12
3 13
4 24
5 25
6 36
7 107
8 28
9 101
10 80
9
drop 1 8403
drop 1 8408
drop 1 8412
drop 1 8436
drop 7 8444
drop 9 8440
pick 1 8456
pick 7 8422
pick 9 8457
10
1 1
2 22
3 23
4 14
5 15
6 26
7 67
8 38
9 9
10 108
2
drop 10 8434
pick 10 8451
10
1 11
2 32
3 33
4 4
5 5
6 16
7 77
8 48
9 19
10 80
0
10
1 102
2 42
3 43
4 101
5 101
6 102
7 108
8 58
9 29
10 70
8
drop 1 8456
drop 4 8454
drop 5 8455
drop 6 8416
drop 7 8422
pick 4 8459
pick 4 8465
pick 5 8462
10
1 11
2 52
3 105
4 4
5 5
6 16
7 77
8 68
9 39
10 60
3
drop 3 8453
pick 3 8447
pick 3 8464
10
1 21
2 62
3 43
4 14
5 15
6 6
7 67
8 78
9 49
10 50
0
10
1 103
2 107
3 33
4 24
5 25
6 101
7 107
8 88
9 59
10 40
7
drop 2 8452
pick 1 8458
pick 2 8431
pick 6 8466
pick 6 8467
pick 7 8430
pick 7 8463
10
1 21
2 62
3 23
4 103
5 35
6 6
7 67
8 98
9 69
10 30
2
drop 4 8459
drop 4 8465
10
1 31
2 52
3 13
4 24
5 45
6 16
7 57
8 110
9 79
10 20
2
drop 8 8450
pick 8 8460
10
1 41
2 42
3 3
4 34
5 105
6 26
7 106
8 98
9 108
10 102
9
drop 5 8462
drop 7 8430
drop 7 8463
drop 9 8457
drop 10 8451
pick 5 8471
pick 5 8474
pick 7 8445
pick 10 8472
10
1 51
2 32
3 101
4 104
5 45
6 36
7 57
8 88
9 79
10 20
4
drop 3 8447
drop 3 8464
pick 3 8468
pick 4 8461
10
1 61
2 104
3 3
4 34
5 35
6 46
7 47
8 78
9 69
10 10
1
drop 2 8431
10
1 71
2 32
3 13
4 24
5 25
6 56
7 105
8 68
9 107
10 101
5
drop 7 8445
drop 10 8472
pick 7 8478
pick 9 8441
pick 10 8469
10
1 81
2 42
3 23
4 14
5 15
6 66
7 47
8 58
9 69
10 10
0
10
1 109
2 105
3 33
4 4
5 5
6 76
7 37
8 106
9 79
10 20
5
drop 1 8458
drop 8 8460
pick 1 8443
pick 2 8477
pick 8 8475
10
1 81
2 42
3 43
4 101
5 101
6 86
7 27
8 58
9 89
10 30
6
drop 4 8461
drop 5 8471
drop 5 8474
pick 4 8470
pick 4 8480
pick 5 8473
10
1 71
2 32
3 53
4 4
5 5
6 96
7 17
8 68
9 109
10 40
1
drop 9 8441
9
1 61
2 104
3 106
4 14
5 15
6 110
7 7
8 78
10 50
5
drop 2 8477
drop 3 8468
drop 6 8466
drop 6 8467
pick 2 8481
9
1 51
2 32
3 53
4 24
5 102
6 96
7 101
8 108
10 60
7
drop 5 8473
drop 7 8478
drop 8 8475
pick 5 8476
pick 5 8482
pick 5 8483
pick 7 8479
8
1 41
2 22
3 43
4 34
5 15
6 86
7 7
10 70
1
pick 9 8490
9
1 31
2 12
3 105
4 104
5 5
6 76
7 17
9 89
10 80
7
drop 4 8470
drop 4 8480
pick 3 8484
pick 4 8486
pick 4 8488
pick 4 8489
pick 8 8494
10
1 21
2 102
3 43
4 34
5 101
6 108
7 27
8 78
9 79
10 108
7
drop 2 8481
drop 5 8476
drop 5 8482
drop 5 8483
drop 10 8469
pick 5 8487
pick 6 8491
10
1 11
2 12
3 33
4 24
5 5
6 76
7 37
8 68
9 69
10 80
0
10
1 1
2 2
3 23
4 14
5 15
6 66
7 47
8 58
9 59
10 90
0
10
1 101
2 101
3 13
4 4
5 25
6 56
7 105
8 48
9 49
10 109
5
drop 1 8443
drop 7 8479
pick 1 8492
pick 2 8485
pick 10 8495
10
1 1
2 2
3 3
4 101
5 35
6 46
7 47
8 38
9 39
10 90
5
drop 4 8486
drop 4 8488
drop 4 8489
pick 4 8493
pick 4 8496
10
1 11
2 12
3 101
4 4
5 45
6 36
7 57
8 28
9 29
10 80
2
drop 3 8484
pick 3 8498
10
1 21
2 22
3 3
4 14
5 55
6 26
7 106
8 18
9 19
10 70
2
pick 7 8502
pick 7 8506
10
1 103
2 103
3 13
4 24
5 106
6 16
7 57
8 8
9 9
10 60
5
drop 1 8492
drop 2 8485
drop 5 8487
pick 1 8507
pick 1 8509
10
1 21
2 22
3 23
4 34
5 55
6 6
7 47
8 101
9 101
10 50
5
drop 8 8494
drop 9 8490
pick 8 8500
pick 9 8504
pick 9 8505
10
1 11
2 12
3 33
4 44
5 65
6 101
7 37
8 8
9 9
10 40
3
drop 6 8491
pick 6 8510
pick 6 8513
10
1 1
2 102
3 43
4 54
5 107
6 6
7 27
8 18
9 19
10 30
2
pick 2 8503
pick 5 8497
10
1 101
2 12
3 53
4 64
5 65
6 16
7 17
8 28
9 29
10 20
3
drop 1 8507
drop 1 8509
pick 1 8512
10
1 1
2 2
3 63
4 107
5 75
6 26
7 7
8 38
9 39
10 10
3
drop 4 8493
drop 4 8496
pick 4 8518
10
1 11
2 101
3 73
4 64
5 85
6 36
7 101
8 48
9 49
10 101
9
drop 2 8503
drop 7 8502
drop 7 8506
drop 10 8495
pick 2 8517
pick 7 8520
pick 7 8525
pick 7 8526
pick 10 8521
10
1 21
2 2
3 83
4 54
5 95
6 46
7 7
8 58
9 105
10 10
3
drop 9 8504
drop 9 8505
pick 9 8522
10
1 103
2 12
3 109
4 44
5 110
6 56
7 17
8 68
9 49
10 20
8
drop 1 8512
drop 3 8498
drop 5 8497
pick 1 8523
pick 3 8508
pick 3 8511
pick 5 8499
pick 5 8524
10
1 21
2 22
3 83
4 34
5 95
6 106
7 27
8 78
9 59
10 30
3
drop 6 8510
drop 6 8513
pick 6 8532
10
1 11
2 32
3 73
4 24
5 85
6 56
7 37
8 88
9 69
10 40
0
10
1 1
2 42
3 63
4 14
5 75
6 46
7 104
8 98
9 79
10 50
6
drop 7 8520
drop 7 8525
drop 7 8526
pick 7 8514
pick 7 8519
pick 7 8530
10
1 101
2 105
3 53
4 4
5 65
6 36
7 37
8 110
9 108
10 60
8
drop 1 8523
drop 2 8517
drop 8 8500
drop 9 8522
pick 1 8528
pick 2 8527
pick 8 8516
pick 9 8501
10
1 1
2 42
3 43
4 101
5 55
6 26
7 27
8 98
9 79
10 70
2
drop 4 8518
pick 4 8529
10
1 11
2 32
3 33
4 4
5 45
6 16
7 17
8 88
9 69
10 107
2
drop 10 8521
pick 10 8539
10
1 21
2 22
3 23
4 14
5 35
6 6
7 7
8 78
9 59
10 70
0
10
1 31
2 12
3 13
4 24
5 25
6 101
7 101
8 68
9 106
10 60
10
drop 6 8532
drop 7 8514
drop 7 8519
drop 7 8530
drop 9 8501
pick 6 8533
pick 6 8536
pick 7 8535
pick 7 8540
pick 9 8538
10
1 104
2 2
3 3
4 103
5 15
6 6
7 7
8 58
9 59
10 50
4
drop 1 8528
drop 4 8529
pick 1 8551
pick 4 8531
10
1 31
2 101
3 101
4 24
5 5
6 16
7 17
8 48
9 69
10 40
5
drop 2 8527
drop 3 8508
drop 3 8511
pick 2 8537
pick 3 8542
10
1 21
2 2
3 3
4 34
5 101
6 26
7 27
8 38
9 79
10 30
3
drop 5 8499
drop 5 8524
pick 5 8544
10
1 11
2 12
3 13
4 44
5 5
6 36
7 37
8 28
9 89
10 20
0
10
1 1
2 22
3 23
4 54
5 15
6 46
7 47
8 18
9 99
10 10
0
10
1 101
2 32
3 33
4 106
5 25
6 56
7 105
8 102
9 110
10 101
14
drop 1 8551
drop 4 8531
drop 7 8535
drop 7 8540
drop 8 8516
drop 9 8538
drop 10 8539
pick 1 8546
pick 4 8545
pick 7 8548
pick 8 8534
pick 9 8549
pick 9 8556
pick 10 8550
10
1 1
2 42
3 43
4 54
5 35
6 66
7 47
8 18
9 99
10 10
0
10
1 11
2 52
3 53
4 44
5 104
6 76
7 37
8 8
9 89
10 20
1
drop 5 8544
9
1 102
2 62
3 106
4 34
6 108
7 27
8 101
9 79
10 30
8
drop 1 8546
drop 3 8542
drop 6 8533
drop 6 8536
drop 8 8534
pick 6 8515
pick 6 8547
pick 8 8553
9
1 11
2 107
3 53
4 24
6 76
7 17
8 8
9 69
10 40
3
drop 2 8537
pick 2 8560
pick 5 8565
10
1 21
2 62
3 63
4 14
5 35
6 66
7 102
8 18
9 59
10 50
1
drop 7 8548
10
1 103
2 52
3 107
4 4
5 25
6 56
7 17
8 28
9 49
10 60
2
pick 1 8543
pick 3 8541
10
1 21
2 42
3 63
4 101
5 15
6 46
7 27
8 38
9 39
10 70
4
drop 4 8545
pick 4 8554
pick 4 8561
pick 4 8567
10
1 11
2 32
3 73
4 4
5 5
6 36
7 103
8 48
9 29
10 80
1
pick 7 8552
10
1 1
2 22
3 83
4 14
5 101
6 26
7 27
8 58
9 19
10 90
3
drop 5 8565
pick 5 8557
pick 5 8559
10
1 101
2 12
3 93
4 24
5 5
6 16
7 37
8 68
9 9
10 109
4
drop 1 8543
drop 10 8550
pick 1 8563
pick 10 8562
10
1 1
2 2
3 110
4 34
5 15
6 6
7 47
8 107
9 101
10 90
7
drop 3 8541
drop 8 8553
drop 9 8549
drop 9 8556
pick 3 8568
pick 3 8576
pick 9 8564
9
1 11
2 101
3 93
4 44
5 25
6 101
7 57
9 9
10 80
5
drop 2 8560
drop 6 8515
drop 6 8547
pick 2 8566
pick 6 8569
9
1 102
2 2
3 83
4 54
5 35
6 6
7 67
9 19
10 108
6
drop 1 8563
drop 10 8562
pick 1 8580
pick 8 8583
pick 10 8572
pick 10 8585
10
1 11
2 12
3 73
4 64
5 45
6 16
7 77
8 68
9 29
10 80
0
10
1 21
2 22
3 63
4 74
5 55
6 26
7 87
8 78
9 103
10 70
2
drop 9 8564
pick 9 8574
10
1 31
2 32
3 53
4 84
5 65
6 36
7 97
8 88
9 29
10 60
0
10
1 41
2 42
3 43
4 94
5 75
6 46
7 110
8 109
9 19
10 50
2
drop 7 8552
drop 8 8583
10
1 51
2 52
3 33
4 110
5 108
6 56
7 97
8 88
9 9
10 40
5
drop 4 8554
drop 4 8561
drop 4 8567
drop 5 8557
drop 5 8559
9
1 61
2 62
3 23
4 94
6 106
7 87
8 78
9 101
10 30
3
drop 6 8569
drop 9 8574
pick 9 8571
9
1 71
2 107
3 13
4 84
6 56
7 109
8 108
9 9
10 20
4
drop 2 8566
pick 5 8594
pick 7 8575
pick 8 8584
10
1 81
2 62
3 3
4 74
5 75
6 46
7 87
8 78
9 19
10 10
0
10
1 91
2 72
3 101
4 108
5 65
6 105
7 77
8 68
9 29
10 101
9
drop 3 8568
drop 3 8576
drop 10 8572
drop 10 8585
pick 3 8577
pick 4 8589
pick 6 8555
pick 6 8558
pick 10 8578
10
1 110
2 108
3 3
4 74
5 55
6 46
7 67
8 107
9 39
10 10
4
drop 1 8580
drop 8 8584
pick 2 8597
pick 2 8598
8
2 72
3 13
4 64
5 45
6 36
7 57
9 49
10 20
0
8
2 62
3 23
4 54
5 35
6 26
7 47
9 105
10 30
3
drop 9 8571
pick 1 8607
pick 9 8570
9
1 91
2 52
3 33
4 44
5 25
6 16
7 37
9 49
10 40
1
pick 8 8608
10
1 81
2 42
3 43
4 34
5 15
6 6
7 27
8 68
9 39
10 104
3
drop 10 8578
pick 10 8573
pick 10 8586
10
1 71
2 32
3 53
4 24
5 5
6 101
7 17
8 58
9 104
10 40
7
drop 6 8555
drop 6 8558
drop 9 8570
pick 6 8579
pick 6 8581
pick 6 8582
pick 6 8615
10
1 61
2 22
3 63
4 103
5 101
6 6
7 7
8 48
9 39
10 30
6
drop 4 8589
drop 5 8594
pick 5 8587
pick 5 8593
pick 5 8599
pick 5 8601
10
1 51
2 12
3 73
4 24
5 5
6 16
7 101
8 38
9 29
10 20
7
drop 7 8575
pick 7 8588
pick 7 8590
pick 7 8592
pick 7 8596
pick 7 8600
pick 7 8616
10
1 41
2 2
3 83
4 14
5 15
6 26
7 7
8 28
9 103
10 10
1
pick 9 8604
10
1 31
2 101
3 109
4 102
5 25
6 36
7 17
8 18
9 29
10 101
14
drop 2 8597
drop 2 8598
drop 3 8577
drop 10 8573
drop 10 8586
pick 2 8595
pick 3 8603
pick 4 8591
pick 4 8614
pick 4 8621
pick 10 8602
pick 10 8609
pick 10 8611
pick 10 8617
10
1 21
2 2
3 83
4 14
5 35
6 46
7 27
8 8
9 19
10 10
0
10
1 11
2 12
3 73
4 4
5 45
6 56
7 103
8 101
9 9
10 20
11
drop 7 8588
drop 7 8590
drop 7 8592
drop 7 8596
drop 7 8600
drop 7 8616
drop 8 8608
pick 7 8622
pick 8 8605
pick 8 8606
pick 8 8618
10
1 1
2 102
3 63
4 101
5 55
6 66
7 27
8 8
9 101
10 30
10
drop 2 8595
drop 4 8591
drop 4 8614
drop 4 8621
drop 9 8604
pick 2 8624
pick 4 8613
pick 4 8619
pick 4 8623
pick 9 8625
10
1 101
2 12
3 53
4 4
5 65
6 76
7 17
8 18
9 9
10 40
2
drop 1 8607
pick 1 8629
10
1 1
2 2
3 43
4 14
5 75
6 108
7 7
8 28
9 19
10 50
4
drop 6 8579
drop 6 8581
drop 6 8582
drop 6 8615
10
1 11
2 101
3 33
4 24
5 85
6 76
7 101
8 38
9 102
10 60
5
drop 2 8624
drop 7 8622
drop 9 8625
pick 2 8631
pick 7 8633
10
1 21
2 2
3 23
4 34
5 95
6 86
7 7
8 48
9 19
10 70
0
10
1 31
2 12
3 13
4 44
5 110
6 109
7 17
8 58
9 9
10 80
6
drop 5 8587
drop 5 8593
drop 5 8599
drop 5 8601
pick 5 8627
pick 6 8612
10
1 41
2 22
3 3
4 105
5 95
6 86
7 27
8 68
9 101
10 90
5
drop 4 8613
drop 4 8619
drop 4 8623
pick 9 8635
pick 9 8636
10
1 51
2 32
3 101
4 44
5 85
6 96
7 37
8 107
9 9
10 109
12
drop 3 8603
drop 8 8605
drop 8 8606
drop 8 8618
drop 10 8602
drop 10 8609
drop 10 8611
drop 10 8617
pick 8 8626
pick 8 8634
pick 8 8637
pick 10 8630
9
1 61
2 42
4 54
5 75
6 110
7 47
8 68
9 19
10 90
2
drop 6 8612
pick 6 8640
9
1 71
2 52
4 106
5 65
6 96
7 57
8 58
9 29
10 80
2
pick 3 8643
pick 4 8610
10
1 81
2 62
3 3
4 54
5 55
6 86
7 67
8 48
9 39
10 70
0
10
1 91
2 72
3 13
4 44
5 45
6 76
7 77
8 38
9 49
10 60
0
10
1 110
2 108
3 23
4 34
5 35
6 66
7 87
8 28
9 59
10 50
3
drop 1 8629
drop 2 8631
pick 2 8642
10
1 91
2 72
3 33
4 24
5 25
6 56
7 109
8 18
9 69
10 40
1
drop 7 8633
10
1 81
2 62
3 43
4 14
5 15
6 46
7 87
8 8
9 107
10 30
3
drop 9 8635
drop 9 8636
pick 9 8641
10
1 109
2 52
3 53
4 4
5 5
6 36
7 77
8 101
9 69
10 20
5
drop 8 8626
drop 8 8634
drop 8 8637
pick 1 8632
pick 8 8644
10
1 81
2 42
3 63
4 101
5 101
6 26
7 108
8 8
9 59
10 10
6
drop 4 8610
drop 5 8627
pick 4 8646
pick 5 8648
pick 7 8650
pick 7 8651
10
1 71
2 32
3 73
4 4
5 5
6 16
7 77
8 18
9 49
10 101
2
drop 10 8630
pick 10 8652
10
1 108
2 104
3 83
4 14
5 15
6 6
7 67
8 28
9 39
10 10
4
drop 1 8632
drop 2 8642
pick 2 8628
pick 2 8638
9
2 32
3 109
4 24
5 25
6 101
7 57
8 38
9 29
10 20
5
drop 3 8643
drop 6 8640
pick 1 8655
pick 3 8654
pick 6 8653
10
1 71
2 22
3 83
4 34
5 35
6 6
7 47
8 48
9 19
10 30
0
10
1 61
2 12
3 73
4 44
5 45
6 16
7 37
8 58
9 9
10 40
0
10
1 51
2 2
3 63
4 54
5 105
6 26
7 27
8 106
9 101
10 50
8
drop 5 8648
drop 8 8644
drop 9 8641
pick 5 8657
pick 8 8620
pick 9 8656
pick 9 8660
pick 9 8666
10
1 41
2 101
3 107
4 64
5 45
6 36
7 17
8 58
9 9
10 60
5
drop 2 8628
drop 2 8638
drop 3 8654
pick 2 8661
pick 3 8663
10
1 31
2 2
3 63
4 74
5 35
6 104
7 7
8 48
9 19
10 70
2
drop 6 8653
pick 6 8658
10
1 21
2 12
3 73
4 108
5 25
6 36
7 101
8 38
9 29
10 80
4
drop 4 8646
drop 7 8650
drop 7 8651
pick 7 8662
10
1 11
2 102
3 83
4 74
5 15
6 26
7 7
8 104
9 39
10 108
6
drop 2 8661
drop 8 8620
drop 10 8652
pick 2 8639
pick 2 8664
pick 8 8669
10
1 102
2 12
3 93
4 84
5 5
6 16
7 17
8 38
9 49
10 80
1
drop 1 8655
10
1 11
2 2
3 110
4 94
5 101
6 6
7 27
8 48
9 59
10 70
3
drop 3 8663
drop 5 8657
pick 5 8665
9
1 21
2 101
4 110
5 5
6 101
7 37
8 58
9 69
10 60
6
drop 2 8639
drop 2 8664
drop 6 8658
pick 2 8667
pick 4 8673
pick 6 8668
9
1 103
2 2
4 94
5 15
6 6
7 47
8 106
9 107
10 50
6
drop 8 8669
drop 9 8656
drop 9 8660
drop 9 8666
pick 1 8647
pick 1 8659
9
1 21
2 12
4 84
5 25
6 16
7 57
8 58
9 69
10 40
0
9
1 11
2 22
4 74
5 35
6 26
7 67
8 48
9 59
10 30
0
9
1 1
2 32
4 64
5 104
6 103
7 77
8 38
9 49
10 103
3
drop 5 8665
drop 6 8668
pick 10 8645
9
1 101
2 42
4 54
5 35
6 26
7 108
8 28
9 39
10 30
6
drop 1 8647
drop 1 8659
drop 7 8662
pick 1 8671
pick 1 8680
pick 3 8678
10
1 1
2 52
3 93
4 44
5 25
6 16
7 77
8 103
9 29
10 20
1
pick 8 8649
10
1 11
2 106
3 83
4 34
5 103
6 6
7 87
8 28
9 103
10 10
3
drop 2 8667
pick 5 8679
pick 9 8672
10
1 102
2 52
3 73
4 24
5 25
6 101
7 97
8 38
9 29
10 101
7
drop 1 8671
drop 1 8680
drop 10 8645
pick 6 8670
pick 6 8677
pick 6 8681
pick 10 8675
10
1 11
2 42
3 63
4 14
5 15
6 6
7 110
8 48
9 39
10 10
1
pick 7 8685
10
1 1
2 32
3 53
4 4
5 5
6 16
7 97
8 58
9 49
10 20
0
10
1 101
2 22
3 43
4 101
5 101
6 26
7 87
8 106
9 59
10 30
7
drop 4 8673
drop 5 8679
drop 8 8649
pick 1 8674
pick 4 8676
pick 4 8684
pick 5 8682
9
1 1
2 103
3 33
4 4
5 5
6 36
7 77
9 69
10 103
3
drop 10 8675
pick 2 8687
pick 8 8694
10
1 11
2 22
3 23
4 14
5 15
6 46
7 67
8 58
9 107
10 30
1
drop 9 8672
10
1 21
2 12
3 13
4 24
5 25
6 105
7 57
8 48
9 69
10 20
3
drop 6 8670
drop 6 8677
drop 6 8681
10
1 31
2 2
3 3
4 34
5 35
6 46
7 47
8 38
9 79
10 102
1
pick 10 8695
10
1 41
2 101
3 101
4 104
5 45
6 56
7 37
8 28
9 89
10 20
8
drop 2 8687
drop 3 8678
drop 4 8676
drop 4 8684
pick 2 8683
pick 2 8686
pick 3 8688
pick 3 8691
10
1 105
2 2
3 3
4 34
5 55
6 66
7 27
8 18
9 109
10 10
2
drop 1 8674
pick 9 8690
10
1 41
2 12
3 13
4 44
5 65
6 107
7 17
8 8
9 89
10 101
4
drop 10 8695
pick 6 8702
pick 10 8689
pick 10 8698
10
1 51
2 22
3 102
4 105
5 107
6 66
7 7
8 101
9 79
10 10
8
drop 3 8688
drop 3 8691
drop 5 8682
drop 8 8694
pick 4 8705
pick 8 8693
pick 8 8696
pick 8 8703
10
1 106
2 32
3 13
4 44
5 65
6 56
7 101
8 8
9 69
10 20
5
drop 7 8685
pick 1 8706
pick 7 8697
pick 7 8701
pick 7 8704
10
1 51
2 42
3 3
4 34
5 75
6 46
7 7
8 18
9 59
10 30
0
10
1 41
2 52
3 101
4 24
5 108
6 36
7 17
8 28
9 49
10 103
5
drop 10 8689
drop 10 8698
pick 3 8692
pick 5 8711
pick 10 8709
10
1 31
2 62
3 3
4 14
5 75
6 26
7 27
8 38
9 39
10 30
0
10
1 21
2 72
3 13
4 4
5 85
6 16
7 37
8 48
9 29
10 20
0
10
1 11
2 82
3 23
4 101
5 109
6 6
7 47
8 58
9 19
10 10
5
drop 4 8705
drop 5 8711
pick 4 8699
pick 4 8716
pick 5 8714
10
1 1
2 109
3 33
4 4
5 85
6 101
7 57
8 106
9 9
10 101
11
drop 2 8683
drop 2 8686
drop 6 8702
drop 8 8693
drop 8 8696
drop 8 8703
drop 10 8709
pick 6 8700
pick 6 8715
pick 6 8717
pick 10 8708
10
1 101
2 82
3 43
4 14
5 75
6 6
7 67
8 58
9 101
10 10
4
drop 1 8706
drop 9 8690
pick 1 8710
pick 9 8712
10
1 1
2 92
3 105
4 24
5 65
6 16
7 77
8 48
9 9
10 20
1
drop 3 8692
10
1 11
2 110
3 43
4 34
5 55
6 102
7 108
8 105
9 19
10 30
9
drop 6 8700
drop 6 8715
drop 6 8717
drop 7 8697
drop 7 8701
drop 7 8704
pick 2 8727
pick 6 8724
pick 8 8721
9
1 21
2 92
3 33
4 44
5 45
6 16
8 48
9 29
10 40
3
pick 7 8728
pick 7 8729
pick 7 8732
10
1 31
2 82
3 104
4 54
5 35
6 6
7 77
8 38
9 39
10 50
3
pick 3 8707
pick 3 8713
pick 3 8725
10
1 41
2 72
3 33
4 64
5 25
6 101
7 67
8 28
9 104
10 60
4
drop 6 8724
drop 9 8712
pick 6 8718
pick 6 8719
10
1 51
2 62
3 23
4 74
5 15
6 6
7 57
8 18
9 39
10 70
0
10
1 61
2 52
3 13
4 84
5 5
6 16
7 47
8 8
9 29
10 107
1
drop 10 8708
9
1 71
2 42
3 3
4 94
5 101
6 26
7 37
8 101
9 103
7
drop 5 8714
drop 8 8721
pick 5 8720
pick 5 8743
pick 8 8722
pick 8 8730
pick 9 8735
9
1 81
2 32
3 101
4 110
5 5
6 36
7 27
8 8
9 29
8
drop 3 8707
drop 3 8713
drop 3 8725
drop 4 8699
drop 4 8716
pick 3 8723
pick 3 8733
pick 10 8748
10
1 109
2 22
3 3
4 94
5 15
6 46
7 17
8 18
9 39
10 70
1
drop 1 8710
10
1 81
2 12
3 13
4 84
5 25
6 56
7 7
8 102
9 49
10 60
3
drop 8 8722
drop 8 8730
pick 8 8739
10
1 71
2 2
3 23
4 109
5 35
6 106
7 101
8 18
9 59
10 50
8
drop 6 8718
drop 6 8719
drop 7 8728
drop 7 8729
drop 7 8732
pick 4 8740
pick 6 8737
pick 7 8726
10
1 108
2 101
3 33
4 84
5 45
6 56
7 7
8 8
9 69
10 40
3
drop 2 8727
pick 1 8741
pick 2 8731
10
1 71
2 2
3 43
4 94
5 105
6 66
7 17
8 101
9 79
10 30
8
drop 5 8720
drop 5 8743
drop 8 8739
pick 5 8738
pick 5 8745
pick 5 8753
pick 8 8734
pick 8 8736
10
1 61
2 12
3 53
4 110
5 45
6 107
7 27
8 8
9 89
10 20
4
drop 4 8740
drop 6 8737
pick 4 8757
pick 6 8750
10
1 51
2 22
3 63
4 94
5 35
6 66
7 37
8 18
9 99
10 10
0
10
1 41
2 32
3 73
4 84
5 25
6 56
7 47
8 28
9 110
10 101
4
drop 9 8735
drop 10 8748
pick 9 8760
pick 10 8742
10
1 31
2 42
3 83
4 74
5 15
6 46
7 57
8 38
9 99
10 10
0
10
1 21
2 52
3 93
4 64
5 5
6 36
7 67
8 104
9 89
10 20
3
drop 8 8734
drop 8 8736
pick 8 8752
10
1 11
2 62
3 110
4 54
5 101
6 26
7 107
8 38
9 79
10 30
7
drop 3 8723
drop 3 8733
drop 5 8738
drop 5 8745
drop 5 8753
drop 7 8726
pick 5 8751
10
1 1
2 72
3 93
4 44
5 5
6 16
7 67
8 48
9 69
10 103
2
drop 10 8742
pick 10 8746
10
1 101
2 108
3 83
4 34
5 15
6 6
7 57
8 58
9 59
10 30
4
drop 1 8741
drop 2 8731
pick 1 8754
pick 1 8755
10
1 1
2 72
3 109
4 24
5 25
6 101
7 106
8 68
9 49
10 40
4
drop 6 8750
pick 3 8758
pick 6 8759
pick 7 8749
10
1 11
2 62
3 83
4 103
5 35
6 6
7 57
8 78
9 39
10 50
3
drop 4 8757
pick 4 8747
pick 4 8761
10
1 21
2 107
3 73
4 24
5 45
6 16
7 47
8 88
9 104
10 105
4
drop 9 8760
drop 10 8746
pick 2 8771
pick 10 8756
9
1 31
2 62
3 108
4 14
5 105
6 26
7 37
8 98
10 50
5
drop 3 8758
drop 5 8751
pick 3 8780
pick 5 8766
pick 9 8779
10
1 41
2 52
3 73
4 4
5 45
6 36
7 27
8 110
9 39
10 40
2
drop 8 8752
pick 8 8772
10
1 51
2 42
3 63
4 101
5 55
6 46
7 17
8 98
9 49
10 30
4
drop 4 8747
drop 4 8761
pick 4 8764
pick 4 8769
10
1 61
2 105
3 107
4 4
5 65
6 56
7 7
8 88
9 59
10 103
3
drop 2 8771
drop 3 8780
drop 10 8756
10
1 71
2 42
3 63
4 14
5 75
6 66
7 101
8 78
9 69
10 30
5
drop 7 8749
pick 7 8765
pick 7 8774
pick 7 8775
pick 7 8786
10
1 81
2 52
3 73
4 24
5 85
6 107
7 7
8 68
9 79
10 20
1
drop 6 8759
9
1 109
2 106
3 108
4 34
5 95
7 17
8 58
9 89
10 102
6
drop 1 8754
drop 1 8755
pick 1 8785
pick 2 8762
pick 3 8787
pick 10 8744
9
1 81
2 52
3 73
4 44
5 110
7 27
8 48
9 99
10 20
4
drop 5 8766
pick 5 8794
pick 6 8796
pick 6 8797
10
1 71
2 42
3 63
4 54
5 95
6 66
7 103
8 38
9 110
10 30
5
drop 7 8765
drop 7 8774
drop 7 8775
drop 7 8786
drop 9 8779
9
1 61
2 32
3 53
4 64
5 85
6 56
8 28
9 99
10 103
2
drop 10 8744
pick 7 8803
10
1 51
2 22
3 43
4 74
5 75
6 46
7 27
8 18
9 89
10 30
0
10
1 41
2 12
3 33
4 108
5 65
6 36
7 37
8 8
9 79
10 20
2
drop 4 8764
drop 4 8769
10
1 31
2 102
3 23
4 74
5 55
6 26
7 47
8 101
9 108
10 102
10
drop 2 8762
drop 8 8772
pick 2 8778
pick 2 8789
pick 8 8767
pick 8 8768
pick 8 8781
pick 8 8804
pick 9 8800
pick 10 8763
10
1 21
2 12
3 13
4 64
5 45
6 16
7 105
8 8
9 79
10 20
1
drop 7 8803
10
1 11
2 22
3 3
4 54
5 35
6 6
7 47
8 18
9 69
10 30
0
10
1 1
2 32
3 101
4 106
5 25
6 101
7 37
8 28
9 59
10 40
11
drop 3 8787
drop 6 8796
drop 6 8797
pick 3 8770
pick 3 8791
pick 3 8799
pick 4 8798
pick 6 8773
pick 6 8776
pick 6 8801
pick 6 8805
10
1 101
2 42
3 3
4 54
5 15
6 6
7 104
8 38
9 49
10 50
6
drop 1 8785
pick 1 8777
pick 1 8790
pick 1 8808
pick 1 8810
pick 7 8802
10
1 1
2 52
3 13
4 44
5 5
6 16
7 37
8 48
9 39
10 60
0
10
1 11
2 62
3 23
4 34
5 101
6 26
7 47
8 58
9 29
10 70
4
drop 5 8794
pick 5 8782
pick 5 8792
pick 5 8793
10
1 21
2 72
3 33
4 24
5 5
6 36
7 57
8 106
9 19
10 107
6
drop 8 8767
drop 8 8768
drop 8 8781
drop 8 8804
drop 10 8763
pick 8 8809
10
1 31
2 82
3 43
4 14
5 15
6 104
7 106
8 58
9 9
10 70
7
drop 6 8773
drop 6 8776
drop 6 8801
drop 6 8805
drop 7 8802
pick 6 8806
pick 7 8823
10
1 41
2 92
3 105
4 4
5 102
6 36
7 57
8 68
9 101
10 80
11
drop 3 8770
drop 3 8791
drop 3 8799
drop 5 8782
drop 5 8792
drop 5 8793
drop 9 8800
pick 3 8824
pick 5 8795
pick 9 8783
pick 9 8814
10
1 51
2 110
3 43
4 101
5 15
6 46
7 47
8 78
9 9
10 108
7
drop 2 8778
drop 2 8789
drop 4 8798
pick 4 8784
pick 4 8788
pick 4 8816
pick 10 8813
10
1 61
2 92
3 33
4 4
5 25
6 56
7 37
8 88
9 19
10 80
0
10
1 71
2 82
3 23
4 14
5 35
6 66
7 104
8 98
9 29
10 70
2
drop 7 8823
pick 7 8807
10
1 81
2 109
3 13
4 24
5 104
6 76
7 37
8 110
9 39
10 60
5
drop 5 8795
drop 8 8809
pick 2 8818
pick 5 8825
pick 8 8832
10
1 91
2 82
3 3
4 34
5 35
6 86
7 47
8 98
9 49
10 106
1
drop 10 8813
10
1 110
2 72
3 101
4 44
5 25
6 109
7 57
8 88
9 59
10 60
9
drop 1 8777
drop 1 8790
drop 1 8808
drop 1 8810
drop 3 8824
drop 6 8806
pick 1 8836
pick 3 8811
pick 6 8821
10
1 91
2 62
3 3
4 54
5 15
6 86
7 67
8 78
9 69
10 70
0
10
1 81
2 52
3 13
4 64
5 5
6 76
7 77
8 68
9 107
10 107
3
drop 9 8783
drop 9 8814
pick 10 8835
10
1 71
2 42
3 23
4 74
5 101
6 66
7 87
8 58
9 69
10 70
4
drop 5 8825
pick 5 8815
pick 5 8817
pick 5 8834
10
1 61
2 32
3 33
4 84
5 5
6 107
7 97
8 48
9 79
10 60
1
drop 6 8821
9
1 51
2 22
3 43
4 109
5 15
7 110
8 38
9 108
10 50
9
drop 4 8784
drop 4 8788
drop 4 8816
drop 7 8807
pick 4 8830
pick 6 8843
pick 7 8842
pick 9 8827
pick 9 8839
10
1 41
2 12
3 53
4 84
5 25
6 66
7 97
8 28
9 79
10 40
0
10
1 31
2 2
3 106
4 74
5 35
6 56
7 87
8 18
9 69
10 30
1
drop 3 8811
9
1 21
2 101
4 64
5 45
6 46
7 77
8 8
9 59
10 20
3
drop 2 8818
pick 2 8819
pick 2 8828
9
1 103
2 2
4 54
5 55
6 36
7 67
8 101
9 49
10 10
8
drop 1 8836
drop 8 8832
pick 1 8812
pick 1 8826
pick 1 8838
pick 1 8846
pick 3 8850
pick 8 8820
10
1 21
2 12
3 53
4 106
5 65
6 26
7 57
8 8
9 39
10 101
5
drop 4 8830
drop 10 8835
pick 10 8829
pick 10 8837
pick 10 8844
10
1 11
2 22
3 43
4 54
5 75
6 16
7 47
8 18
9 29
10 10
0
10
1 1
2 32
3 33
4 64
5 108
6 6
7 37
8 28
9 19
10 20
4
drop 5 8815
drop 5 8817
drop 5 8834
pick 5 8854
10
1 101
2 42
3 23
4 74
5 75
6 101
7 27
8 103
9 9
10 30
10
drop 1 8812
drop 1 8826
drop 1 8838
drop 1 8846
drop 6 8843
drop 8 8820
pick 1 8833
pick 1 8847
pick 6 8841
pick 6 8853
9
1 1
2 105
3 13
4 108
5 65
6 6
7 17
9 101
10 40
6
drop 2 8819
drop 2 8828
drop 9 8827
drop 9 8839
pick 4 8848
pick 9 8851
9
1 11
2 42
3 3
4 74
5 55
6 16
7 7
9 9
10 50
1
pick 8 8859
10
1 102
2 52
3 101
4 64
5 45
6 26
7 101
8 28
9 19
10 60
9
drop 1 8833
drop 1 8847
drop 3 8850
drop 7 8842
pick 1 8822
pick 1 8845
pick 3 8852
pick 3 8855
pick 7 8856
10
1 11
2 62
3 3
4 54
5 35
6 36
7 7
8 38
9 29
10 70
0
10
1 21
2 107
3 13
4 44
5 25
6 46
7 17
8 48
9 103
10 107
5
drop 9 8851
drop 10 8829
drop 10 8837
drop 10 8844
pick 2 8861
8
1 31
2 62
3 23
4 34
5 15
6 56
7 27
8 105
2
drop 8 8859
pick 8 8864
8
1 41
2 52
3 33
4 24
5 5
6 66
7 37
8 48
2
pick 9 8866
pick 10 8865
10
1 51
2 42
3 43
4 103
5 101
6 76
7 104
8 38
9 29
10 70
6
drop 4 8848
drop 5 8854
drop 7 8856
pick 4 8867
pick 5 8858
pick 5 8863
10
1 61
2 32
3 53
4 24
5 5
6 108
7 37
8 28
9 19
10 60
3
drop 6 8841
drop 6 8853
pick 6 8862
10
1 71
2 22
3 106
4 34
5 15
6 76
7 27
8 18
9 9
10 50
2
drop 3 8852
drop 3 8855
10
1 108
2 12
3 53
4 44
5 25
6 66
7 103
8 8
9 101
10 40
5
drop 1 8822
drop 1 8845
drop 9 8866
pick 7 8868
pick 9 8860
10
1 71
2 2
3 43
4 54
5 35
6 56
7 27
8 101
9 9
10 30
2
drop 8 8864
pick 8 8869
10
1 81
2 101
3 33
4 64
5 45
6 46
7 37
8 8
9 19
10 20
2
drop 2 8861
pick 2 8870
10
1 109
2 2
3 104
4 74
5 55
6 36
7 47
8 18
9 29
10 10
2
pick 1 8840
pick 3 8878
10
1 81
2 12
3 33
4 84
5 65
6 26
7 57
8 28
9 39
10 101
2
drop 10 8865
pick 10 8871
10
1 71
2 22
3 23
4 109
5 75
6 16
7 67
8 38
9 49
10 10
4
drop 4 8867
pick 4 8849
pick 4 8876
pick 4 8879
10
1 61
2 103
3 13
4 84
5 85
6 102
7 77
8 104
9 105
10 20
7
drop 2 8870
drop 6 8862
drop 8 8869
drop 9 8860
pick 2 8873
pick 6 8831
pick 8 8881
10
1 51
2 22
3 3
4 74
5 109
6 16
7 87
8 38
9 49
10 30
3
drop 5 8858
drop 5 8863
pick 5 8880
10
1 41
2 12
3 101
4 64
5 85
6 26
7 109
8 28
9 39
10 40
3
drop 3 8878
drop 7 8868
pick 3 8872
10
1 31
2 2
3 3
4 54
5 95
6 36
7 87
8 18
9 104
10 50
1
pick 9 8885
10
1 21
2 101
3 13
4 44
5 110
6 46
7 77
8 8
9 39
10 60
3
drop 2 8873
drop 5 8880
pick 2 8874
10
1 103
2 2
3 23
4 34
5 95
6 56
7 108
8 101
9 29
10 70
6
drop 1 8840
drop 8 8881
pick 7 8882
pick 7 8884
pick 8 8875
pick 8 8886
9
2 12
3 33
4 24
5 85
6 66
7 77
8 8
9 19
10 107
3
drop 10 8871
pick 1 8889
pick 10 8883
10
1 21
2 22
3 43
4 14
5 109
6 76
7 67
8 18
9 9
10 70
1
pick 5 8891
10
1 11
2 32
3 53
4 4
5 85
6 86
7 57
8 28
9 101
10 60
2
drop 9 8885
pick 9 8877
10
1 1
2 42
3 63
4 101
5 75
6 109
7 47
8 38
9 9
10 50
7
drop 4 8849
drop 4 8876
drop 4 8879
drop 6 8831
pick 4 8890
pick 4 8896
pick 4 8899
10
1 101
2 52
3 73
4 4
5 65
6 86
7 37
8 48
9 19
10 40
2
drop 1 8889
pick 1 8898
10
1 1
2 62
3 108
4 14
5 55
6 76
7 27
8 58
9 102
10 30
3
drop 3 8872
drop 9 8877
pick 9 8857
10
1 11
2 72
3 73
4 24
5 45
6 66
7 17
8 68
9 19
10 20
0
10
1 21
2 82
3 63
4 34
5 35
6 107
7 7
8 78
9 9
10 10
1
pick 6 8895
10
1 31
2 109
3 107
4 44
5 25
6 66
7 101
8 88
9 101
10 101
6
drop 2 8874
drop 7 8882
drop 7 8884
drop 9 8857
drop 10 8883
pick 3 8901
7
1 41
3 63
4 54
5 15
6 56
8 98
10 10
1
pick 7 8902
8
1 51
3 53
4 106
5 5
6 46
7 7
8 110
10 20
7
drop 4 8890
drop 4 8896
drop 4 8899
drop 8 8875
drop 8 8886
pick 4 8894
pick 9 8903
9
1 61
3 43
4 54
5 101
6 36
7 17
8 98
9 9
10 102
3
drop 5 8891
pick 5 8904
pick 10 8893
9
1 107
3 33
4 64
5 5
6 26
7 27
8 88
9 19
10 20
2
drop 1 8898
pick 2 8906
10
1 61
2 82
3 23
4 74
5 15
6 16
7 37
8 78
9 29
10 30
0
10
1 51
2 72
3 13
4 108
5 25
6 6
7 104
8 68
9 39
10 40
3
drop 4 8894
drop 7 8902
pick 7 8905
10
1 41
2 62
3 3
4 74
5 35
6 101
7 37
8 107
9 104
10 50
4
drop 6 8895
drop 9 8903
pick 6 8908
pick 8 8907
10
1 105
2 52
3 101
4 64
5 45
6 6
7 27
8 68
9 39
10 60
3
drop 3 8901
pick 1 8887
pick 3 8909
10
1 41
2 42
3 3
4 54
5 55
6 16
7 17
8 58
9 49
10 106
1
drop 10 8893
10
1 51
2 32
3 13
4 106
5 106
6 26
7 7
8 48
9 105
10 60
3
drop 5 8904
pick 4 8912
pick 9 8888
10
1 61
2 22
3 23
4 54
5 55
6 36
7 101
8 105
9 49
10 50
4
drop 7 8905
drop 8 8907
pick 7 8910
pick 8 8914
10
1 71
2 12
3 103
4 64
5 65
6 46
7 7
8 48
9 39
10 105
3
drop 3 8909
pick 3 8892
pick 10 8897
10
1 81
2 2
3 23
4 74
5 107
6 56
7 17
8 58
9 29
10 50
1
pick 5 8913
10
1 91
2 101
3 33
4 84
5 65
6 66
7 27
8 68
9 19
10 40
2
drop 2 8906
pick 2 8911
10
1 110
2 2
3 43
4 94
5 55
6 76
7 37
8 78
9 9
10 30
2
drop 1 8887
pick 1 8917
10
1 91
2 12
3 105
4 110
5 45
6 86
7 47
8 88
9 101
10 20
5
drop 3 8892
drop 4 8912
drop 9 8888
pick 9 8915
pick 9 8918
10
1 81
2 22
3 43
4 94
5 35
6 109
7 57
8 109
9 9
10 10
2
drop 6 8908
drop 8 8914
10
1 71
2 32
3 33
4 84
5 25
6 86
7 67
8 88
9 19
10 101
2
drop 10 8897
pick 10 8916
10
1 61
2 42
3 23
4 109
5 15
6 76
7 77
8 78
9 29
10 10
1
pick 4 8920
10
1 51
2 52
3 103
4 84
5 5
6 108
7 108
8 108
9 103
10 20
9
drop 7 8910
drop 9 8915
drop 9 8918
pick 3 8900
pick 3 8926
pick 3 8928
pick 6 8922
pick 8 8927
pick 9 8919
9
1 41
2 62
3 23
4 74
5 101
6 76
8 78
9 29
10 30
3
drop 5 8913
pick 5 8921
pick 5 8930
9
1 31
2 107
3 13
4 64
5 5
6 66
8 68
9 39
10 40
2
drop 2 8911
pick 7 8933
10
1 21
2 62
3 3
4 54
5 15
6 56
7 77
8 58
9 49
10 50
0
10
1 11
2 52
3 101
4 44
5 25
6 46
7 67
8 48
9 105
10 60
7
drop 3 8900
drop 3 8926
drop 3 8928
drop 9 8919
pick 3 8923
pick 3 8925
pick 9 8931
10
1 1
2 42
3 3
4 34
5 35
6 36
7 57
8 38
9 49
10 70
0
10
1 101
2 105
3 13
4 24
5 45
6 26
7 47
8 28
9 39
10 80
5
drop 1 8917
pick 1 8932
pick 1 8936
pick 2 8929
pick 2 8940
10
1 1
2 42
3 23
4 14
5 55
6 16
7 37
8 18
9 29
10 90
0
10
1 11
2 32
3 33
4 4
5 65
6 6
7 27
8 8
9 19
10 100
0
10
1 102
2 22
3 43
4 101
5 75
6 101
7 17
8 101
9 9
10 110
15
drop 1 8932
drop 1 8936
drop 4 8920
drop 6 8922
drop 8 8927
drop 10 8916
pick 1 8924
pick 1 8937
pick 1 8938
pick 4 8934
pick 4 8943
pick 6 8942
pick 6 8947
pick 8 8945
pick 10 8941
10
1 11
2 12
3 53
4 4
5 108
6 6
7 102
8 8
9 101
10 100
6
drop 5 8921
drop 5 8930
drop 7 8933
drop 9 8931
pick 7 8948
pick 9 8949
10
1 1
2 2
3 106
4 14
5 75
6 16
7 17
8 18
9 9
10 90
2
drop 3 8923
drop 3 8925
9
1 101
2 101
4 24
5 85
6 26
7 27
8 28
9 19
10 80
5
drop 1 8924
drop 1 8937
drop 1 8938
drop 2 8929
drop 2 8940
8
2 2
4 34
5 109
6 36
7 37
8 38
9 29
10 70
2
pick 3 8952
pick 5 8935
9
2 12
3 53
4 104
5 85
6 46
7 47
8 48
9 39
10 60
2
drop 4 8934
drop 4 8943
9
2 22
3 43
4 34
5 75
6 56
7 57
8 58
9 49
10 50
1
pick 1 8955
10
1 1
2 103
3 33
4 24
5 65
6 66
7 106
8 68
9 59
10 40
3
drop 7 8948
pick 2 8939
pick 2 8946
9
1 11
2 22
3 23
4 103
5 55
6 107
8 78
9 69
10 30
4
drop 6 8942
drop 6 8947
pick 4 8944
pick 6 8950
9
1 102
2 12
3 13
4 24
5 45
6 66
8 88
9 79
10 20
2
drop 1 8955
pick 7 8959
10
1 11
2 2
3 3
4 14
5 35
6 56
7 57
8 109
9 108
10 10
5
drop 8 8945
drop 9 8949
pick 8 8954
pick 9 8953
pick 9 8963
10
1 1
2 101
3 101
4 4
5 25
6 46
7 47
8 88
9 79
10 101
9
drop 2 8939
drop 2 8946
drop 3 8952
drop 10 8941
pick 2 8960
pick 3 8961
pick 10 8962
pick 10 8965
pick 10 8968
10
1 101
2 2
3 3
4 101
5 15
6 36
7 37
8 78
9 69
10 10
3
drop 4 8944
pick 1 8958
pick 4 8966
10
1 1
2 12
3 13
4 4
5 5
6 26
7 27
8 108
9 59
10 20
2
drop 8 8954
pick 8 8964
10
1 11
2 22
3 23
4 14
5 101
6 16
7 17
8 78
9 49
10 30
2
drop 5 8935
pick 5 8967
10
1 21
2 32
3 33
4 24
5 5
6 6
7 102
8 88
9 39
10 40
2
drop 7 8959
pick 7 8969
10
1 31
2 104
3 43
4 34
5 15
6 101
7 17
8 109
9 29
10 50
6
drop 2 8960
drop 6 8950
drop 8 8964
pick 2 8971
pick 6 8973
pick 8 8957
10
1 41
2 32
3 53
4 44
5 25
6 6
7 7
8 88
9 19
10 60
0
10
1 51
2 22
3 63
4 54
5 35
6 16
7 101
8 78
9 9
10 70
2
drop 7 8969
pick 7 8974
10
1 61
2 12
3 73
4 64
5 45
6 26
7 7
8 68
9 101
10 80
4
drop 9 8953
drop 9 8963
pick 9 8976
pick 9 8980
10
1 71
2 2
3 83
4 107
5 55
6 36
7 17
8 58
9 9
10 108
6
drop 4 8966
drop 10 8962
drop 10 8965
drop 10 8968
pick 4 8979
pick 10 8972
10
1 81
2 101
3 93
4 64
5 106
6 46
7 27
8 48
9 19
10 80
4
drop 2 8971
drop 5 8967
pick 2 8982
pick 2 8984
10
1 109
2 2
3 110
4 54
5 55
6 56
7 37
8 38
9 29
10 70
3
drop 1 8958
drop 3 8961
pick 3 8986
10
1 81
2 12
3 93
4 44
5 45
6 106
7 47
8 28
9 39
10 60
1
drop 6 8973
10
1 91
2 22
3 83
4 34
5 105
6 56
7 57
8 18
9 49
10 50
1
pick 5 8956
10
1 110
2 32
3 73
4 24
5 45
6 46
7 67
8 8
9 59
10 40
1
pick 1 8951
10
1 91
2 104
3 63
4 14
5 35
6 105
7 77
8 101
9 69
10 30
7
drop 2 8982
drop 2 8984
drop 8 8957
pick 2 8981
pick 6 8977
pick 8 8983
pick 8 8996
10
1 81
2 32
3 53
4 4
5 25
6 46
7 108
8 8
9 79
10 20
2
drop 7 8974
pick 7 8975
10
1 71
2 42
3 43
4 101
5 15
6 56
7 77
8 18
9 89
10 10
3
drop 4 8979
pick 4 8988
pick 4 8999
10
1 61
2 52
3 33
4 4
5 5
6 66
7 87
8 102
9 99
10 101
6
drop 8 8983
drop 8 8996
drop 10 8972
pick 8 8970
pick 10 8989
pick 10 8991
10
1 51
2 62
3 23
4 14
5 101
6 76
7 97
8 18
9 110
10 10
6
drop 5 8956
drop 9 8976
drop 9 8980
pick 5 8990
pick 5 8992
pick 5 8993
10
1 41
2 72
3 13
4 24
5 5
6 86
7 110
8 28
9 99
10 20
1
drop 7 8975
10
1 31
2 108
3 102
4 34
5 15
6 96
7 97
8 38
9 89
10 30
6
drop 2 8981
drop 3 8986
pick 2 8987
pick 2 9001
pick 2 9012
pick 3 8978
10
1 21
2 72
3 13
4 44
5 25
6 110
7 87
8 48
9 109
10 40
2
drop 6 8977
pick 9 9006
10
1 11
2 62
3 3
4 54
5 35
6 96
7 109
8 58
9 89
10 50
1
pick 7 9009
10
1 1
2 52
3 101
4 106
5 45
6 86
7 87
8 68
9 79
10 60
7
drop 3 8978
drop 4 8988
drop 4 8999
pick 3 8997
pick 3 9014
pick 3 9023
pick 4 9013
10
1 101
2 42
3 3
4 54
5 55
6 109
7 77
8 78
9 69
10 70
3
drop 1 8951
pick 1 8998
pick 6 9024
10
1 1
2 32
3 13
4 44
5 65
6 86
7 67
8 88
9 59
10 80
0
10
1 11
2 22
3 23
4 34
5 75
6 76
7 57
8 109
9 49
10 90
2
drop 8 8970
pick 8 9034
10
1 21
2 12
3 33
4 24
5 85
6 66
7 47
8 88
9 105
10 109
3
drop 9 9006
drop 10 8989
drop 10 8991
9
1 31
2 2
3 43
4 14
5 95
6 56
7 37
8 78
9 49
1
pick 10 9038
10
1 104
2 101
3 105
4 4
5 110
6 46
7 27
8 68
9 39
10 90
13
drop 1 8998
drop 2 8987
drop 2 9001
drop 2 9012
drop 3 8997
drop 3 9014
drop 3 9023
drop 5 8990
drop 5 8992
drop 5 8993
pick 1 9005
pick 2 9000
pick 5 9036
10
1 31
2 2
3 43
4 101
5 95
6 105
7 17
8 58
9 104
10 80
8
drop 4 9013
drop 6 9024
pick 4 9004
pick 4 9018
pick 4 9029
pick 4 9031
pick 4 9041
pick 9 8995
10
1 41
2 12
3 33
4 4
5 85
6 46
7 7
8 106
9 39
10 70
2
drop 8 9034
pick 8 9027
10
1 51
2 22
3 104
4 14
5 75
6 36
7 101
8 58
9 29
10 60
6
drop 7 9009
pick 3 9015
pick 7 9008
pick 7 9011
pick 7 9016
pick 7 9032
10
1 61
2 32
3 33
4 102
5 65
6 104
7 7
8 48
9 19
10 50
6
drop 4 9004
drop 4 9018
drop 4 9029
drop 4 9031
drop 4 9041
pick 6 9021
10
1 71
2 42
3 23
4 14
5 55
6 36
7 17
8 38
9 9
10 40
0
10
1 81
2 52
3 13
4 24
5 45
6 26
7 27
8 28
9 101
10 30
5
drop 9 8995
pick 9 9010
pick 9 9017
pick 9 9020
pick 9 9042
10
1 109
2 62
3 3
4 103
5 35
6 16
7 37
8 18
9 9
10 20
5
drop 1 9005
pick 1 9043
pick 1 9052
pick 4 8985
pick 4 9007
10
1 81
2 72
3 101
4 24
5 104
6 6
7 47
8 8
9 19
10 10
7
drop 3 9015
drop 5 9036
pick 3 9019
pick 3 9025
pick 3 9028
pick 3 9039
pick 5 9053
10
1 71
2 108
3 3
4 14
5 35
6 101
7 57
8 101
9 29
10 101
13
drop 2 9000
drop 6 9021
drop 8 9027
drop 10 9038
pick 2 9003
pick 6 9033
pick 6 9058
pick 8 9035
pick 8 9054
pick 10 9037
pick 10 9040
pick 10 9055
pick 10 9056
10
1 61
2 72
3 13
4 4
5 25
6 6
7 67
8 8
9 39
10 10
0
10
1 51
2 82
3 23
4 101
5 15
6 16
7 107
8 18
9 49
10 20
12
drop 4 8985
drop 4 9007
drop 7 9008
drop 7 9011
drop 7 9016
drop 7 9032
pick 4 9048
pick 7 8994
pick 7 9022
pick 7 9026
pick 7 9044
pick 7 9047
10
1 41
2 109
3 103
4 4
5 5
6 26
7 67
8 28
9 59
10 30
6
drop 2 9003
drop 3 9019
drop 3 9025
drop 3 9028
drop 3 9039
pick 3 9064
10
1 31
2 82
3 23
4 14
5 101
6 36
7 57
8 38
9 106
10 40
7
drop 5 9053
drop 9 9010
drop 9 9017
drop 9 9020
drop 9 9042
pick 5 9057
pick 9 9045
10
1 21
2 72
3 33
4 24
5 5
6 46
7 47
8 48
9 59
10 50
0
10
1 11
2 108
3 104
4 34
5 15
6 56
7 37
8 58
9 49
10 105
12
drop 3 9064
drop 10 9037
drop 10 9040
drop 10 9055
drop 10 9056
pick 2 9030
pick 2 9060
pick 2 9067
pick 10 9061
pick 10 9062
pick 10 9063
pick 10 9066
9
1 1
2 72
4 104
5 102
6 66
7 27
8 68
9 39
10 50
4
drop 4 9048
drop 5 9057
pick 3 9071
pick 5 9050
10
1 101
2 62
3 33
4 34
5 15
6 76
7 17
8 78
9 29
10 40
3
drop 1 9043
drop 1 9052
pick 1 9059
10
1 1
2 52
3 23
4 44
5 25
6 86
7 7
8 88
9 19
10 30
0
10
1 11
2 42
3 103
4 105
5 35
6 109
7 101
8 98
9 9
10 20
13
drop 3 9071
drop 6 9033
drop 6 9058
drop 7 8994
drop 7 9022
drop 7 9026
drop 7 9044
drop 7 9047
pick 4 9069
pick 4 9073
pick 6 9074
pick 7 9065
pick 7 9070
10
1 21
2 32
3 23
4 44
5 104
6 86
7 7
8 110
9 101
10 10
6
drop 5 9050
drop 8 9035
drop 8 9054
drop 9 9045
pick 8 9046
pick 9 9068
10
1 31
2 22
3 13
4 54
5 35
6 76
7 17
8 98
9 9
10 101
5
drop 10 9061
drop 10 9062
drop 10 9063
drop 10 9066
pick 10 9079
10
1 41
2 12
3 102
4 64
5 45
6 66
7 27
8 88
9 19
10 10
2
pick 3 9051
pick 3 9077
10
1 51
2 2
3 13
4 74
5 105
6 56
7 37
8 109
9 29
10 20
2
drop 8 9046
pick 5 9072
10
1 61
2 101
3 3
4 108
5 45
6 46
7 47
8 88
9 39
10 30
7
drop 2 9030
drop 2 9060
drop 2 9067
drop 4 9069
drop 4 9073
pick 2 9081
pick 4 9076
10
1 71
2 2
3 101
4 74
5 35
6 36
7 57
8 98
9 49
10 40
3
drop 3 9051
drop 3 9077
pick 3 9083
10
1 81
2 12
3 3
4 64
5 104
6 26
7 106
8 110
9 59
10 50
7
drop 5 9072
drop 7 9065
drop 7 9070
pick 7 9078
pick 7 9082
pick 7 9085
pick 8 9049
10
1 109
2 22
3 13
4 107
5 35
6 16
7 57
8 98
9 69
10 105
5
drop 1 9059
drop 4 9076
drop 10 9079
pick 4 9002
pick 10 9084
10
1 81
2 103
3 23
4 64
5 45
6 6
7 47
8 88
9 79
10 50
1
drop 2 9081
10
1 71
2 22
3 33
4 54
5 105
6 101
7 37
8 78
9 89
10 40
3
drop 6 9074
pick 5 9075
pick 6 9086
10
1 108
2 32
3 43
4 106
5 45
6 6
7 27
8 68
9 99
10 30
3
drop 4 9002
pick 1 9091
pick 4 9089
10
1 71
2 104
3 105
4 54
5 35
6 16
7 17
8 58
9 110
10 103
5
drop 3 9083
drop 9 9068
drop 10 9084
pick 2 9094
pick 3 9093
10
1 61
2 32
3 43
4 44
5 25
6 102
7 7
8 48
9 99
10 30
1
drop 6 9086
9
1 51
2 22
3 53
4 34
5 15
7 101
8 38
9 89
10 20
5
drop 7 9078
drop 7 9082
drop 7 9085
pick 6 9098
pick 7 9087
10
1 41
2 12
3 63
4 104
5 5
6 16
7 7
8 28
9 79
10 102
2
drop 4 9089
pick 10 9097
9
1 31
2 2
3 73
5 101
6 6
7 17
8 18
9 69
10 20
2
drop 5 9075
pick 5 9088
9
1 21
2 101
3 83
5 5
6 101
7 27
8 8
9 107
10 10
7
drop 2 9094
drop 6 9098
pick 2 9090
pick 4 9102
pick 6 9095
pick 6 9096
pick 9 9080
10
1 11
2 2
3 93
4 34
5 15
6 6
7 37
8 101
9 69
10 101
5
drop 8 9049
drop 10 9097
pick 8 9099
pick 8 9101
pick 10 9104
10
1 1
2 12
3 110
4 24
5 25
6 16
7 47
8 8
9 79
10 10
1
drop 3 9093
9
1 101
2 22
4 14
5 35
6 102
7 57
8 18
9 89
10 20
4
drop 1 9091
drop 6 9095
drop 6 9096
pick 1 9107
8
1 1
2 32
4 4
5 45
7 67
8 28
9 99
10 30
2
pick 3 9114
pick 6 9115
10
1 11
2 42
3 93
4 101
5 105
6 16
7 77
8 38
9 110
10 40
5
drop 4 9102
drop 5 9088
drop 9 9080
pick 4 9110
pick 5 9108
10
1 21
2 52
3 83
4 4
5 45
6 6
7 87
8 48
9 99
10 50
0
10
1 31
2 62
3 73
4 14
5 35
6 101
7 97
8 58
9 89
10 60
2
drop 6 9115
pick 6 9112
10
1 41
2 72
3 63
4 102
5 25
6 6
7 110
8 68
9 109
10 70
3
drop 4 9110
drop 7 9087
pick 9 9117
10
1 51
2 82
3 53
4 14
5 15
6 16
7 97
8 78
9 89
10 107
4
drop 10 9104
pick 10 9100
pick 10 9105
pick 10 9125
10
1 106
2 109
3 43
4 24
5 102
6 26
7 87
8 88
9 79
10 70
4
drop 1 9107
drop 2 9090
drop 5 9108
pick 1 9092
10
1 51
2 82
3 33
4 103
5 15
6 36
7 109
8 98
9 69
10 60
2
pick 4 9103
pick 7 9123
10
1 41
2 72
3 23
4 24
5 25
6 46
7 87
8 110
9 59
10 50
3
drop 8 9099
drop 8 9101
pick 8 9133
10
1 31
2 108
3 13
4 14
5 103
6 56
7 97
8 98
9 49
10 40
2
pick 2 9118
pick 5 9109
10
1 21
2 72
3 3
4 4
5 25
6 66
7 110
8 88
9 39
10 30
1
drop 7 9123
10
1 11
2 62
3 101
4 101
5 15
6 76
7 97
8 78
9 29
10 20
5
drop 3 9114
drop 4 9103
pick 3 9113
pick 3 9124
pick 4 9116
10
1 102
2 52
3 3
4 4
5 5
6 108
7 87
8 68
9 19
10 10
3
drop 1 9092
drop 6 9112
pick 6 9131
10
1 11
2 42
3 13
4 14
5 101
6 76
7 77
8 58
9 9
10 101
8
drop 5 9109
drop 10 9100
drop 10 9105
drop 10 9125
pick 5 9127
pick 5 9132
pick 10 9130
pick 10 9134
10
1 1
2 32
3 23
4 24
5 5
6 66
7 108
8 48
9 101
10 10
3
drop 9 9117
pick 7 9119
pick 9 9135
10
1 101
2 22
3 33
4 34
5 15
6 56
7 77
8 38
9 9
10 20
1
pick 1 9121
10
1 1
2 12
3 43
4 104
5 102
6 106
7 67
8 28
9 19
10 30
7
drop 4 9116
drop 5 9127
drop 5 9132
drop 6 9131
pick 4 9106
pick 4 9122
pick 6 9129
10
1 11
2 2
3 53
4 34
5 15
6 56
7 57
8 18
9 29
10 40
0
10
1 21
2 101
3 63
4 24
5 25
6 46
7 47
8 8
9 103
10 50
5
drop 2 9118
drop 9 9135
pick 2 9137
pick 2 9138
pick 2 9139
10
1 31
2 2
3 107
4 14
5 103
6 36
7 105
8 101
9 29
10 60
7
drop 3 9113
drop 3 9124
drop 7 9119
drop 8 9133
pick 5 9128
pick 7 9111
pick 8 9141
10
1 41
2 12
3 63
4 4
5 25
6 26
7 47
8 8
9 39
10 70
0
10
1 51
2 22
3 73
4 101
5 35
6 103
7 57
8 18
9 104
10 80
6
drop 4 9106
drop 4 9122
drop 6 9129
pick 4 9142
pick 4 9149
pick 9 9120
10
1 106
2 32
3 108
4 4
5 45
6 26
7 67
8 28
9 39
10 108
7
drop 1 9121
drop 10 9130
drop 10 9134
pick 1 9143
pick 1 9151
pick 3 9136
pick 10 9140
10
1 51
2 42
3 73
4 14
5 55
6 36
7 77
8 38
9 49
10 80
0
10
1 41
2 52
3 63
4 24
5 65
6 46
7 87
8 48
9 59
10 70
0
10
1 31
2 62
3 107
4 34
5 107
6 105
7 97
8 58
9 69
10 60
3
drop 3 9136
drop 5 9128
pick 6 9126
10
1 21
2 107
3 63
4 44
5 65
6 46
7 110
8 68
9 79
10 50
7
drop 2 9137
drop 2 9138
drop 2 9139
drop 7 9111
pick 7 9146
pick 7 9160
pick 7 9161
9
1 11
3 53
4 54
5 75
6 56
7 97
8 78
9 89
10 40
0
9
1 1
3 106
4 64
5 108
6 66
7 87
8 88
9 109
10 30
4
drop 9 9120
pick 3 9167
pick 5 9168
pick 9 9144
9
1 101
3 53
4 74
5 75
6 76
7 77
8 98
9 89
10 20
6
drop 1 9143
drop 1 9151
pick 1 9145
pick 1 9166
pick 1 9170
pick 2 9173
10
1 1
2 62
3 43
4 108
5 65
6 108
7 67
8 110
9 79
10 10
4
drop 4 9142
drop 4 9149
drop 6 9126
drop 8 9141
10
1 11
2 52
3 33
4 74
5 55
6 76
7 57
8 98
9 69
10 101
3
drop 10 9140
pick 10 9147
pick 10 9152
10
1 21
2 42
3 23
4 84
5 45
6 66
7 47
8 88
9 59
10 10
0
10
1 31
2 32
3 13
4 94
5 35
6 56
7 37
8 78
9 49
10 20
0
10
1 41
2 22
3 3
4 110
5 25
6 106
7 27
8 68
9 39
10 30
2
pick 4 9156
pick 6 9177
10
1 51
2 12
3 101
4 94
5 15
6 56
7 17
8 58
9 29
10 40
3
drop 3 9167
pick 3 9153
pick 3 9178
10
1 61
2 2
3 3
4 84
5 102
6 46
7 7
8 106
9 19
10 104
6
drop 5 9168
drop 10 9147
drop 10 9152
pick 5 9164
pick 8 9183
pick 10 9182
10
1 71
2 101
3 13
4 109
5 15
6 36
7 101
8 58
9 9
10 40
10
drop 2 9173
drop 4 9156
drop 7 9146
drop 7 9160
drop 7 9161
pick 2 9154
pick 2 9171
pick 2 9176
pick 2 9181
pick 7 9155
10
1 81
2 2
3 102
4 84
5 25
6 26
7 7
8 48
9 101
10 30
6
drop 3 9153
drop 3 9178
drop 9 9144
pick 3 9185
pick 9 9158
pick 9 9169
10
1 109
2 12
3 13
4 74
5 35
6 16
7 17
8 38
9 9
10 20
3
drop 1 9145
drop 1 9166
drop 1 9170
10
1 81
2 22
3 3
4 108
5 45
6 6
7 27
8 28
9 19
10 10
1
pick 4 9186
10
1 71
2 32
3 101
4 74
5 55
6 101
7 37
8 18
9 29
10 101
16
drop 3 9185
drop 6 9177
drop 10 9182
pick 3 9159
pick 3 9184
pick 3 9192
pick 3 9196
pick 6 9162
pick 6 9165
pick 6 9174
pick 6 9188
pick 10 9179
pick 10 9180
pick 10 9187
pick 10 9190
pick 10 9195
10
1 108
2 42
3 3
4 64
5 65
6 6
7 47
8 8
9 39
10 10
1
pick 1 9193
10
1 71
2 105
3 13
4 54
5 75
6 16
7 57
8 101
9 49
10 20
7
drop 2 9154
drop 2 9171
drop 2 9176
drop 2 9181
drop 8 9183
pick 2 9148
pick 8 9194
10
1 61
2 42
3 23
4 44
5 85
6 26
7 67
8 8
9 59
10 30
0
10
1 51
2 32
3 33
4 34
5 95
6 103
7 77
8 18
9 69
10 40
6
drop 6 9162
drop 6 9165
drop 6 9174
drop 6 9188
pick 6 9175
pick 6 9200
10
1 41
2 22
3 43
4 24
5 110
6 26
7 87
8 28
9 79
10 50
1
drop 5 9164
9
1 31
2 12
3 53
4 14
6 16
7 97
8 38
9 108
10 60
3
drop 9 9158
drop 9 9169
pick 5 9207
10
1 21
2 2
3 106
4 4
5 95
6 6
7 110
8 48
9 79
10 70
6
drop 3 9159
drop 3 9184
drop 3 9192
drop 3 9196
drop 7 9155
pick 3 9191
10
1 11
2 101
3 53
4 101
5 85
6 101
7 97
8 58
9 69
10 107
12
drop 2 9148
drop 4 9186
drop 6 9175
drop 6 9200
drop 10 9179
drop 10 9180
drop 10 9187
drop 10 9190
drop 10 9195
pick 2 9197
pick 4 9199
pick 6 9201
9
1 1
2 2
3 43
4 4
5 75
6 6
7 87
8 68
9 107
1
pick 9 9198
9
1 101
2 12
3 33
4 14
5 65
6 16
7 109
8 78
9 69
4
drop 1 9193
pick 1 9202
pick 7 9204
pick 10 9215
10
1 1
2 102
3 23
4 24
5 55
6 26
7 87
8 108
9 59
10 70
4
drop 2 9197
drop 8 9194
pick 2 9189
pick 2 9210
10
1 11
2 12
3 13
4 103
5 45
6 36
7 77
8 78
9 49
10 60
2
drop 4 9199
pick 4 9214
10
1 21
2 2
3 3
4 24
5 35
6 46
7 67
8 88
9 39
10 50
0
10
1 31
2 101
3 101
4 14
5 25
6 56
7 57
8 109
9 29
10 40
6
drop 2 9189
drop 2 9210
drop 3 9191
pick 2 9206
pick 3 9208
pick 8 9205
10
1 41
2 2
3 3
4 4
5 103
6 66
7 47
8 88
9 19
10 30
3
drop 5 9207
pick 5 9218
pick 5 9221
10
1 51
2 12
3 13
4 101
5 25
6 76
7 37
8 78
9 9
10 20
2
drop 4 9214
pick 4 9212
10
1 106
2 22
3 23
4 4
5 15
6 86
7 27
8 68
9 101
10 10
4
drop 1 9202
drop 9 9198
pick 1 9203
pick 9 9216
10
1 51
2 32
3 33
4 14
5 5
6 109
7 17
8 58
9 9
10 101
4
drop 6 9201
drop 10 9215
pick 6 9209
pick 10 9219
10
1 41
2 42
3 43
4 102
5 101
6 86
7 7
8 106
9 19
10 10
7
drop 4 9212
drop 5 9218
drop 5 9221
drop 8 9205
pick 4 9225
pick 5 9223
pick 8 9231
10
1 31
2 105
3 53
4 14
5 5
6 76
7 101
8 58
9 29
10 20
4
drop 2 9206
drop 7 9204
pick 2 9150
pick 7 9230
10
1 21
2 42
3 63
4 24
5 15
6 66
7 7
8 48
9 39
10 30
0
10
1 11
2 32
3 73
4 34
5 25
6 56
7 17
8 38
9 104
10 40
3
drop 9 9216
pick 9 9211
pick 9 9232
10
1 102
2 22
3 83
4 44
5 35
6 46
7 27
8 104
9 39
10 50
4
drop 1 9203
drop 8 9231
pick 1 9236
pick 8 9240
10
1 11
2 103
3 93
4 54
5 45
6 36
7 37
8 38
9 29
10 60
2
drop 2 9150
pick 2 9233
10
1 21
2 22
3 110
4 64
5 55
6 26
7 47
8 28
9 19
10 70
2
drop 3 9208
pick 3 9217
10
1 103
2 32
3 93
4 107
5 65
6 16
7 57
8 18
9 9
10 107
7
drop 1 9236
drop 4 9225
drop 10 9219
pick 1 9234
pick 4 9224
pick 4 9226
pick 4 9228
10
1 21
2 42
3 83
4 64
5 75
6 102
7 67
8 8
9 101
10 70
5
drop 6 9209
drop 9 9211
drop 9 9232
pick 9 9238
pick 9 9245
10
1 11
2 52
3 73
4 54
5 85
6 16
7 77
8 101
9 9
10 80
2
drop 8 9240
pick 8 9241
10
1 1
2 62
3 63
4 44
5 109
6 6
7 108
8 8
9 19
10 108
7
drop 5 9223
drop 7 9230
pick 5 9222
pick 5 9244
pick 7 9247
pick 7 9252
pick 10 9239
10
1 101
2 107
3 53
4 34
5 85
6 101
7 77
8 18
9 29
10 80
6
drop 1 9234
drop 2 9233
pick 1 9243
pick 1 9251
pick 1 9253
pick 6 9235
10
1 1
2 62
3 43
4 24
5 75
6 6
7 67
8 28
9 39
10 70
0
10
1 11
2 52
3 33
4 14
5 65
6 16
7 57
8 38
9 49
10 60
0
10
1 21
2 106
3 23
4 4
5 55
6 26
7 47
8 104
9 59
10 50
2
drop 8 9241
pick 2 9248
10
1 31
2 52
3 103
4 101
5 45
6 103
7 37
8 38
9 69
10 40
7
drop 3 9217
drop 4 9224
drop 4 9226
drop 4 9228
drop 6 9235
pick 3 9266
pick 4 9246
10
1 41
2 42
3 23
4 4
5 35
6 26
7 27
8 48
9 79
10 30
0
10
1 105
2 32
3 33
4 14
5 25
6 16
7 17
8 105
9 108
10 20
9
drop 1 9243
drop 1 9251
drop 1 9253
drop 9 9238
drop 9 9245
pick 1 9163
pick 1 9213
pick 8 9157
pick 9 9268
10
1 41
2 22
3 43
4 24
5 15
6 102
7 7
8 48
9 79
10 10
1
pick 6 9261
10
1 31
2 12
3 53
4 34
5 5
6 16
7 101
8 38
9 69
10 101
8
drop 7 9247
drop 7 9252
drop 10 9239
pick 7 9249
pick 7 9258
pick 7 9262
pick 10 9250
pick 10 9265
10
1 21
2 2
3 106
4 44
5 101
6 6
7 7
8 104
9 59
10 10
6
drop 3 9266
drop 5 9222
drop 5 9244
drop 8 9157
pick 3 9272
pick 5 9254
10
1 11
2 101
3 53
4 54
5 5
6 101
7 17
8 38
9 49
10 20
9
drop 2 9248
drop 6 9261
pick 2 9255
pick 2 9259
pick 2 9270
pick 6 9256
pick 6 9263
pick 6 9281
pick 6 9283
10
1 102
2 2
3 43
4 106
5 15
6 6
7 27
8 48
9 39
10 30
3
drop 1 9163
drop 1 9213
drop 4 9246
10
1 11
2 12
3 33
4 54
5 25
6 16
7 37
8 105
9 29
10 40
2
pick 8 9172
pick 8 9227
10
1 1
2 102
3 23
4 44
5 35
6 26
7 47
8 48
9 19
10 50
3
drop 2 9255
drop 2 9259
drop 2 9270
10
1 101
2 12
3 13
4 105
5 104
6 36
7 57
8 58
9 9
10 60
9
drop 5 9254
pick 1 9273
pick 1 9277
pick 1 9291
pick 4 9220
pick 4 9242
pick 4 9269
pick 5 9289
pick 5 9290
10
1 1
2 2
3 3
4 44
5 35
6 46
7 67
8 68
9 101
10 70
2
drop 9 9268
pick 9 9278
10
1 11
2 101
3 101
4 34
5 25
6 56
7 107
8 78
9 9
10 80
10
drop 3 9272
drop 7 9249
drop 7 9258
drop 7 9262
pick 2 9274
pick 2 9287
pick 3 9282
pick 3 9286
pick 7 9271
pick 7 9288
10
1 21
2 2
3 3
4 24
5 15
6 66
7 67
8 88
9 19
10 90
0
10
1 31
2 12
3 13
4 14
5 5
6 76
7 57
8 109
9 29
10 109
7
drop 8 9172
drop 8 9227
drop 10 9250
drop 10 9265
pick 8 9264
pick 8 9294
pick 10 9267
10
1 41
2 22
3 23
4 4
5 101
6 86
7 47
8 88
9 39
10 90
4
drop 5 9289
drop 5 9290
pick 5 9285
pick 5 9296
10
1 51
2 32
3 33
4 101
5 5
6 96
7 37
8 78
9 49
10 80
4
drop 4 9220
drop 4 9242
drop 4 9269
pick 4 9292
10
1 106
2 42
3 104
4 4
5 15
6 110
7 27
8 68
9 105
10 70
17
drop 1 9273
drop 1 9277
drop 1 9291
drop 3 9282
drop 3 9286
drop 6 9256
drop 6 9263
drop 6 9281
drop 6 9283
drop 9 9278
pick 3 9295
pick 3 9309
pick 6 9229
pick 6 9237
pick 6 9260
pick 6 9275
pick 9 9297
10
1 51
2 52
3 33
4 14
5 25
6 96
7 17
8 58
9 49
10 60
0
10
1 61
2 62
3 23
4 102
5 35
6 86
7 7
8 106
9 59
10 50
5
drop 4 9292
drop 8 9264
drop 8 9294
pick 4 9300
pick 4 9304
9
1 107
2 72
3 13
4 14
5 45
6 76
7 101
9 69
10 40
4
drop 7 9271
drop 7 9288
pick 1 9280
pick 7 9298
9
1 61
2 108
3 3
4 4
5 55
6 66
7 7
9 107
10 104
10
drop 2 9274
drop 2 9287
drop 9 9297
drop 10 9267
pick 2 9276
pick 2 9279
pick 2 9284
pick 2 9299
pick 8 9316
pick 9 9314
10
1 51
2 72
3 101
4 101
5 65
6 56
7 17
8 58
9 69
10 40
9
drop 3 9295
drop 3 9309
drop 4 9300
drop 4 9304
pick 3 9305
pick 3 9310
pick 4 9306
pick 4 9311
pick 4 9315
10
1 41
2 62
3 3
4 4
5 75
6 46
7 27
8 68
9 59
10 30
0
10
1 105
2 52
3 13
4 14
5 85
6 36
7 103
8 78
9 49
10 103
5
drop 1 9280
drop 7 9298
pick 1 9302
pick 7 9303
pick 10 9293
10
1 41
2 42
3 23
4 24
5 109
6 26
7 27
8 88
9 39
10 30
3
drop 5 9285
drop 5 9296
pick 5 9307
10
1 31
2 32
3 33
4 34
5 85
6 16
7 37
8 109
9 29
10 20
1
drop 8 9316
9
1 21
2 22
3 43
4 44
5 75
6 6
7 104
9 19
10 10
2
drop 7 9303
pick 8 9328
9
1 11
2 12
3 53
4 54
5 65
6 101
8 88
9 9
10 101
11
drop 6 9229
drop 6 9237
drop 6 9260
drop 6 9275
drop 10 9293
pick 6 9308
pick 6 9326
pick 7 9331
pick 10 9312
pick 10 9325
pick 10 9330
10
1 1
2 2
3 63
4 106
5 55
6 6
7 37
8 78
9 101
10 10
5
drop 4 9306
drop 4 9311
drop 4 9315
drop 9 9314
pick 9 9313
10
1 101
2 101
3 73
4 54
5 45
6 16
7 27
8 68
9 9
10 20
8
drop 1 9302
drop 2 9276
drop 2 9279
drop 2 9284
drop 2 9299
pick 1 9318
pick 2 9319
pick 2 9332
10
1 1
2 2
3 83
4 44
5 35
6 26
7 17
8 58
9 19
10 30
0
10
1 11
2 12
3 109
4 105
5 25
6 36
7 102
8 48
9 29
10 40
8
drop 3 9305
drop 3 9310
drop 7 9331
pick 3 9334
pick 4 9323
pick 4 9341
pick 7 9301
pick 7 9320
10
1 21
2 22
3 83
4 44
5 15
6 104
7 17
8 38
9 39
10 50
2
drop 6 9308
drop 6 9326
10
1 31
2 103
3 73
4 34
5 5
6 36
7 27
8 28
9 49
10 60
2
drop 2 9319
drop 2 9332
10
1 41
2 22
3 63
4 24
5 101
6 26
7 37
8 18
9 105
10 70
4
drop 5 9307
drop 9 9313
pick 5 9321
pick 5 9329
9
1 51
2 12
3 53
4 14
5 5
6 16
7 47
8 8
10 80
0
9
1 61
2 102
3 43
4 4
5 15
6 102
7 57
8 101
10 108
10
drop 8 9328
drop 10 9312
drop 10 9325
drop 10 9330
pick 2 9322
pick 2 9347
pick 6 9317
pick 8 9324
pick 9 9350
pick 10 9345
10
1 71
2 12
3 33
4 101
5 102
6 16
7 67
8 8
9 49
10 80
6
drop 4 9323
drop 4 9341
drop 5 9321
drop 5 9329
pick 4 9327
pick 5 9337
10
1 81
2 2
3 23
4 4
5 15
6 6
7 77
8 18
9 39
10 70
0
10
1 109
2 101
3 13
4 14
5 25
6 101
7 87
8 28
9 29
10 60
7
drop 1 9318
drop 2 9322
drop 2 9347
drop 6 9317
pick 2 9335
pick 2 9339
pick 6 9336
10
1 81
2 2
3 3
4 24
5 35
6 6
7 97
8 38
9 19
10 50
0
10
1 91
2 12
3 101
4 34
5 45
6 16
7 110
8 48
9 9
10 40
8
drop 3 9334
drop 7 9301
drop 7 9320
pick 3 9338
pick 3 9342
pick 3 9348
pick 7 9333
pick 7 9361
10
1 110
2 22
3 3
4 44
5 55
6 26
7 97
8 58
9 101
10 30
4
drop 9 9350
pick 1 9257
pick 9 9340
pick 9 9346
10
1 91
2 32
3 13
4 54
5 106
6 36
7 87
8 106
9 9
10 20
3
drop 5 9337
drop 8 9324
pick 5 9344
10
1 81
2 42
3 23
4 64
5 55
6 46
7 77
8 58
9 19
10 10
0
10
1 71
2 105
3 103
4 107
5 45
6 56
7 67
8 68
9 29
10 101
11
drop 2 9335
drop 2 9339
drop 3 9338
drop 3 9342
drop 3 9348
drop 4 9327
drop 10 9345
pick 2 9357
pick 2 9362
pick 4 9352
pick 10 9343
10
1 61
2 42
3 23
4 64
5 35
6 66
7 57
8 107
9 39
10 10
1
pick 8 9349
10
1 51
2 32
3 33
4 54
5 25
6 76
7 47
8 68
9 49
10 20
0
10
1 41
2 22
3 104
4 44
5 15
6 108
7 37
8 58
9 59
10 30
4
drop 6 9336
pick 3 9351
pick 6 9355
pick 6 9368
10
1 31
2 12
3 33
4 34
5 5
6 76
7 27
8 48
9 69
10 40
0
10
1 21
2 2
3 23
4 24
5 101
6 66
7 17
8 38
9 79
10 50
4
drop 5 9344
pick 5 9358
pick 5 9359
pick 5 9380
10
1 103
2 101
3 13
4 14
5 5
6 56
7 7
8 28
9 89
10 60
7
drop 1 9257
drop 2 9357
drop 2 9362
pick 1 9378
pick 1 9379
pick 1 9385
pick 2 9364
10
1 21
2 2
3 3
4 4
5 15
6 46
7 101
8 18
9 99
10 70
5
drop 7 9333
drop 7 9361
pick 7 9367
pick 7 9381
pick 7 9384
10
1 11
2 12
3 101
4 101
5 102
6 36
7 7
8 8
9 110
10 80
15
drop 3 9351
drop 4 9352
drop 5 9358
drop 5 9359
drop 5 9380
drop 9 9340
drop 9 9346
pick 3 9369
pick 3 9383
pick 3 9395
pick 4 9374
pick 4 9375
pick 4 9386
pick 5 9356
pick 9 9370
10
1 1
2 22
3 3
4 4
5 15
6 26
7 17
8 101
9 99
10 90
2
drop 8 9349
pick 8 9389
10
1 101
2 32
3 13
4 14
5 5
6 16
7 27
8 8
9 89
10 109
8
drop 1 9378
drop 1 9379
drop 1 9385
drop 10 9343
pick 1 9390
pick 1 9398
pick 10 9376
pick 10 9388
10
1 1
2 42
3 23
4 24
5 101
6 6
7 37
8 18
9 79
10 90
2
drop 5 9356
pick 5 9394
10
1 11
2 52
3 33
4 103
5 5
6 101
7 47
8 28
9 69
10 80
6
drop 4 9374
drop 4 9375
drop 4 9386
drop 6 9355
drop 6 9368
pick 6 9397
10
1 21
2 62
3 43
4 24
5 15
6 6
7 57
8 38
9 59
10 70
0
10
1 31
2 72
3 105
4 34
5 25
6 16
7 106
8 104
9 49
10 60
10
drop 3 9369
drop 3 9383
drop 3 9395
drop 7 9367
drop 7 9381
drop 7 9384
drop 8 9389
pick 3 9366
pick 7 9391
pick 8 9363
10
1 41
2 108
3 43
4 104
5 35
6 102
7 57
8 38
9 39
10 50
7
drop 2 9364
drop 6 9397
pick 2 9396
pick 2 9400
pick 4 9354
pick 6 9371
pick 6 9377
10
1 51
2 72
3 33
4 34
5 45
6 16
7 47
8 48
9 29
10 40
0
10
1 61
2 62
3 23
4 44
5 55
6 26
7 37
8 58
9 19
10 30
0
10
1 107
2 52
3 13
4 54
5 65
6 36
7 104
8 68
9 9
10 20
5
drop 1 9390
drop 1 9398
drop 7 9391
pick 1 9353
pick 7 9393
10
1 61
2 42
3 102
4 64
5 75
6 46
7 37
8 78
9 101
10 10
3
drop 3 9366
drop 9 9370
pick 9 9403
10
1 51
2 32
3 13
4 74
5 85
6 105
7 27
8 108
9 9
10 101
9
drop 6 9371
drop 6 9377
drop 8 9363
drop 10 9376
drop 10 9388
pick 6 9373
pick 6 9392
pick 8 9415
pick 10 9406
10
1 41
2 22
3 3
4 84
5 109
6 46
7 17
8 78
9 19
10 10
2
drop 5 9394
pick 5 9413
10
1 31
2 12
3 101
4 109
5 85
6 36
7 7
8 88
9 29
10 20
3
drop 4 9354
pick 3 9399
pick 3 9419
10
1 21
2 2
3 3
4 84
5 75
6 26
7 101
8 98
9 39
10 102
5
drop 7 9393
drop 10 9406
pick 7 9407
pick 7 9408
pick 10 9420
10
1 103
2 101
3 13
4 94
5 65
6 16
7 7
8 110
9 49
10 20
7
drop 1 9353
drop 2 9396
drop 2 9400
drop 8 9415
pick 2 9412
pick 2 9418
pick 8 9387
10
1 21
2 2
3 23
4 110
5 55
6 6
7 17
8 98
9 59
10 10
1
pick 4 9382
10
1 31
2 12
3 33
4 94
5 45
6 101
7 27
8 88
9 69
10 101
7
drop 6 9373
drop 6 9392
drop 10 9420
pick 6 9416
pick 6 9422
pick 10 9417
pick 10 9424
10
1 104
2 22
3 104
4 84
5 35
6 6
7 103
8 78
9 79
10 10
6
drop 3 9399
drop 3 9419
drop 7 9407
drop 7 9408
pick 1 9421
pick 1 9433
9
1 31
2 32
3 33
4 74
5 25
6 16
8 68
9 89
10 20
1
pick 7 9435
10
1 21
2 42
3 43
4 64
5 15
6 26
7 27
8 58
9 99
10 30
0
10
1 11
2 52
3 105
4 54
5 5
6 36
7 17
8 48
9 110
10 40
6
drop 9 9403
pick 3 9427
pick 9 9401
pick 9 9402
pick 9 9410
pick 9 9425
10
1 1
2 62
3 43
4 44
5 101
6 46
7 7
8 105
9 99
10 50
3
drop 5 9413
drop 8 9387
pick 5 9423
9
1 101
2 72
3 33
4 105
5 5
6 56
7 101
9 89
10 60
7
drop 1 9421
drop 1 9433
drop 4 9382
drop 7 9435
pick 1 9426
pick 1 9432
pick 7 9431
8
1 1
2 82
3 23
5 15
6 66
7 7
9 79
10 70
2
pick 4 9449
pick 8 9448
10
1 11
2 109
3 13
4 44
5 25
6 76
7 17
8 48
9 69
10 107
6
drop 2 9412
drop 2 9418
drop 10 9417
drop 10 9424
pick 2 9445
pick 10 9360
10
1 21
2 82
3 3
4 34
5 35
6 86
7 27
8 38
9 59
10 70
0
10
1 31
2 72
3 101
4 24
5 45
6 96
7 37
8 28
9 49
10 80
4
drop 3 9427
pick 3 9434
pick 3 9454
pick 3 9455
10
1 41
2 62
3 3
4 14
5 55
6 110
7 47
8 18
9 39
10 108
5
drop 6 9416
drop 6 9422
drop 10 9360
pick 6 9414
pick 10 9443
10
1 105
2 52
3 13
4 4
5 106
6 96
7 57
8 8
9 29
10 80
8
drop 1 9426
drop 1 9432
drop 5 9423
pick 1 9453
pick 1 9456
pick 5 9404
pick 5 9405
pick 5 9452
10
1 41
2 42
3 102
4 101
5 55
6 86
7 67
8 101
9 19
10 70
9
drop 3 9434
drop 3 9454
drop 3 9455
drop 4 9449
drop 8 9448
pick 3 9428
pick 4 9439
pick 4 9458
pick 8 9442
10
1 31
2 32
3 13
4 4
5 45
6 76
7 77
8 8
9 9
10 60
0
10
1 21
2 22
3 3
4 14
5 35
6 66
7 87
8 18
9 101
10 50
5
drop 9 9401
drop 9 9402
drop 9 9410
drop 9 9425
pick 9 9450
10
1 11
2 12
3 101
4 24
5 25
6 56
7 97
8 28
9 9
10 40
2
drop 3 9428
pick 3 9457
10
1 1
2 2
3 3
4 34
5 15
6 46
7 110
8 38
9 19
10 30
2
drop 7 9431
pick 7 9430
10
1 101
2 101
3 13
4 44
5 5
6 36
7 97
8 48
9 29
10 103
8
drop 1 9453
drop 1 9456
drop 2 9445
drop 10 9443
pick 1 9462
pick 1 9466
pick 2 9467
pick 10 9436
10
1 1
2 2
3 102
4 54
5 101
6 26
7 87
8 58
9 39
10 30
5
drop 3 9457
drop 5 9404
drop 5 9405
drop 5 9452
pick 5 9469
10
1 11
2 12
3 13
4 64
5 5
6 103
7 77
8 68
9 49
10 40
2
drop 6 9414
pick 6 9447
10
1 21
2 22
3 23
4 74
5 15
6 26
7 67
8 107
9 59
10 50
2
drop 8 9442
pick 8 9365
10
1 31
2 103
3 103
4 84
5 25
6 36
7 57
8 68
9 106
10 60
6
drop 2 9467
drop 9 9450
pick 2 9451
pick 3 9441
pick 3 9459
pick 3 9460
10
1 41
2 22
3 23
4 109
5 35
6 104
7 47
8 78
9 59
10 70
6
drop 4 9439
drop 4 9458
drop 6 9447
pick 4 9474
pick 6 9437
pick 6 9473
10
1 51
2 32
3 13
4 84
5 45
6 36
7 37
8 88
9 69
10 107
8
drop 10 9436
pick 10 9409
pick 10 9411
pick 10 9429
pick 10 9440
pick 10 9461
pick 10 9464
pick 10 9472
10
1 61
2 42
3 3
4 74
5 105
6 26
7 104
8 98
9 107
10 70
4
drop 5 9469
drop 7 9430
pick 5 9468
pick 9 9372
10
1 71
2 52
3 101
4 64
5 45
6 16
7 37
8 110
9 69
10 60
7
drop 3 9441
drop 3 9459
drop 3 9460
drop 8 9365
pick 3 9470
pick 3 9480
pick 8 9438
10
1 108
2 106
3 3
4 54
5 35
6 6
7 27
8 98
9 59
10 50
5
drop 1 9462
drop 1 9466
drop 2 9451
pick 1 9463
pick 1 9482
9
1 71
3 13
4 44
5 25
6 101
7 103
8 88
9 49
10 40
4
drop 6 9437
drop 6 9473
pick 6 9471
pick 7 9465
9
1 61
3 23
4 34
5 15
6 6
7 27
8 109
9 105
10 30
5
drop 8 9438
drop 9 9372
pick 2 9489
pick 8 9485
pick 8 9488
10
1 51
2 52
3 33
4 24
5 5
6 16
7 37
8 88
9 49
10 20
0
10
1 41
2 42
3 104
4 103
5 101
6 26
7 47
8 78
9 59
10 10
5
drop 3 9470
drop 3 9480
drop 4 9474
drop 5 9468
pick 5 9475
10
1 31
2 32
3 33
4 24
5 5
6 36
7 57
8 68
9 69
10 101
8
drop 10 9409
drop 10 9411
drop 10 9429
drop 10 9440
drop 10 9461
drop 10 9464
drop 10 9472
pick 10 9476
10
1 21
2 22
3 23
4 14
5 15
6 46
7 67
8 58
9 107
10 10
2
pick 9 9486
pick 9 9494
10
1 11
2 12
3 103
4 102
5 25
6 56
7 77
8 48
9 69
10 20
3
pick 3 9496
pick 4 9478
pick 4 9491
10
1 1
2 2
3 23
4 14
5 35
6 66
7 108
8 38
9 59
10 30
2
drop 7 9465
pick 7 9493
10
1 101
2 101
3 13
4 4
5 45
6 76
7 77
8 28
9 49
10 103
6
drop 1 9463
drop 1 9482
drop 2 9489
drop 10 9476
pick 1 9479
pick 2 9481
10
1 1
2 2
3 3
4 101
5 55
6 86
7 67
8 18
9 39
10 30
5
drop 4 9478
drop 4 9491
pick 4 9484
pick 4 9498
pick 4 9500
10
1 11
2 12
3 101
4 4
5 65
6 96
7 57
8 8
9 29
10 20
3
drop 3 9496
pick 3 9487
pick 3 9495
10
1 102
2 22
3 3
4 14
5 75
6 110
7 47
8 101
9 19
10 10
10
drop 1 9479
drop 6 9471
drop 8 9485
drop 8 9488
pick 6 9444
pick 6 9477
pick 6 9502
pick 6 9504
pick 8 9497
pick 8 9503
10
1 11
2 32
3 13
4 24
5 85
6 96
7 37
8 8
9 9
10 101
1
pick 10 9483
10
1 1
2 42
3 23
4 34
5 109
6 86
7 27
8 18
9 101
10 10
5
drop 5 9475
drop 9 9486
drop 9 9494
pick 5 9490
pick 9 9499
10
1 101
2 52
3 33
4 44
5 85
6 76
7 17
8 28
9 9
10 20
1
pick 1 9492
10
1 1
2 62
3 43
4 54
5 75
6 66
7 7
8 38
9 19
10 30
0
10
1 11
2 72
3 53
4 106
5 65
6 56
7 101
8 104
9 29
10 40
8
drop 4 9484
drop 4 9498
drop 4 9500
drop 7 9493
drop 8 9497
drop 8 9503
pick 7 9501
pick 8 9515
10
1 21
2 108
3 63
4 54
5 55
6 46
7 7
8 38
9 39
10 50
2
drop 2 9481
pick 2 9508
10
1 31
2 72
3 107
4 64
5 45
6 36
7 17
8 28
9 49
10 60
3
drop 3 9487
drop 3 9495
pick 3 9514
10
1 41
2 62
3 63
4 107
5 35
6 26
7 27
8 18
9 59
10 106
2
drop 10 9483
pick 4 9513
9
1 51
2 52
3 53
4 64
5 25
6 16
7 37
8 102
9 69
1
drop 8 9515
8
1 61
2 42
3 43
4 54
5 15
6 6
7 47
9 79
0
8
1 71
2 105
3 33
4 44
5 5
6 101
7 57
9 89
12
drop 2 9508
drop 6 9444
drop 6 9477
drop 6 9502
drop 6 9504
pick 6 9505
pick 6 9506
pick 6 9511
pick 6 9512
pick 6 9521
pick 8 9525
pick 10 9523
9
1 81
3 23
4 34
5 101
6 6
7 67
8 18
9 99
10 60
2
drop 5 9490
pick 5 9507
9
1 91
3 13
4 24
5 5
6 16
7 77
8 8
9 110
10 50
2
drop 9 9499
pick 9 9446
9
1 110
3 3
4 14
5 15
6 26
7 87
8 101
9 99
10 40
6
drop 1 9492
drop 8 9525
pick 1 9526
pick 2 9529
pick 8 9516
pick 8 9518
10
1 91
2 42
3 101
4 4
5 25
6 36
7 109
8 8
9 89
10 30
5
drop 3 9514
drop 7 9501
pick 3 9519
pick 3 9528
pick 7 9510
10
1 81
2 32
3 3
4 101
5 103
6 46
7 87
8 18
9 79
10 20
6
drop 4 9513
drop 5 9507
pick 4 9522
pick 4 9527
pick 5 9509
pick 5 9517
10
1 71
2 22
3 13
4 4
5 25
6 105
7 77
8 28
9 69
10 10
6
drop 6 9505
drop 6 9506
drop 6 9511
drop 6 9512
drop 6 9521
pick 6 9538
10
1 61
2 12
3 102
4 14
5 15
6 46
7 67
8 38
9 59
10 101
5
drop 3 9519
drop 3 9528
drop 10 9523
pick 10 9524
pick 10 9530
9
1 51
2 2
4 24
5 5
6 36
7 57
8 48
9 106
10 10
2
drop 9 9446
pick 3 9541
10
1 41
2 101
3 13
4 34
5 101
6 26
7 47
8 58
9 59
10 20
6
drop 2 9529
drop 5 9509
drop 5 9517
pick 2 9531
pick 5 9539
pick 5 9540
10
1 31
2 2
3 23
4 44
5 5
6 16
7 37
8 68
9 69
10 30
0
10
1 21
2 12
3 33
4 54
5 15
6 6
7 27
8 107
9 107
10 40
3
drop 8 9516
drop 8 9518
pick 9 9533
10
1 11
2 22
3 43
4 64
5 25
6 101
7 17
8 68
9 69
10 50
2
drop 6 9538
pick 6 9542
10
1 1
2 32
3 53
4 74
5 35
6 6
7 7
8 78
9 59
10 60
0
10
1 101
2 42
3 106
4 84
5 45
6 16
7 101
8 108
9 49
10 70
10
drop 1 9526
drop 3 9541
drop 7 9510
pick 1 9544
pick 3 9546
pick 3 9553
pick 7 9545
pick 8 9536
pick 8 9537
pick 8 9543
10
1 1
2 105
3 53
4 94
5 55
6 26
7 7
8 78
9 39
10 80
2
drop 2 9531
pick 2 9548
10
1 11
2 42
3 43
4 110
5 65
6 36
7 17
8 68
9 29
10 90
4
drop 4 9522
drop 4 9527
pick 4 9535
pick 4 9559
10
1 102
2 32
3 33
4 94
5 107
6 46
7 27
8 58
9 19
10 109
8
drop 1 9544
drop 5 9539
drop 5 9540
drop 10 9524
drop 10 9530
pick 1 9555
pick 5 9561
pick 10 9520
10
1 11
2 22
3 23
4 84
5 65
6 56
7 37
8 48
9 9
10 90
0
10
1 21
2 12
3 13
4 74
5 55
6 66
7 47
8 38
9 101
10 80
2
drop 9 9533
pick 9 9547
10
1 31
2 2
3 3
4 64
5 45
6 76
7 57
8 28
9 9
10 70
0
10
1 41
2 101
3 101
4 54
5 35
6 108
7 67
8 18
9 19
10 60
8
drop 2 9548
drop 3 9546
drop 3 9553
drop 6 9542
pick 2 9550
pick 2 9560
pick 3 9551
pick 6 9566
10
1 51
2 2
3 3
4 44
5 104
6 76
7 77
8 8
9 29
10 50
4
drop 5 9561
pick 5 9532
pick 5 9534
pick 5 9549
10
1 61
2 12
3 13
4 34
5 35
6 66
7 87
8 101
9 103
10 40
11
drop 8 9536
drop 8 9537
drop 8 9543
drop 9 9547
pick 8 9552
pick 8 9556
pick 8 9565
pick 9 9558
pick 9 9568
pick 9 9572
pick 9 9576
10
1 71
2 22
3 23
4 24
5 25
6 56
7 97
8 8
9 29
10 104
1
drop 10 9520
10
1 81
2 32
3 33
4 14
5 15
6 46
7 110
8 18
9 19
10 40
1
drop 7 9545
10
1 109
2 42
3 43
4 4
5 5
6 36
7 97
8 28
9 9
10 30
1
drop 1 9555
9
2 52
3 105
4 101
5 101
6 26
7 87
8 38
9 101
10 103
20
drop 3 9551
drop 4 9535
drop 4 9559
drop 5 9532
drop 5 9534
drop 5 9549
drop 9 9558
drop 9 9568
drop 9 9572
drop 9 9576
pick 4 9554
pick 4 9557
pick 4 9564
pick 4 9569
pick 4 9570
pick 4 9574
pick 5 9563
pick 9 9573
pick 9 9577
pick 10 9581
9
2 62
3 43
4 4
5 5
6 16
7 77
8 104
9 9
10 30
3
drop 8 9552
drop 8 9556
drop 8 9565
9
2 72
3 53
4 14
5 15
6 6
7 108
8 38
9 19
10 20
2
pick 1 9583
pick 7 9580
10
1 81
2 108
3 106
4 24
5 102
6 101
7 77
8 28
9 29
10 10
12
drop 2 9550
drop 2 9560
drop 5 9563
drop 6 9566
pick 2 9588
pick 2 9589
pick 3 9567
pick 3 9582
pick 3 9586
pick 5 9562
pick 5 9571
pick 6 9575
10
1 71
2 72
3 53
4 34
5 15
6 6
7 67
8 103
9 39
10 101
4
drop 10 9581
pick 8 9587
pick 10 9579
pick 10 9590
10
1 61
2 62
3 43
4 44
5 5
6 16
7 57
8 28
9 49
10 10
0
10
1 51
2 52
3 33
4 54
5 101
6 26
7 47
8 18
9 105
10 20
5
drop 5 9562
drop 5 9571
drop 9 9573
drop 9 9577
pick 5 9591
9
1 41
2 42
3 23
4 106
5 5
6 36
7 37
8 8
10 30
7
drop 4 9554
drop 4 9557
drop 4 9564
drop 4 9569
drop 4 9570
drop 4 9574
pick 4 9592
9
1 31
2 32
3 13
4 54
5 15
6 46
7 27
8 101
10 40
3
drop 8 9587
pick 8 9593
pick 9 9601
10
1 104
2 22
3 3
4 44
5 25
6 56
7 17
8 8
9 49
10 104
4
drop 1 9583
drop 10 9579
drop 10 9590
pick 1 9598
10
1 31
2 12
3 101
4 34
5 35
6 66
7 7
8 18
9 39
10 40
5
drop 3 9567
drop 3 9582
drop 3 9586
pick 3 9597
pick 3 9605
10
1 21
2 2
3 3
4 24
5 45
6 76
7 101
8 28
9 29
10 30
3
drop 7 9580
pick 7 9600
pick 7 9607
10
1 11
2 101
3 13
4 14
5 105
6 86
7 7
8 103
9 19
10 103
6
drop 2 9588
drop 2 9589
drop 5 9591
drop 8 9593
pick 2 9608
pick 10 9603
10
1 1
2 2
3 23
4 4
5 45
6 96
7 17
8 28
9 9
10 30
0
10
1 101
2 12
3 33
4 101
5 55
6 110
7 27
8 18
9 101
10 20
8
drop 1 9598
drop 4 9592
drop 6 9575
drop 9 9601
pick 1 9614
pick 4 9615
pick 6 9585
pick 9 9617
10
1 1
2 22
3 43
4 4
5 106
6 96
7 37
8 102
9 9
10 10
4
pick 5 9609
pick 8 9602
pick 8 9604
pick 8 9611
10
1 11
2 32
3 53
4 14
5 55
6 86
7 47
8 18
9 19
10 101
2
drop 10 9603
pick 10 9618
10
1 21
2 42
3 63
4 24
5 45
6 76
7 57
8 8
9 29
10 10
0
10
1 103
2 52
3 73
4 34
5 35
6 66
7 106
8 101
9 39
10 20
8
drop 1 9614
drop 7 9600
drop 7 9607
drop 8 9602
drop 8 9604
drop 8 9611
pick 1 9620
pick 8 9623
10
1 21
2 62
3 83
4 44
5 25
6 107
7 57
8 8
9 49
10 30
2
drop 6 9585
pick 6 9610
10
1 11
2 107
3 93
4 105
5 103
6 66
7 67
8 18
9 59
10 40
4
drop 2 9608
drop 4 9615
drop 5 9609
pick 4 9622
10
1 1
2 62
3 110
4 44
5 25
6 56
7 107
8 102
9 69
10 50
7
drop 3 9597
drop 3 9605
drop 8 9623
pick 3 9594
pick 3 9613
pick 7 9578
pick 8 9621
10
1 101
2 72
3 93
4 34
5 15
6 46
7 67
8 18
9 79
10 60
2
drop 1 9620
pick 1 9624
10
1 1
2 108
3 83
4 24
5 102
6 36
7 57
8 28
9 89
10 70
2
pick 2 9599
pick 5 9612
10
1 11
2 72
3 73
4 14
5 15
6 26
7 47
8 38
9 99
10 80
0
10
1 21
2 62
3 63
4 4
5 25
6 16
7 37
8 48
9 110
10 90
2
drop 9 9617
pick 9 9616
10
1 31
2 52
3 53
4 101
5 35
6 6
7 27
8 58
9 99
10 109
10
drop 4 9622
drop 10 9618
pick 4 9628
pick 4 9631
pick 4 9633
pick 4 9636
pick 10 9584
pick 10 9595
pick 10 9606
pick 10 9635
10
1 41
2 42
3 43
4 4
5 45
6 101
7 103
8 106
9 89
10 90
5
drop 6 9610
drop 7 9578
drop 8 9621
pick 6 9629
pick 8 9630
9
1 51
2 32
3 33
4 14
5 55
6 6
8 58
9 109
10 80
2
drop 9 9616
pick 9 9596
9
1 61
2 22
3 23
4 24
5 65
6 16
8 48
9 89
10 70
1
pick 7 9643
10
1 71
2 12
3 13
4 34
5 75
6 26
7 27
8 38
9 79
10 60
0
10
1 81
2 2
3 3
4 44
5 85
6 36
7 17
8 28
9 69
10 50
0
10
1 109
2 101
3 101
4 54
5 95
6 46
7 7
8 18
9 59
10 40
9
drop 1 9624
drop 2 9599
drop 3 9594
drop 3 9613
pick 1 9645
pick 1 9648
pick 2 9641
pick 2 9649
pick 3 9642
10
1 81
2 2
3 3
4 64
5 110
6 56
7 101
8 8
9 49
10 30
4
drop 5 9612
drop 7 9643
pick 7 9647
pick 7 9653
10
1 71
2 12
3 13
4 107
5 95
6 66
7 7
8 101
9 105
10 20
10
drop 4 9628
drop 4 9631
drop 4 9633
drop 4 9636
drop 8 9630
drop 9 9596
pick 4 9638
pick 8 9654
pick 9 9627
pick 9 9637
10
1 61
2 22
3 23
4 64
5 85
6 76
7 17
8 8
9 49
10 10
0
10
1 51
2 32
3 33
4 54
5 109
6 86
7 27
8 18
9 39
10 101
6
drop 10 9584
drop 10 9595
drop 10 9606
drop 10 9635
pick 5 9657
pick 10 9655
10
1 41
2 42
3 43
4 44
5 85
6 96
7 37
8 28
9 29
10 10
0
10
1 31
2 105
3 53
4 34
5 75
6 110
7 47
8 38
9 19
10 20
4
drop 2 9641
drop 2 9649
drop 6 9629
pick 2 9652
9
1 21
2 42
3 63
4 24
5 108
7 57
8 48
9 9
10 30
3
drop 5 9657
pick 5 9626
pick 6 9669
10
1 11
2 52
3 73
4 14
5 75
6 96
7 67
8 58
9 101
10 40
3
drop 9 9627
drop 9 9637
pick 9 9656
10
1 1
2 62
3 108
4 4
5 65
6 86
7 107
8 68
9 9
10 50
5
drop 3 9642
drop 7 9647
drop 7 9653
pick 3 9659
pick 7 9666
10
1 101
2 72
3 73
4 101
5 55
6 76
7 67
8 78
9 19
10 60
9
drop 1 9645
drop 1 9648
drop 4 9638
pick 1 9658
pick 1 9661
pick 1 9662
pick 1 9665
pick 1 9670
pick 4 9660
10
1 1
2 82
3 63
4 4
5 45
6 66
7 57
8 88
9 29
10 70
0
10
1 11
2 92
3 53
4 14
5 35
6 56
7 47
8 109
9 39
10 80
3
drop 8 9654
pick 8 9663
pick 8 9671
10
1 21
2 110
3 43
4 24
5 104
6 46
7 37
8 88
9 104
10 108
10
drop 2 9652
drop 5 9626
drop 9 9656
drop 10 9655
pick 5 9619
pick 5 9639
pick 5 9640
pick 5 9644
pick 5 9679
pick 9 9625
10
1 31
2 92
3 33
4 34
5 35
6 36
7 27
8 78
9 39
10 80
0
10
1 41
2 82
3 23
4 44
5 25
6 26
7 17
8 68
9 29
10 70
0
10
1 105
2 72
3 13
4 54
5 15
6 16
7 7
8 58
9 19
10 60
8
drop 1 9658
drop 1 9661
drop 1 9662
drop 1 9665
drop 1 9670
pick 1 9667
pick 1 9672
pick 1 9681
10
1 41
2 62
3 3
4 106
5 5
6 6
7 101
8 48
9 102
10 106
6
drop 4 9660
drop 7 9666
drop 9 9625
pick 7 9668
pick 9 9682
pick 10 9646
10
1 31
2 107
3 101
4 54
5 101
6 101
7 7
8 38
9 19
10 60
16
drop 3 9659
drop 5 9619
drop 5 9639
drop 5 9640
drop 5 9644
drop 5 9679
drop 6 9669
pick 2 9689
pick 3 9673
pick 3 9676
pick 3 9684
pick 5 9674
pick 5 9677
pick 5 9692
pick 6 9675
pick 6 9683
10
1 21
2 62
3 3
4 44
5 5
6 6
7 17
8 28
9 29
10 50
0
10
1 11
2 52
3 13
4 34
5 15
6 16
7 27
8 18
9 39
10 40
0
10
1 1
2 42
3 23
4 104
5 25
6 26
7 103
8 8
9 49
10 30
3
drop 7 9668
pick 4 9632
pick 7 9651
10
1 101
2 32
3 33
4 34
5 35
6 36
7 27
8 101
9 59
10 20
11
drop 1 9667
drop 1 9672
drop 1 9681
drop 8 9663
drop 8 9671
pick 1 9678
pick 8 9680
pick 8 9686
pick 8 9688
pick 8 9691
pick 8 9702
10
1 1
2 104
3 104
4 44
5 45
6 46
7 37
8 8
9 69
10 10
6
drop 2 9689
drop 3 9673
drop 3 9676
drop 3 9684
pick 2 9634
pick 3 9650
10
1 11
2 32
3 33
4 54
5 55
6 56
7 47
8 18
9 79
10 101
2
drop 10 9646
pick 10 9685
10
1 21
2 22
3 43
4 64
5 65
6 66
7 57
8 28
9 108
10 10
1
drop 9 9682
10
1 31
2 103
3 53
4 107
5 107
6 76
7 67
8 38
9 79
10 20
7
drop 2 9634
drop 4 9632
drop 5 9674
drop 5 9677
drop 5 9692
pick 2 9664
pick 2 9704
10
1 41
2 22
3 63
4 64
5 65
6 108
7 77
8 48
9 89
10 102
4
drop 6 9675
drop 6 9683
drop 10 9685
pick 10 9700
10
1 51
2 12
3 73
4 74
5 75
6 76
7 87
8 105
9 109
10 20
6
drop 8 9680
drop 8 9686
drop 8 9688
drop 8 9691
drop 8 9702
pick 9 9698
10
1 61
2 2
3 83
4 84
5 85
6 86
7 109
8 48
9 89
10 10
1
drop 7 9651
10
1 71
2 101
3 109
4 109
5 109
6 109
7 87
8 38
9 79
10 101
11
drop 2 9664
drop 2 9704
drop 3 9650
drop 10 9700
pick 2 9690
pick 2 9695
pick 4 9708
pick 5 9709
pick 6 9710
pick 10 9699
pick 10 9716
10
1 81
2 2
3 83
4 84
5 85
6 86
7 97
8 104
9 69
10 10
1
pick 8 9687
10
1 109
2 12
3 93
4 74
5 75
6 76
7 110
8 38
9 59
10 20
4
drop 1 9678
pick 7 9693
pick 7 9711
pick 7 9718
9
2 22
3 110
4 64
5 65
6 66
7 97
8 28
9 49
10 30
1
pick 3 9697
9
2 32
3 93
4 54
5 55
6 56
7 87
8 18
9 39
10 40
1
pick 1 9730
10
1 81
2 42
3 83
4 44
5 45
6 46
7 77
8 102
9 29
10 50
2
drop 8 9687
pick 8 9722
10
1 71
2 52
3 73
4 34
5 35
6 36
7 67
8 18
9 19
10 60
0
10
1 61
2 62
3 63
4 24
5 25
6 26
7 57
8 28
9 9
10 106
3
drop 10 9699
drop 10 9716
pick 10 9720
10
1 51
2 72
3 53
4 14
5 15
6 16
7 47
8 38
9 101
10 60
6
drop 9 9698
pick 9 9701
pick 9 9706
pick 9 9712
pick 9 9724
pick 9 9726
10
1 41
2 82
3 43
4 4
5 5
6 102
7 37
8 48
9 9
10 70
1
drop 6 9710
9
1 31
2 92
3 33
4 101
5 101
7 27
8 58
9 19
10 80
8
drop 4 9708
drop 5 9709
pick 4 9703
pick 4 9721
pick 5 9705
pick 5 9723
pick 5 9728
pick 5 9732
9
1 21
2 110
3 23
4 4
5 5
7 17
8 106
9 29
10 90
6
drop 2 9690
drop 2 9695
drop 8 9722
pick 2 9733
pick 2 9736
pick 6 9740
10
1 11
2 92
3 13
4 14
5 15
6 16
7 7
8 58
9 39
10 109
1
drop 10 9720
10
1 1
2 82
3 3
4 24
5 25
6 26
7 101
8 68
9 104
10 90
10
drop 7 9693
drop 7 9711
drop 7 9718
drop 9 9701
drop 9 9706
drop 9 9712
drop 9 9724
drop 9 9726
pick 7 9707
pick 9 9696
10
1 101
2 72
3 101
4 103
5 35
6 36
7 7
8 107
9 39
10 80
13
drop 1 9730
drop 3 9697
drop 4 9703
drop 4 9721
pick 1 9713
pick 1 9715
pick 1 9738
pick 3 9714
pick 3 9725
pick 3 9729
pick 3 9731
pick 4 9694
pick 8 9741
10
1 1
2 62
3 3
4 24
5 45
6 46
7 17
8 68
9 29
10 108
1
pick 10 9717
10
1 11
2 52
3 13
4 34
5 55
6 56
7 27
8 58
9 19
10 80
0
10
1 21
2 42
3 102
4 104
5 65
6 66
7 37
8 48
9 9
10 70
6
drop 3 9714
drop 3 9725
drop 3 9729
drop 3 9731
drop 4 9694
pick 3 9751
10
1 31
2 32
3 13
4 34
5 75
6 76
7 47
8 38
9 101
10 107
8
drop 9 9696
drop 10 9717
pick 9 9734
pick 9 9735
pick 9 9737
pick 9 9739
pick 9 9750
pick 10 9742
10
1 41
2 22
3 3
4 24
5 85
6 108
7 57
8 28
9 9
10 70
2
drop 6 9740
pick 6 9727
10
1 51
2 12
3 101
4 103
5 109
6 76
7 67
8 18
9 19
10 60
10
drop 3 9751
drop 5 9705
drop 5 9723
drop 5 9728
drop 5 9732
pick 3 9743
pick 3 9746
pick 3 9748
pick 3 9749
pick 4 9719
10
1 61
2 2
3 3
4 24
5 85
6 66
7 77
8 8
9 29
10 106
1
drop 10 9742
10
1 107
2 101
3 13
4 14
5 95
6 56
7 108
8 101
9 39
10 60
12
drop 1 9713
drop 1 9715
drop 1 9738
drop 2 9733
drop 2 9736
drop 7 9707
drop 8 9741
pick 2 9744
pick 2 9768
pick 7 9758
pick 8 9752
pick 8 9756
9
2 2
3 23
4 102
5 110
6 46
7 77
8 8
9 49
10 50
4
drop 4 9719
pick 1 9769
pick 4 9759
pick 5 9745
10
1 61
2 12
3 33
4 14
5 95
6 105
7 87
8 18
9 59
10 105
2
drop 6 9727
pick 10 9767
10
1 51
2 22
3 43
4 24
5 85
6 46
7 97
8 28
9 106
10 50
5
drop 9 9734
drop 9 9735
drop 9 9737
drop 9 9739
drop 9 9750
10
1 41
2 103
3 53
4 34
5 75
6 36
7 110
8 38
9 59
10 40
8
drop 2 9744
drop 2 9768
drop 7 9758
pick 2 9755
pick 2 9765
pick 7 9747
pick 7 9753
pick 7 9770
10
1 31
2 22
3 63
4 44
5 65
6 104
7 97
8 48
9 49
10 30
1
pick 6 9764
10
1 21
2 12
3 73
4 54
5 107
6 36
7 87
8 105
9 105
10 20
4
drop 5 9745
drop 8 9752
drop 8 9756
pick 9 9780
10
1 11
2 2
3 83
4 64
5 65
6 46
7 77
8 48
9 49
10 10
0
10
1 1
2 101
3 93
4 74
5 75
6 56
7 67
8 38
9 39
10 101
6
drop 2 9755
drop 2 9765
drop 10 9767
pick 2 9754
pick 10 9757
pick 10 9779
10
1 101
2 2
3 110
4 84
5 108
6 66
7 57
8 104
9 29
10 10
10
drop 1 9769
drop 3 9743
drop 3 9746
drop 3 9748
drop 3 9749
pick 1 9763
pick 1 9783
pick 3 9761
pick 5 9760
pick 8 9784
10
1 1
2 12
3 93
4 94
5 75
6 107
7 47
8 38
9 19
10 20
2
drop 6 9764
pick 6 9786
10
1 11
2 102
3 83
4 110
5 65
6 66
7 37
8 28
9 9
10 30
6
drop 2 9754
drop 4 9759
pick 2 9762
pick 2 9772
pick 2 9788
pick 4 9782
10
1 21
2 12
3 73
4 94
5 55
6 56
7 27
8 18
9 101
10 40
3
drop 9 9780
pick 9 9771
pick 9 9781
10
1 31
2 2
3 108
4 84
5 45
6 46
7 17
8 8
9 9
10 50
2
drop 3 9761
pick 3 9791
10
1 41
2 101
3 73
4 74
5 35
6 36
7 7
8 101
9 19
10 60
8
drop 2 9762
drop 2 9772
drop 2 9788
drop 8 9784
pick 2 9773
pick 2 9777
pick 2 9785
pick 8 9774
10
1 51
2 2
3 63
4 64
5 25
6 26
7 101
8 8
9 29
10 70
6
drop 7 9747
drop 7 9753
drop 7 9770
pick 7 9776
pick 7 9778
pick 7 9792
10
1 106
2 12
3 53
4 54
5 15
6 16
7 7
8 18
9 39
10 80
2
drop 1 9763
drop 1 9783
10
1 51
2 22
3 43
4 44
5 5
6 6
7 17
8 28
9 49
10 108
2
drop 10 9757
drop 10 9779
9
1 61
2 32
3 33
4 34
5 101
6 101
7 27
8 103
9 59
6
drop 5 9760
drop 6 9786
drop 8 9774
pick 5 9795
pick 6 9796
pick 8 9766
9
1 107
2 42
3 23
4 24
5 5
6 6
7 37
8 28
9 69
2
pick 1 9789
pick 10 9800
10
1 61
2 52
3 13
4 103
5 15
6 16
7 47
8 38
9 79
10 80
1
drop 4 9782
10
1 51
2 62
3 3
4 24
5 25
6 26
7 105
8 48
9 89
10 70
4
drop 7 9776
drop 7 9778
drop 7 9792
pick 7 9793
10
1 41
2 107
3 101
4 34
5 35
6 36
7 47
8 58
9 109
10 60
10
drop 2 9773
drop 2 9777
drop 2 9785
drop 3 9791
drop 9 9771
drop 9 9781
pick 3 9797
pick 9 9775
pick 9 9790
pick 9 9799
9
1 31
3 3
4 104
5 45
6 46
7 37
8 68
9 89
10 50
2
pick 4 9787
pick 4 9801
9
1 21
3 13
4 34
5 55
6 56
7 27
8 107
9 79
10 105
2
drop 8 9766
drop 10 9800
8
1 11
3 23
4 24
5 106
6 66
7 17
8 68
9 69
2
drop 5 9795
pick 2 9813
9
1 1
2 62
3 103
4 14
5 55
6 76
7 7
8 78
9 59
2
drop 3 9797
pick 10 9814
10
1 101
2 72
3 23
4 4
5 65
6 108
7 101
8 88
9 49
10 50
6
drop 1 9789
drop 6 9796
drop 7 9793
pick 1 9802
pick 7 9804
pick 7 9815
9
1 1
2 108
3 13
4 101
5 75
7 7
8 109
9 39
10 40
6
drop 2 9813
drop 4 9787
drop 4 9801
pick 4 9806
pick 4 9817
pick 8 9809
9
1 11
2 72
3 102
4 4
5 108
7 17
8 88
9 29
10 30
3
pick 3 9794
pick 5 9818
pick 6 9824
10
1 21
2 82
3 13
4 14
5 75
6 76
7 27
8 78
9 19
10 20
0
10
1 31
2 109
3 23
4 24
5 65
6 66
7 37
8 68
9 9
10 10
1
pick 2 9816
10
1 41
2 82
3 33
4 34
5 55
6 56
7 104
8 107
9 101
10 101
13
drop 7 9804
drop 7 9815
drop 8 9809
drop 9 9775
drop 9 9790
drop 9 9799
drop 10 9814
pick 7 9819
pick 9 9807
pick 10 9810
pick 10 9811
pick 10 9825
pick 10 9827
10
1 51
2 72
3 43
4 44
5 45
6 46
7 37
8 68
9 9
10 10
0
10
1 61
2 62
3 105
4 54
5 35
6 36
7 27
8 58
9 19
10 20
1
drop 3 9794
10
1 71
2 52
3 43
4 64
5 25
6 26
7 17
8 106
9 29
10 30
2
pick 8 9821
pick 8 9835
10
1 108
2 42
3 53
4 74
5 15
6 16
7 102
8 58
9 39
10 40
4
drop 1 9802
drop 7 9819
pick 7 9803
pick 7 9834
10
1 71
2 32
3 106
4 84
5 5
6 6
7 17
8 68
9 49
10 50
1
pick 3 9826
10
1 61
2 22
3 53
4 109
5 101
6 101
7 7
8 78
9 59
10 105
12
drop 4 9806
drop 4 9817
drop 5 9818
drop 6 9824
drop 10 9810
drop 10 9811
drop 10 9825
drop 10 9827
pick 5 9812
pick 5 9820
pick 6 9823
pick 10 9838
10
1 107
2 12
3 63
4 84
5 5
6 6
7 101
8 88
9 69
10 50
6
drop 7 9803
drop 7 9834
pick 1 9836
pick 7 9832
pick 7 9833
pick 7 9837
10
1 61
2 2
3 73
4 94
5 15
6 16
7 7
8 109
9 79
10 60
2
drop 8 9821
drop 8 9835
10
1 51
2 101
3 108
4 110
5 25
6 26
7 17
8 88
9 89
10 106
7
drop 2 9816
drop 3 9826
drop 10 9838
pick 2 9839
pick 4 9798
pick 10 9831
pick 10 9840
10
1 41
2 2
3 73
4 94
5 103
6 36
7 27
8 78
9 99
10 60
4
drop 5 9812
drop 5 9820
pick 5 9822
pick 5 9829
10
1 31
2 12
3 63
4 84
5 25
6 104
7 37
8 108
9 110
10 50
7
drop 6 9823
drop 9 9807
pick 6 9828
pick 6 9830
pick 6 9846
pick 6 9847
pick 8 9842
10
1 21
2 22
3 107
4 74
5 15
6 36
7 47
8 78
9 99
10 40
1
pick 3 9851
10
1 11
2 32
3 63
4 64
5 5
6 26
7 57
8 68
9 89
10 30
0
10
1 102
2 42
3 53
4 54
5 101
6 16
7 67
8 58
9 79
10 20
5
drop 1 9836
drop 5 9822
drop 5 9829
pick 1 9805
pick 5 9841
10
1 11
2 52
3 43
4 44
5 5
6 6
7 77
8 48
9 108
10 10
2
pick 9 9855
pick 9 9857
10
1 21
2 62
3 33
4 34
5 15
6 101
7 108
8 38
9 79
10 101
14
drop 6 9828
drop 6 9830
drop 6 9846
drop 6 9847
drop 7 9832
drop 7 9833
drop 7 9837
drop 10 9831
drop 10 9840
pick 6 9843
pick 6 9845
pick 6 9853
pick 10 9844
pick 10 9858
9
1 103
2 72
3 23
4 24
5 25
6 6
8 28
9 69
10 10
3
drop 1 9805
pick 1 9854
pick 1 9860
9
1 21
2 82
3 13
4 14
5 35
6 16
8 18
9 59
10 20
1
pick 7 9863
10
1 11
2 92
3 3
4 4
5 45
6 26
7 77
8 8
9 49
10 30
0
10
1 1
2 110
3 101
4 101
5 105
6 36
7 67
8 101
9 39
10 40
10
drop 2 9839
drop 3 9851
drop 4 9798
drop 5 9841
drop 8 9842
pick 2 9859
pick 3 9850
pick 4 9865
pick 5 9849
pick 8 9866
10
1 101
2 92
3 3
4 4
5 45
6 46
7 57
8 8
9 29
10 50
2
drop 1 9854
drop 1 9860
10
1 1
2 82
3 13
4 14
5 35
6 56
7 47
8 18
9 19
10 60
0
10
1 11
2 72
3 23
4 24
5 25
6 66
7 37
8 28
9 9
10 70
0
10
1 102
2 62
3 103
4 34
5 103
6 76
7 27
8 38
9 101
10 107
9
drop 3 9850
drop 5 9849
drop 9 9855
drop 9 9857
drop 10 9844
drop 10 9858
pick 1 9808
pick 3 9856
pick 10 9862
8
1 11
2 52
3 23
4 44
6 108
7 17
8 48
10 70
5
drop 6 9843
drop 6 9845
drop 6 9853
pick 9 9871
pick 9 9872
8
1 21
2 42
3 33
4 105
7 7
8 58
9 9
10 60
3
drop 4 9865
pick 5 9876
pick 6 9874
10
1 31
2 32
3 43
4 44
5 25
6 76
7 101
8 68
9 19
10 50
2
drop 7 9863
pick 7 9878
10
1 41
2 22
3 53
4 54
5 15
6 66
7 7
8 78
9 29
10 40
0
10
1 51
2 12
3 63
4 106
5 5
6 56
7 17
8 88
9 39
10 30
1
pick 4 9848
10
1 61
2 2
3 73
4 54
5 101
6 46
7 27
8 98
9 49
10 20
2
drop 5 9876
pick 5 9879
10
1 71
2 101
3 83
4 44
5 5
6 36
7 103
8 110
9 59
10 10
6
drop 2 9859
drop 7 9878
drop 8 9866
pick 2 9881
pick 7 9882
pick 8 9870
10
1 108
2 2
3 93
4 34
5 15
6 104
7 27
8 98
9 106
10 101
7
drop 1 9808
drop 6 9874
drop 9 9871
drop 9 9872
drop 10 9862
pick 9 9869
pick 10 9883
10
1 71
2 12
3 110
4 24
5 25
6 36
7 17
8 88
9 59
10 10
1
drop 3 9856
9
1 81
2 22
4 14
5 35
6 46
7 7
8 78
9 69
10 20
0
9
1 109
2 32
4 4
5 45
6 105
7 101
8 68
9 79
10 30
9
drop 7 9882
pick 1 9864
pick 1 9867
pick 1 9868
pick 1 9873
pick 3 9892
pick 6 9891
pick 7 9884
pick 7 9888
10
1 81
2 42
3 93
4 101
5 55
6 46
7 7
8 58
9 89
10 40
2
drop 4 9848
pick 4 9885
10
1 71
2 52
3 83
4 4
5 65
6 36
7 17
8 48
9 99
10 50
0
10
1 61
2 62
3 73
4 14
5 75
6 26
7 102
8 38
9 110
10 60
6
drop 7 9884
drop 7 9888
drop 9 9869
pick 7 9852
pick 7 9861
pick 9 9902
10
1 51
2 107
3 63
4 24
5 85
6 16
7 17
8 28
9 99
10 70
4
drop 2 9881
pick 2 9877
pick 2 9890
pick 2 9900
10
1 41
2 62
3 53
4 34
5 109
6 102
7 27
8 18
9 89
10 80
6
drop 5 9879
drop 6 9891
pick 6 9875
pick 6 9893
pick 6 9904
pick 6 9909
10
1 31
2 52
3 43
4 104
5 85
6 16
7 37
8 8
9 79
10 108
3
drop 4 9885
drop 10 9883
pick 4 9908
10
1 21
2 42
3 33
4 34
5 75
6 6
7 104
8 101
9 69
10 80
5
drop 7 9852
drop 7 9861
drop 8 9870
pick 8 9886
pick 8 9898
9
1 11
2 32
3 23
4 44
5 108
6 101
8 8
9 59
10 70
7
drop 6 9875
drop 6 9893
drop 6 9904
drop 6 9909
pick 5 9896
pick 6 9887
pick 7 9918
10
1 1
2 22
3 13
4 54
5 75
6 6
7 37
8 18
9 49
10 107
1
pick 10 9919
10
1 101
2 12
3 3
4 64
5 65
6 16
7 27
8 28
9 39
10 70
6
drop 1 9864
drop 1 9867
drop 1 9868
drop 1 9873
pick 1 9889
pick 1 9905
10
1 1
2 2
3 101
4 74
5 55
6 26
7 17
8 38
9 29
10 60
2
drop 3 9892
pick 3 9895
10
1 11
2 101
3 3
4 84
5 45
6 103
7 7
8 48
9 19
10 50
7
drop 2 9877
drop 2 9890
drop 2 9900
drop 6 9887
pick 2 9899
pick 2 9912
pick 6 9913
10
1 21
2 2
3 13
4 94
5 35
6 26
7 101
8 58
9 9
10 40
5
drop 7 9918
pick 7 9901
pick 7 9906
pick 7 9910
pick 7 9920
10
1 31
2 12
3 23
4 110
5 25
6 36
7 7
8 106
9 101
10 30
9
drop 4 9908
drop 8 9886
drop 8 9898
drop 9 9902
pick 4 9917
pick 8 9916
pick 9 9903
pick 9 9907
pick 9 9915
10
1 41
2 22
3 33
4 94
5 15
6 46
7 17
8 58
9 9
10 20
0
10
1 51
2 32
3 43
4 84
5 102
6 56
7 102
8 48
9 19
10 10
8
drop 5 9896
drop 7 9901
drop 7 9906
drop 7 9910
drop 7 9920
pick 5 9880
pick 7 9923
pick 7 9932
10
1 61
2 42
3 105
4 74
5 15
6 66
7 17
8 38
9 29
10 101
7
drop 3 9895
drop 10 9919
pick 3 9894
pick 10 9911
pick 10 9914
pick 10 9930
pick 10 9934
10
1 71
2 52
3 43
4 64
5 25
6 76
7 7
8 28
9 39
10 10
0
10
1 81
2 62
3 53
4 54
5 35
6 86
7 101
8 18
9 49
10 20
4
drop 7 9923
drop 7 9932
pick 7 9921
pick 7 9935
10
1 109
2 72
3 63
4 44
5 45
6 96
7 7
8 8
9 59
10 30
6
drop 1 9889
drop 1 9905
pick 1 9922
pick 1 9925
pick 1 9928
pick 1 9936
10
1 81
2 108
3 73
4 34
5 105
6 110
7 17
8 101
9 69
10 40
9
drop 2 9899
drop 2 9912
drop 5 9880
drop 6 9913
drop 8 9916
pick 2 9937
pick 5 9897
pick 8 9927
pick 8 9941
10
1 71
2 72
3 83
4 24
5 45
6 96
7 27
8 8
9 79
10 104
6
drop 10 9911
drop 10 9914
drop 10 9930
drop 10 9934
pick 10 9929
pick 10 9933
10
1 61
2 82
3 109
4 14
5 35
6 86
7 37
8 18
9 89
10 40
1
drop 3 9894
10
1 51
2 109
3 83
4 4
5 25
6 109
7 47
8 28
9 99
10 30
2
drop 2 9937
pick 6 9944
10
1 41
2 82
3 93
4 101
5 15
6 86
7 57
8 38
9 110
10 20
5
drop 4 9917
drop 9 9903
drop 9 9907
drop 9 9915
pick 4 9940
10
1 31
2 72
3 110
4 4
5 5
6 76
7 106
8 48
9 99
10 10
5
drop 7 9921
drop 7 9935
pick 3 9953
pick 7 9942
pick 7 9946
10
1 21
2 108
3 93
4 14
5 101
6 66
7 57
8 58
9 89
10 101
7
drop 5 9897
drop 10 9929
drop 10 9933
pick 2 9956
pick 5 9943
pick 10 9945
pick 10 9955
10
1 11
2 72
3 83
4 24
5 5
6 56
7 47
8 68
9 79
10 10
0
10
1 1
2 62
3 73
4 34
5 15
6 46
7 37
8 78
9 69
10 20
0
10
1 101
2 52
3 63
4 104
5 102
6 36
7 27
8 88
9 107
10 30
10
drop 1 9922
drop 1 9925
drop 1 9928
drop 1 9936
drop 4 9940
drop 5 9943
pick 1 9948
pick 4 9962
pick 5 9931
pick 9 9926
10
1 1
2 42
3 53
4 34
5 15
6 26
7 17
8 109
9 69
10 40
2
drop 8 9927
drop 8 9941
10
1 11
2 32
3 43
4 24
5 25
6 16
7 7
8 88
9 59
10 50
0
10
1 21
2 22
3 33
4 14
5 35
6 102
7 101
8 78
9 49
10 105
11
drop 6 9944
drop 7 9942
drop 7 9946
drop 10 9945
drop 10 9955
pick 6 9939
pick 6 9949
pick 6 9958
pick 6 9959
pick 7 9951
pick 10 9963
10
1 31
2 12
3 104
4 4
5 45
6 16
7 7
8 108
9 39
10 50
2
drop 3 9953
pick 8 9969
10
1 41
2 2
3 33
4 101
5 55
6 6
7 17
8 78
9 29
10 40
2
drop 4 9962
pick 4 9952
10
1 51
2 101
3 23
4 4
5 65
6 101
7 27
8 68
9 19
10 30
8
drop 2 9956
drop 6 9939
drop 6 9949
drop 6 9958
drop 6 9959
pick 2 9957
pick 2 9960
pick 6 9964
10
1 61
2 2
3 103
4 14
5 107
6 6
7 37
8 58
9 102
10 20
6
drop 5 9931
drop 9 9926
pick 3 9924
pick 5 9968
pick 9 9967
pick 9 9974
10
1 107
2 12
3 23
4 24
5 65
6 16
7 47
8 48
9 19
10 10
1
drop 1 9948
9
2 22
3 33
4 103
5 75
6 102
7 57
8 38
9 9
10 101
5
drop 4 9952
drop 6 9964
drop 10 9963
pick 4 9938
pick 10 9965
9
2 32
3 43
4 24
5 108
6 16
7 67
8 28
9 101
10 10
6
drop 5 9968
drop 9 9967
drop 9 9974
pick 1 9984
pick 9 9971
pick 9 9981
10
1 61
2 42
3 105
4 34
5 75
6 26
7 77
8 18
9 9
10 20
2
drop 3 9924
pick 3 9975
10
1 71
2 52
3 43
4 104
5 85
6 103
7 108
8 8
9 19
10 30
4
drop 4 9938
drop 7 9951
pick 4 9985
pick 6 9947
9
1 81
2 106
3 53
4 34
5 109
6 26
8 101
9 29
10 40
9
drop 2 9957
drop 2 9960
drop 8 9969
pick 2 9954
pick 5 9973
pick 7 9995
pick 8 9976
pick 8 9977
pick 8 9979
10
1 91
2 52
3 63
4 44
5 85
6 36
7 77
8 8
9 39
10 104
1
drop 10 9965
10
1 110
2 62
3 73
4 54
5 75
6 46
7 67
8 18
9 49
10 40
2
drop 1 9984
pick 1 9980
10
1 91
2 72
3 83
4 64
5 65
6 56
7 57
8 28
9 105
10 30
3
drop 9 9971
drop 9 9981
pick 9 9994
10
1 81
2 108
3 109
4 74
5 55
6 66
7 47
8 38
9 49
10 103
5
drop 2 9954
drop 3 9975
pick 10 9950
pick 10 9970
pick 10 9978
10
1 71
2 72
3 83
4 84
5 45
6 107
7 105
8 48
9 39
10 30
2
drop 6 9947
drop 7 9995
10
1 61
2 62
3 93
4 109
5 35
6 66
7 47
8 58
9 29
10 20
1
drop 4 9985
10
1 51
2 52
3 110
4 84
5 104
6 56
7 57
8 68
9 19
10 10
2
drop 5 9973
pick 3 9998
10
1 41
2 106
3 93
4 74
5 35
6 106
7 106
8 78
9 9
10 101
9
drop 10 9950
drop 10 9970
drop 10 9978
pick 2 9961
pick 2 9997
pick 6 9966
pick 7 9972
pick 10 9982
pick 10 9988
10
1 31
2 52
3 83
4 64
5 25
6 56
7 57
8 88
9 101
10 10
3
drop 9 9994
pick 9 9986
pick 9 9987
10
1 21
2 42
3 73
4 54
5 103
6 46
7 47
8 98
9 9
10 20
1
pick 5 9983
10
1 11
2 32
3 63
4 106
5 25
6 36
7 37
8 110
9 19
10 30
4
drop 8 9976
drop 8 9977
drop 8 9979
pick 4 9992
10
1 1
2 22
3 53
4 54
5 35
6 104
7 27
8 98
9 29
10 40
1
drop 6 9966
10
1 101
2 12
3 106
4 44
5 104
6 36
7 17
8 88
9 39
10 50
5
drop 1 9980
drop 3 9998
drop 5 9983
pick 1 9990
pick 1 9993
10
1 1
2 2
3 53
4 34
5 35
6 26
7 7
8 78
9 49
10 60
0
10
1 11
2 101
3 43
4 24
5 25
6 16
7 101
8 68
9 59
10 106
6
drop 2 9961
drop 2 9997
drop 7 9972
drop 10 9982
drop 10 9988
pick 2 10000
8
1 21
2 2
3 33
4 14
5 15
6 6
8 58
9 69
0
8
1 31
2 12
3 23
4 4
5 5
6 101
8 48
9 79
1
pick 6 9989
8
1 41
2 22
3 13
4 101
5 101
6 6
8 38
9 108
4
drop 4 9992
drop 9 9986
drop 9 9987
pick 5 9999
6
1 51
2 32
3 3
5 5
6 16
8 28
0
6
1 61
2 42
3 101
5 15
6 102
8 103
3
drop 6 9989
pick 3 9996
pick 8 9991
5
1 71
2 105
3 3
5 102
8 28
2
drop 2 10000
drop 5 9999
3
1 81
3 13
8 38
0
3
1 109
3 102
8 48
3
drop 1 9990
drop 1 9993
drop 3 9996
1
8 58
0
1
8 68
0
1
8 78
0
1
8 88
0
1
8 109
1
drop 8 9991
0
